row_id,name,SMILES,doi,model,pred_pce,pce,pred_voc,voc,pred_jsc,jsc,pred_ff,ff
1,4PACz,O=P(O)(O)CCCCn1c2ccccc2c2ccccc21,10.1021/acsami.2c01900,RandomForest,12.352653726190471,16.6,0.8048752678571427,0.86,24.53475554960318,25.8,61.01264486111115,75.0
5,Me-4PACz,Cc1ccc2c(c1)c1ccc(C)cc1n2CCCCP(=O)(O)O,10.1002/smll.202411457,RandomForest,17.47196083333332,19.32,0.8505410714285714,0.916,26.99874798571428,26.85,75.77912961904762,78.54
10,F8-SAM,O=P(O)(O)CCC(F)(F)C(F)(F)C(F)(F)C(F)(F)C(F)(F)C(F)(F)F,10.1021/jp406625e,RandomForest,6.961428242063492,2.61,0.6474397400793651,0.58,17.087799138888894,8.75,56.53551117063495,52.0
13,"4,5-Cl-2PACz",O=P(O)(O)CCn1c2cccc(Cl)c2c2c(Cl)cccc21,10.1002/aenm.202303354,RandomForest,17.280997083333325,18.67,0.8633483869047618,0.842,26.464609134920625,28.69,75.53799884920635,77.17
32,Me-4PACz,Cc1ccc2c(c1)c1ccc(C)cc1n2CCCCP(=O)(O)O,10.1063/5.0215972,RandomForest,17.349036011904765,17.06,0.8514391517857146,0.826,27.204454750000004,27.08,74.83787898809523,76.26
35,Me-4PACz,Cc1ccc2c(c1)c1ccc(C)cc1n2CCCCP(=O)(O)O,10.1002/smll.202411457,RandomForest,17.48841214285713,18.73,0.8489607619047622,0.901,26.925224404761916,26.57,76.09607392857143,78.21
36,Me-4PACz,Cc1ccc2c(c1)c1ccc(C)cc1n2CCCCP(=O)(O)O,10.1002/smll.202411457,RandomForest,16.226339305555538,17.37,0.83101364484127,0.886,26.263379128968246,26.17,73.5832568095238,74.86
37,Me-4PACz,Cc1ccc2c(c1)c1ccc(C)cc1n2CCCCP(=O)(O)O,10.1002/smll.202411457,RandomForest,17.48841214285713,18.04,0.8489607619047622,0.899,26.925224404761916,26.06,76.09607392857143,76.95
38,Me-4PACz,Cc1ccc2c(c1)c1ccc(C)cc1n2CCCCP(=O)(O)O,10.1002/smll.202411457,RandomForest,17.48841214285713,19.32,0.8489607619047622,0.916,26.925224404761916,26.85,76.09607392857143,78.54
39,Me-4PACz,Cc1ccc2c(c1)c1ccc(C)cc1n2CCCCP(=O)(O)O,10.1002/smll.202411457,RandomForest,16.226339305555538,18.01,0.83101364484127,0.892,26.263379128968246,26.57,73.5832568095238,75.91
40,Me-4PACz,Cc1ccc2c(c1)c1ccc(C)cc1n2CCCCP(=O)(O)O,10.1002/smll.202411457,RandomForest,17.462481785714274,20.42,0.8479365952380956,0.907,26.94493291666668,27.23,76.02539869047618,82.6
41,Me-4PACz,Cc1ccc2c(c1)c1ccc(C)cc1n2CCCCP(=O)(O)O,10.1002/smll.202411457,RandomForest,17.462481785714274,20.2,0.8479365952380956,0.911,26.94493291666668,27.07,76.02539869047618,81.93
42,Me-4PACz,Cc1ccc2c(c1)c1ccc(C)cc1n2CCCCP(=O)(O)O,10.1002/smll.202411457,RandomForest,17.506820119047607,18.49,0.8482775952380956,0.859,26.977855416666674,28.13,76.11188785714286,76.48
43,Me-4PACz,Cc1ccc2c(c1)c1ccc(C)cc1n2CCCCP(=O)(O)O,10.1002/smll.202411457,RandomForest,17.467344345238082,17.8,0.8460228333333341,0.866,27.009686845238104,27.04,76.02055970238092,75.97
44,Me-4PACz,Cc1ccc2c(c1)c1ccc(C)cc1n2CCCCP(=O)(O)O,10.1002/smll.202411457,RandomForest,17.48841214285713,18.33,0.8489607619047622,0.891,26.925224404761916,26.64,76.09607392857143,77.21
45,Me-4PACz,Cc1ccc2c(c1)c1ccc(C)cc1n2CCCCP(=O)(O)O,10.1002/smll.202411457,RandomForest,17.48841214285713,18.49,0.8489607619047622,0.898,26.925224404761916,26.51,76.09607392857143,77.67
46,Me-4PACz,Cc1ccc2c(c1)c1ccc(C)cc1n2CCCCP(=O)(O)O,10.1002/smll.202411457,RandomForest,17.48841214285713,18.28,0.8489607619047622,0.897,26.925224404761916,26.53,76.09607392857143,76.82
47,Br-2EPO,O=P(O)(O)CCN1c2ccc(Br)cc2Oc2cc(Br)ccc21,10.1002/adfm.202208793,RandomForest,17.527357725468978,17.21,0.8614505099206352,0.853,26.949570783910534,27.42,75.40558634595963,73.65
58,Me-4PACz,Cc1ccc2c(c1)c1ccc(C)cc1n2CCCCP(=O)(O)O,10.1002/adfm.202406060,RandomForest,17.531301607142854,17.97,0.8452180990259744,0.846,27.139281558441557,27.85,76.09855573593077,76.27
78,JJ37,O=P(O)(O)c1ccc(-n2c3cc(-c4ccccc4)ccc3c3ccc(-c4ccccc4)cc32)cc1,10.1002/adfm.202423178,RandomForest,18.124360952380954,19.7,0.8628264146825398,0.847,27.208241015873014,29.37,76.99486129761901,79.21
80,JJ37,O=P(O)(O)c1ccc(-n2c3cc(-c4ccccc4)ccc3c3ccc(-c4ccccc4)cc32)cc1,10.1002/adfm.202423178,RandomForest,17.957584365079367,17.0,0.8545254523809521,0.848,27.23836103174603,25.85,77.16198710317457,77.57
82,JJ37,O=P(O)(O)c1ccc(-n2c3cc(-c4ccccc4)ccc3c3ccc(-c4ccccc4)cc32)cc1,10.1002/adfm.202423178,RandomForest,18.147160952380954,19.25,0.8630355813492065,0.852,27.211091015873013,28.96,77.060011297619,78.03
84,JJ37,O=P(O)(O)c1ccc(-n2c3cc(-c4ccccc4)ccc3c3ccc(-c4ccccc4)cc32)cc1,10.1002/adfm.202423178,RandomForest,10.396019047619042,6.23,0.8086607738095251,0.728,18.57742514285714,15.93,64.4844902261905,53.75
85,JJ37,O=P(O)(O)c1ccc(-n2c3cc(-c4ccccc4)ccc3c3ccc(-c4ccccc4)cc32)cc1,10.1002/adfm.202423178,RandomForest,18.259980681818185,16.21,0.8659476765873015,0.832,27.33029337518037,28.27,77.12679002056275,68.92
109,BA,O=C(O)c1ccccc1,10.1002/adma.201600197,RandomForest,8.26091861904763,6.1,0.7593231388888885,0.655,16.935959111111096,15.158,62.69253472222227,60.9
124,Me-4PACz,Cc1ccc2c(c1)c1ccc(C)cc1n2CCCCP(=O)(O)O,10.1002/adma.202400342,RandomForest,17.268944995421233,19.38,0.8430881158424907,0.85,26.94113238553115,28.45,75.5497851556777,80.4
125,Me-4PACz,Cc1ccc2c(c1)c1ccc(C)cc1n2CCCCP(=O)(O)O,10.1002/adma.202400342,RandomForest,17.10031195970695,16.97,0.8407528122710627,0.81,26.9611928021978,27.26,74.96358497710622,76.67
126,Me-4PACz,Cc1ccc2c(c1)c1ccc(C)cc1n2CCCCP(=O)(O)O,10.1002/adma.202400342,RandomForest,17.268944995421233,17.38,0.8430881158424907,0.82,26.94113238553115,27.34,75.5497851556777,77.13
136,Me-4PACz,Cc1ccc2c(c1)c1ccc(C)cc1n2CCCCP(=O)(O)O,10.1002/adma.202400342,RandomForest,17.223118626373612,19.06,0.8463054194139198,0.89,26.774742147435912,26.65,75.52901831043961,80.82
137,Me-4PACz,Cc1ccc2c(c1)c1ccc(C)cc1n2CCCCP(=O)(O)O,10.1002/adma.202400342,RandomForest,17.110449995421234,17.21,0.8422396158424913,0.84,26.891577087912097,26.81,75.05363241758246,76.83
143,2PAThCz,O=P(O)(O)CCn1c2cc(-c3ccsc3)ccc2c2ccc(-c3ccsc3)cc21,10.1002/adma.202502485,RandomForest,19.223831948051938,19.52,0.8820969621212119,0.896,27.319365492424243,26.87,79.76110974567102,81.1
144,2PAThCz,O=P(O)(O)CCn1c2cc(-c3ccsc3)ccc2c2ccc(-c3ccsc3)cc21,10.1002/adma.202502485,RandomForest,19.217701119297363,20.27,0.8785245775058272,0.888,27.50014557026306,28.22,79.55289230977361,80.9
168,"4,5-Cl-2PACz",O=P(O)(O)CCn1c2cccc(Cl)c2c2c(Cl)cccc21,10.1002/aenm.202303354,RandomForest,17.503788055555553,18.67,0.8522314503968258,0.842,27.011845773809537,28.69,76.01819700396824,77.17
169,"4,5-Cl-2PACz",O=P(O)(O)CCn1c2cccc(Cl)c2c2c(Cl)cccc21,10.1002/aenm.202303354,RandomForest,17.509514206349206,19.05,0.8603354027777783,0.856,26.700940416666686,28.56,76.20865666666666,77.82
173,Me-4PACz,Cc1ccc2c(c1)c1ccc(C)cc1n2CCCCP(=O)(O)O,10.1002/aenm.202401262,RandomForest,15.457435297619043,15.78,0.8273655119047624,0.839,26.399115642857147,26.17,70.48928005952384,71.94
220,Me-4PACz,Cc1ccc2c(c1)c1ccc(C)cc1n2CCCCP(=O)(O)O,10.1002/ente.202501733,RandomForest,9.940209757326006,6.36,0.8020346396520162,0.81,18.294116135531134,13.06,63.67627521520151,59.76
221,Me-4PACz,Cc1ccc2c(c1)c1ccc(C)cc1n2CCCCP(=O)(O)O,10.1002/ente.202501733,RandomForest,14.056509935897427,8.08,0.8009995563186817,0.68,25.145235087912084,22.32,67.15070229853478,52.89
225,36-Ph-PANI,[*]c1cc2c(cc1)n(c1ccc(P(=O)(O)O)cc1)c1cc(Nc3c(C)cc(C)c(N[*])c3)ccc12,10.1002/marc.202401145,RandomForest,16.054687128010872,15.08,0.8118805237956491,0.812,26.440557326229335,26.94,73.43032882564658,68.95
233,Me-4PACz,Cc1ccc2c(c1)c1ccc(C)cc1n2CCCCP(=O)(O)O,10.1002/smll.202411457,RandomForest,17.290973507326,17.563,0.8518034015567764,0.883,26.875033478388286,26.615,75.22789417948718,74.695
244,2PACz-D2,CCn1c2ccccc2c2ccc3c4ccccc4n(CCP(=O)(O)O)c3c21,10.1007/s10118-025-3512-6,RandomForest,17.856420481601727,16.05,0.8649228605699859,0.841,26.76298950800864,25.79,76.86477630303028,74.0
290,4PACz,O=P(O)(O)CCCCn1c2ccccc2c2ccccc21,10.1016/j.dyepig.2026.113829,RandomForest,13.757144047619045,18.4,0.8251177023809525,0.9,27.41801424603175,26.4,60.16110486111116,77.006
312,DM-BZCz,COc1cc(OC)cc(-c2ccc3c(c2)c2c4ccccc4ccc2n3CCP(=O)(O)O)c1,10.1016/j.mattod.2026.103252,RandomForest,17.46396407647907,19.79,0.8449879976551223,0.86,27.1601888095238,28.82,75.51043053030304,79.58
314,DM-BZCz,COc1cc(OC)cc(-c2ccc3c(c2)c2c4ccccc4ccc2n3CCP(=O)(O)O)c1,10.1016/j.mattod.2026.103252,RandomForest,17.204383461399708,20.54,0.8482498389249635,0.92,26.791328015873006,27.35,75.16715001442999,81.67
315,DM-BZCz,COc1cc(OC)cc(-c2ccc3c(c2)c2c4ccccc4ccc2n3CCP(=O)(O)O)c1,10.1016/j.mattod.2026.103252,RandomForest,17.547173154761893,18.96,0.8464288392857141,0.84,27.33686497619047,28.59,75.72333345238087,78.96
316,DM-BZCz,COc1cc(OC)cc(-c2ccc3c(c2)c2c4ccccc4ccc2n3CCP(=O)(O)O)c1,10.1016/j.mattod.2026.103252,RandomForest,17.286114334415586,19.71,0.8566447992424235,0.9,26.542332000000005,26.7,75.4620706017316,81.65
335,Me-4PACz,Cc1ccc2c(c1)c1ccc(C)cc1n2CCCCP(=O)(O)O,10.1002/smll.202411457,RandomForest,17.48841214285713,18.35,0.8489607619047622,0.905,26.925224404761916,26.6,76.09607392857143,76.16
336,Me-4PACz,Cc1ccc2c(c1)c1ccc(C)cc1n2CCCCP(=O)(O)O,10.1002/smll.202411457,RandomForest,17.48841214285713,18.08,0.8489607619047622,0.897,26.925224404761916,26.16,76.09607392857143,77.0
392,4PACz,O=P(O)(O)CCCCn1c2ccccc2c2ccccc21,10.1021/acsami.2c01900,RandomForest,12.352653726190471,16.3,0.8048752678571427,0.86,24.53475554960318,25.3,61.01264486111115,75.0
395,4PACz,O=P(O)(O)CCCCn1c2ccccc2c2ccccc21,10.1021/acsami.2c01900,RandomForest,12.352653726190471,15.7,0.8048752678571427,0.86,24.53475554960318,24.3,61.01264486111115,75.0
398,4PACz,O=P(O)(O)CCCCn1c2ccccc2c2ccccc21,10.1021/acsami.2c01900,RandomForest,12.352653726190471,16.4,0.8048752678571427,0.87,24.53475554960318,24.8,61.01264486111115,76.0
401,4PACz,O=P(O)(O)CCCCn1c2ccccc2c2ccccc21,10.1021/acsami.2c01900,RandomForest,12.352653726190471,16.3,0.8048752678571427,0.86,24.53475554960318,24.9,61.01264486111115,76.0
406,pPhPADCB,O=P(O)(O)c1ccc(-n2c3cc4ccccc4cc3c3c4ccccc4ccc32)cc1,10.1021/acsami.6c00619,RandomForest,17.315980773809525,17.42,0.858444432539682,0.865,26.59349059523811,27.15,75.69869208333334,74.22
407,pPhPADCB,O=P(O)(O)c1ccc(-n2c3cc4ccccc4cc3c3c4ccccc4ccc32)cc1,10.1021/acsami.6c00619,RandomForest,17.980787591991355,19.28,0.8701845524891779,0.894,26.728067064935075,28.91,77.03569705519477,74.62
408,pPhPADCB,O=P(O)(O)c1ccc(-n2c3cc4ccccc4cc3c3c4ccccc4ccc32)cc1,10.1021/acsami.6c00619,RandomForest,17.862933187229437,19.47,0.8680380584415588,0.913,26.724524648268407,28.05,76.70461135281381,76.0
409,pPhPADCB,O=P(O)(O)c1ccc(-n2c3cc4ccccc4cc3c3c4ccccc4ccc32)cc1,10.1021/acsami.6c00619,RandomForest,17.421666488095237,13.6,0.8581890039682534,0.825,26.76633416666668,26.19,75.73126172619048,62.9
424,Me-4PACz,Cc1ccc2c(c1)c1ccc(C)cc1n2CCCCP(=O)(O)O,10.1021/acsenergylett.4c01564,RandomForest,17.383984816849807,17.72,0.8435629670329675,0.846,27.15844345695971,27.69,75.56942640567767,75.63
428,2-Br-2PACz,O=P(O)(O)CCn1c2ccccc2c2ccc(Br)cc21,10.1021/acsenergylett.5c02585,RandomForest,17.65152952006327,18.98,0.8742887603452103,0.898,26.05306433247865,25.98,77.45435788974913,81.4
433,2-Br-2PACz,O=P(O)(O)CCn1c2ccccc2c2ccc(Br)cc21,10.1021/acsenergylett.5c02585,RandomForest,17.48365850274725,20.05,0.8676560200854699,0.901,26.048147487240566,27.45,77.35417867979243,81.1
441,3-BPIC-F,O=P(O)(O)CCCn1c2ccc(F)cc2c2ccc3c4cc(F)ccc4n(CCCP(=O)(O)O)c3c21,10.1021/acssuschemeng.6c01237,RandomForest,15.826005694444444,17.99,0.8221064722222219,0.854,26.271806865079363,27.53,72.74064698412691,76.51
442,3-BPIC-F,O=P(O)(O)CCCn1c2ccc(F)cc2c2ccc3c4cc(F)ccc4n(CCCP(=O)(O)O)c3c21,10.1021/acssuschemeng.6c01237,RandomForest,15.923285932539681,18.48,0.8208832817460318,0.848,26.36456698412698,27.56,72.98044757936502,79.09
454,3-BPIC-F,O=P(O)(O)CCCn1c2ccc(F)cc2c2ccc3c4cc(F)ccc4n(CCCP(=O)(O)O)c3c21,10.1021/jacs.4c03917,RandomForest,15.79331055555555,19.71,0.8350502603174605,0.872,25.812671669841276,28.12,72.92997765873007,80.43
455,3-BPIC-F,O=P(O)(O)CCCn1c2ccc(F)cc2c2ccc3c4cc(F)ccc4n(CCCP(=O)(O)O)c3c21,10.1021/jacs.4c03917,RandomForest,15.79331055555555,17.25,0.8350502603174605,0.871,25.812671669841276,26.53,72.92997765873007,74.63
456,3-BPIC-F,O=P(O)(O)CCCn1c2ccc(F)cc2c2ccc3c4cc(F)ccc4n(CCCP(=O)(O)O)c3c21,10.1021/jacs.4c03917,RandomForest,15.81098555555555,18.87,0.8349710936507939,0.906,25.827607086507943,25.93,72.97206307539673,80.36
457,3-BPIC-F,O=P(O)(O)CCCn1c2ccc(F)cc2c2ccc3c4cc(F)ccc4n(CCCP(=O)(O)O)c3c21,10.1021/jacs.4c03917,RandomForest,16.334901964285713,18.46,0.8390591785714282,0.861,26.307777896825392,27.0,73.68706795634917,79.43
458,3-BPIC-F,O=P(O)(O)CCCn1c2ccc(F)cc2c2ccc3c4cc(F)ccc4n(CCCP(=O)(O)O)c3c21,10.1021/jacs.4c03917,RandomForest,16.396581626984123,19.24,0.8410538769841274,0.887,26.116406221031742,27.28,74.22493218253962,79.55
459,3-BPIC-F,O=P(O)(O)CCCn1c2ccc(F)cc2c2ccc3c4cc(F)ccc4n(CCCP(=O)(O)O)c3c21,10.1021/jacs.4c03917,RandomForest,15.79331055555555,19.2,0.8350502603174605,0.868,25.812671669841276,27.74,72.92997765873007,79.77
467,m-PhPACz,COc1cccc(-c2ccc3c(c2)c2ccc(-c4cccc(OC)c4)cc2n3CCP(=O)(O)O)c1,10.1021/jacs.5c08124,RandomForest,17.352597321428576,19.09,0.8446229464285715,0.858,26.951752238095242,27.95,75.73099321428563,79.55
477,MeO-4PACz,COc1ccc2c(c1)c1ccc(OC)cc1n2CCCCP(=O)(O)O,10.31635/ccschem.024.202404707,RandomForest,16.461820654761905,14.68,0.8396197827380955,0.724,26.511945714285694,27.95,73.16526982142858,72.55
496,CBZC4,CC(C)(C)c1ccc2c(c1)c1ccc(C(C)(C)C)cc1n2CCCCP(=O)(O)O,10.1039/d4ta09141h,RandomForest,17.175310367965366,16.2,0.8435121269841271,0.85,27.13452583694085,26.8,74.76100982142863,71.2
500,4PACz,O=P(O)(O)CCCCn1c2ccccc2c2ccccc21,10.20517/energymater.2026.25,RandomForest,14.091885476190473,18.28,0.8290728095238096,0.865,27.60366275793652,27.421,61.08533152777783,76.54
502,4PACz,O=P(O)(O)CCCCn1c2ccccc2c2ccccc21,10.20517/energymater.2026.25,RandomForest,14.014000833333327,16.21,0.8281091071428572,0.8641,27.595463353174615,25.8403,60.86564724206355,72.61
505,4PACz,O=P(O)(O)CCCCn1c2ccccc2c2ccccc21,10.20517/energymater.2026.25,RandomForest,14.091885476190473,15.4,0.8290728095238096,0.9394,27.60366275793652,23.8707,61.08533152777783,68.71
508,4PACz,O=P(O)(O)CCCCn1c2ccccc2c2ccccc21,10.20517/energymater.2026.25,RandomForest,14.091885476190473,17.44,0.8290728095238096,0.8818,27.60366275793652,25.2651,61.08533152777783,78.26
513,Me-4PACz,Cc1ccc2c(c1)c1ccc(C)cc1n2CCCCP(=O)(O)O,10.1063/5.0215972,RandomForest,15.385349940476182,17.06,0.8182732837301582,0.826,26.497224242063496,27.08,70.61191843253968,76.26
528,C3-SAM,NCCC(=O)O,10.1088/1674-1056/27/7/078802,RandomForest,6.182254702380951,3.04,0.7155565317460311,0.55,13.325307515873016,9.52,58.72120962301584,56.43
530,FOPA,O=P(O)(O)CC(F)(F)C(F)(F)C(F)(F)C(F)(F)C(F)(F)C(F)(F)F,10.1039/b823148f,RandomForest,6.922057492063496,3.4,0.6470763769841272,0.394,16.82103693650794,13.0,56.73076432539685,51.0
531,BA,O=C(O)c1ccccc1,10.1039/c1ee00005e,RandomForest,4.245509250000001,2.41,0.7113134563492064,0.78,10.29680217460318,5.89,55.19182468253968,53.0
537,CPA,O=P(O)(O)c1ccc(Cl)cc1,10.1039/c1ee00005e,RandomForest,3.484775972222226,2.6,0.7077515357142855,0.75,8.166378992063493,6.29,55.77665626984127,54.0
538,BA,O=C(O)c1ccccc1,10.1039/c1ee00005e,RandomForest,4.363639833333334,1.6,0.7036899047619046,0.61,10.554302988095241,4.34,55.209039523809516,60.0
1,4PACz,O=P(O)(O)CCCCn1c2ccccc2c2ccccc21,10.1021/acsami.2c01900,ExtraTrees,17.13254522538112,16.6,0.8582831813147743,0.86,26.299100030883892,25.8,76.00273154092903,75.0
5,Me-4PACz,Cc1ccc2c(c1)c1ccc(C)cc1n2CCCCP(=O)(O)O,10.1002/smll.202411457,ExtraTrees,17.492554529118024,19.32,0.8475891748036934,0.916,27.210334079735407,26.85,75.46751581359084,78.54
10,F8-SAM,O=P(O)(O)CCC(F)(F)C(F)(F)C(F)(F)C(F)(F)C(F)(F)C(F)(F)F,10.1021/jp406625e,ExtraTrees,5.7071604580578486,2.61,0.6416870397532138,0.58,13.158767855642086,8.75,57.87908033904076,52.0
13,"4,5-Cl-2PACz",O=P(O)(O)CCn1c2cccc(Cl)c2c2c(Cl)cccc21,10.1002/aenm.202303354,ExtraTrees,17.725940645127892,18.67,0.8622843296906023,0.842,26.435773365629647,28.69,77.80125098689403,77.17
32,Me-4PACz,Cc1ccc2c(c1)c1ccc(C)cc1n2CCCCP(=O)(O)O,10.1063/5.0215972,ExtraTrees,16.537100638856504,17.06,0.8419443417184886,0.826,27.352742393427693,27.08,71.79321739059976,76.26
35,Me-4PACz,Cc1ccc2c(c1)c1ccc(C)cc1n2CCCCP(=O)(O)O,10.1002/smll.202411457,ExtraTrees,17.459547063030445,18.73,0.8471480283682707,0.901,27.181423527409496,26.57,75.41137109539324,78.21
36,Me-4PACz,Cc1ccc2c(c1)c1ccc(C)cc1n2CCCCP(=O)(O)O,10.1002/smll.202411457,ExtraTrees,17.231482181636462,17.37,0.841892756982389,0.886,27.100281231052328,26.17,75.03003447168005,74.86
37,Me-4PACz,Cc1ccc2c(c1)c1ccc(C)cc1n2CCCCP(=O)(O)O,10.1002/smll.202411457,ExtraTrees,17.459547063030445,18.04,0.8471480283682707,0.899,27.181423527409496,26.06,75.41137109539324,76.95
38,Me-4PACz,Cc1ccc2c(c1)c1ccc(C)cc1n2CCCCP(=O)(O)O,10.1002/smll.202411457,ExtraTrees,17.459547063030445,19.32,0.8471480283682707,0.916,27.181423527409496,26.85,75.41137109539324,78.54
39,Me-4PACz,Cc1ccc2c(c1)c1ccc(C)cc1n2CCCCP(=O)(O)O,10.1002/smll.202411457,ExtraTrees,17.231482181636462,18.01,0.841892756982389,0.892,27.100281231052328,26.57,75.03003447168005,75.91
40,Me-4PACz,Cc1ccc2c(c1)c1ccc(C)cc1n2CCCCP(=O)(O)O,10.1002/smll.202411457,ExtraTrees,17.400041751076426,20.42,0.8427643349589148,0.907,27.262806312380654,27.23,75.31390669251562,82.6
41,Me-4PACz,Cc1ccc2c(c1)c1ccc(C)cc1n2CCCCP(=O)(O)O,10.1002/smll.202411457,ExtraTrees,17.400041751076426,20.2,0.8427643349589148,0.911,27.262806312380654,27.07,75.31390669251562,81.93
42,Me-4PACz,Cc1ccc2c(c1)c1ccc(C)cc1n2CCCCP(=O)(O)O,10.1002/smll.202411457,ExtraTrees,17.400041751076426,18.49,0.8427643349589148,0.859,27.262806312380654,28.13,75.31390669251562,76.48
43,Me-4PACz,Cc1ccc2c(c1)c1ccc(C)cc1n2CCCCP(=O)(O)O,10.1002/smll.202411457,ExtraTrees,17.404140009914954,17.8,0.842497129029452,0.866,27.28565136840103,27.04,75.2909579223714,75.97
44,Me-4PACz,Cc1ccc2c(c1)c1ccc(C)cc1n2CCCCP(=O)(O)O,10.1002/smll.202411457,ExtraTrees,17.459547063030445,18.33,0.8471480283682707,0.891,27.181423527409496,26.64,75.41137109539324,77.21
45,Me-4PACz,Cc1ccc2c(c1)c1ccc(C)cc1n2CCCCP(=O)(O)O,10.1002/smll.202411457,ExtraTrees,17.459547063030445,18.49,0.8471480283682707,0.898,27.181423527409496,26.51,75.41137109539324,77.67
46,Me-4PACz,Cc1ccc2c(c1)c1ccc(C)cc1n2CCCCP(=O)(O)O,10.1002/smll.202411457,ExtraTrees,17.459547063030445,18.28,0.8471480283682707,0.897,27.181423527409496,26.53,75.41137109539324,76.82
47,Br-2EPO,O=P(O)(O)CCN1c2ccc(Br)cc2Oc2cc(Br)ccc21,10.1002/adfm.202208793,ExtraTrees,17.352205341502124,17.21,0.8589623965870884,0.853,26.689784804038823,27.42,75.44629444697202,73.65
58,Me-4PACz,Cc1ccc2c(c1)c1ccc(C)cc1n2CCCCP(=O)(O)O,10.1002/adfm.202406060,ExtraTrees,17.286336131265546,17.97,0.8434688932658366,0.846,27.233555570561517,27.85,74.92553643772051,76.27
78,JJ37,O=P(O)(O)c1ccc(-n2c3cc(-c4ccccc4)ccc3c3ccc(-c4ccccc4)cc32)cc1,10.1002/adfm.202423178,ExtraTrees,17.47840941583831,19.7,0.8606273465678553,0.847,26.50878918848372,29.37,75.50455043133096,79.21
80,JJ37,O=P(O)(O)c1ccc(-n2c3cc(-c4ccccc4)ccc3c3ccc(-c4ccccc4)cc32)cc1,10.1002/adfm.202423178,ExtraTrees,17.346878568444104,17.0,0.8503490360765005,0.848,26.53897794004562,25.85,76.12563487367541,77.57
82,JJ37,O=P(O)(O)c1ccc(-n2c3cc(-c4ccccc4)ccc3c3ccc(-c4ccccc4)cc32)cc1,10.1002/adfm.202423178,ExtraTrees,17.47840941583831,19.25,0.8606273465678553,0.852,26.50878918848372,28.96,75.50455043133096,78.03
84,JJ37,O=P(O)(O)c1ccc(-n2c3cc(-c4ccccc4)ccc3c3ccc(-c4ccccc4)cc32)cc1,10.1002/adfm.202423178,ExtraTrees,10.402230936780098,6.23,0.8101554488830505,0.728,18.62782582808537,15.93,64.11915165029262,53.75
85,JJ37,O=P(O)(O)c1ccc(-n2c3cc(-c4ccccc4)ccc3c3ccc(-c4ccccc4)cc32)cc1,10.1002/adfm.202423178,ExtraTrees,17.46369968669178,16.21,0.8597898629143953,0.832,26.66835387885229,28.27,75.17246827421233,68.92
109,BA,O=C(O)c1ccccc1,10.1002/adma.201600197,ExtraTrees,7.934857777777753,6.1,0.7573767777777817,0.655,16.17656406349206,15.158,63.89245968253985,60.9
124,Me-4PACz,Cc1ccc2c(c1)c1ccc(C)cc1n2CCCCP(=O)(O)O,10.1002/adma.202400342,ExtraTrees,17.30489597983258,19.38,0.8426346455710575,0.85,27.000125111455038,28.45,75.77265799920707,80.4
125,Me-4PACz,Cc1ccc2c(c1)c1ccc(C)cc1n2CCCCP(=O)(O)O,10.1002/adma.202400342,ExtraTrees,17.13652247042926,16.97,0.8417486497140997,0.81,27.186537918968316,27.26,74.47801805988276,76.67
126,Me-4PACz,Cc1ccc2c(c1)c1ccc(C)cc1n2CCCCP(=O)(O)O,10.1002/adma.202400342,ExtraTrees,17.30489597983258,17.38,0.8426346455710575,0.82,27.000125111455038,27.34,75.77265799920707,77.13
136,Me-4PACz,Cc1ccc2c(c1)c1ccc(C)cc1n2CCCCP(=O)(O)O,10.1002/adma.202400342,ExtraTrees,17.197703908267098,19.06,0.8456052137077219,0.89,26.76204661730777,26.65,75.7283219459149,80.82
137,Me-4PACz,Cc1ccc2c(c1)c1ccc(C)cc1n2CCCCP(=O)(O)O,10.1002/adma.202400342,ExtraTrees,17.13139225397904,17.21,0.8419899787184286,0.84,27.171430905981303,26.81,74.47651715079186,76.83
143,2PAThCz,O=P(O)(O)CCn1c2cc(-c3ccsc3)ccc2c2ccc(-c3ccsc3)cc21,10.1002/adma.202502485,ExtraTrees,19.600655414322777,19.52,0.8863074389963297,0.896,27.665723739701164,26.87,79.94407807052376,81.1
144,2PAThCz,O=P(O)(O)CCn1c2cc(-c3ccsc3)ccc2c2ccc(-c3ccsc3)cc21,10.1002/adma.202502485,ExtraTrees,19.586489950157315,20.27,0.8860928941831183,0.888,27.662908619130373,28.22,79.9084684024141,80.9
168,"4,5-Cl-2PACz",O=P(O)(O)CCn1c2cccc(Cl)c2c2c(Cl)cccc21,10.1002/aenm.202303354,ExtraTrees,17.726561863568847,18.67,0.8618316278505962,0.842,26.898188491518162,28.69,76.39382094851351,77.17
169,"4,5-Cl-2PACz",O=P(O)(O)CCn1c2cccc(Cl)c2c2c(Cl)cccc21,10.1002/aenm.202303354,ExtraTrees,17.60774711336214,19.05,0.8642794823947312,0.856,26.728404344174553,28.56,76.13139931663238,77.82
173,Me-4PACz,Cc1ccc2c(c1)c1ccc(C)cc1n2CCCCP(=O)(O)O,10.1002/aenm.202401262,ExtraTrees,15.8244809879343,15.78,0.8406648564328695,0.839,26.815813186468883,26.17,70.18496843866494,71.94
220,Me-4PACz,Cc1ccc2c(c1)c1ccc(C)cc1n2CCCCP(=O)(O)O,10.1002/ente.202501733,ExtraTrees,8.006467543698797,6.36,0.7912255267950972,0.81,16.115409808883207,13.06,60.46513769987186,59.76
221,Me-4PACz,Cc1ccc2c(c1)c1ccc(C)cc1n2CCCCP(=O)(O)O,10.1002/ente.202501733,ExtraTrees,17.021366226921504,8.08,0.8407718515513981,0.68,27.093335234246318,22.32,74.2262148706358,52.89
225,36-Ph-PANI,[*]c1cc2c(cc1)n(c1ccc(P(=O)(O)O)cc1)c1cc(Nc3c(C)cc(C)c(N[*])c3)ccc12,10.1002/marc.202401145,ExtraTrees,15.596157218058382,15.08,0.8085729709304104,0.812,25.989471610606042,26.94,72.32031280650519,68.95
233,Me-4PACz,Cc1ccc2c(c1)c1ccc(C)cc1n2CCCCP(=O)(O)O,10.1002/smll.202411457,ExtraTrees,17.373191183035114,17.563,0.8484695224694007,0.883,27.128724663698996,26.615,75.09811329857925,74.695
244,2PACz-D2,CCn1c2ccccc2c2ccc3c4ccccc4n(CCP(=O)(O)O)c3c21,10.1007/s10118-025-3512-6,ExtraTrees,18.780467347229518,16.05,0.8802800964464158,0.841,27.084408554222907,25.79,78.71439420974122,74.0
290,4PACz,O=P(O)(O)CCCCn1c2ccccc2c2ccccc21,10.1016/j.dyepig.2026.113829,ExtraTrees,17.666907533145107,18.4,0.8623838413360909,0.9,27.165994899734205,26.4,75.32715527759099,77.006
312,DM-BZCz,COc1cc(OC)cc(-c2ccc3c(c2)c2c4ccccc4ccc2n3CCP(=O)(O)O)c1,10.1016/j.mattod.2026.103252,ExtraTrees,15.558816112564452,19.79,0.8222855632795003,0.86,25.94862790784793,28.82,71.63749694315172,79.58
314,DM-BZCz,COc1cc(OC)cc(-c2ccc3c(c2)c2c4ccccc4ccc2n3CCP(=O)(O)O)c1,10.1016/j.mattod.2026.103252,ExtraTrees,15.518365482137735,20.54,0.822827007340554,0.92,25.892833610954057,27.35,71.57504676033966,81.67
315,DM-BZCz,COc1cc(OC)cc(-c2ccc3c(c2)c2c4ccccc4ccc2n3CCP(=O)(O)O)c1,10.1016/j.mattod.2026.103252,ExtraTrees,17.35808016686578,18.96,0.8413393398915189,0.84,27.38456592101808,28.59,75.14190369771184,78.96
316,DM-BZCz,COc1cc(OC)cc(-c2ccc3c(c2)c2c4ccccc4ccc2n3CCP(=O)(O)O)c1,10.1016/j.mattod.2026.103252,ExtraTrees,15.59379088612815,19.71,0.8250163249376505,0.9,25.880726821337333,26.7,71.7385897717959,81.65
335,Me-4PACz,Cc1ccc2c(c1)c1ccc(C)cc1n2CCCCP(=O)(O)O,10.1002/smll.202411457,ExtraTrees,17.459547063030445,18.35,0.8471480283682707,0.905,27.181423527409496,26.6,75.41137109539324,76.16
336,Me-4PACz,Cc1ccc2c(c1)c1ccc(C)cc1n2CCCCP(=O)(O)O,10.1002/smll.202411457,ExtraTrees,17.459547063030445,18.08,0.8471480283682707,0.897,27.181423527409496,26.16,75.41137109539324,77.0
392,4PACz,O=P(O)(O)CCCCn1c2ccccc2c2ccccc21,10.1021/acsami.2c01900,ExtraTrees,17.13254522538112,16.3,0.8582831813147743,0.86,26.299100030883892,25.3,76.00273154092903,75.0
395,4PACz,O=P(O)(O)CCCCn1c2ccccc2c2ccccc21,10.1021/acsami.2c01900,ExtraTrees,17.13254522538112,15.7,0.8582831813147743,0.86,26.299100030883892,24.3,76.00273154092903,75.0
398,4PACz,O=P(O)(O)CCCCn1c2ccccc2c2ccccc21,10.1021/acsami.2c01900,ExtraTrees,17.157477515021313,16.4,0.8585634508797955,0.87,26.292414874197206,24.8,76.1186014351952,76.0
401,4PACz,O=P(O)(O)CCCCn1c2ccccc2c2ccccc21,10.1021/acsami.2c01900,ExtraTrees,17.157477515021313,16.3,0.8585634508797955,0.86,26.292414874197206,24.9,76.1186014351952,76.0
406,pPhPADCB,O=P(O)(O)c1ccc(-n2c3cc4ccccc4cc3c3c4ccccc4ccc32)cc1,10.1021/acsami.6c00619,ExtraTrees,17.162272060741287,17.42,0.850743402768278,0.865,26.691352796342407,27.15,74.96231873968385,74.22
407,pPhPADCB,O=P(O)(O)c1ccc(-n2c3cc4ccccc4cc3c3c4ccccc4ccc32)cc1,10.1021/acsami.6c00619,ExtraTrees,17.926563180417627,19.28,0.8641587450905526,0.894,26.77533604765321,28.91,76.69180881340321,74.62
408,pPhPADCB,O=P(O)(O)c1ccc(-n2c3cc4ccccc4cc3c3c4ccccc4ccc32)cc1,10.1021/acsami.6c00619,ExtraTrees,17.87784172723391,19.47,0.8610199107723266,0.913,26.847564513909617,28.05,76.5814209985727,76.0
409,pPhPADCB,O=P(O)(O)c1ccc(-n2c3cc4ccccc4cc3c3c4ccccc4ccc32)cc1,10.1021/acsami.6c00619,ExtraTrees,17.190446598556417,13.6,0.8507071002472695,0.825,26.71777330054409,26.19,75.02532714304519,62.9
424,Me-4PACz,Cc1ccc2c(c1)c1ccc(C)cc1n2CCCCP(=O)(O)O,10.1021/acsenergylett.4c01564,ExtraTrees,17.20585249121373,17.72,0.8422367634760407,0.846,27.19778392846162,27.69,74.73438202151699,75.63
428,2-Br-2PACz,O=P(O)(O)CCn1c2ccccc2c2ccc(Br)cc21,10.1021/acsenergylett.5c02585,ExtraTrees,17.827432738758084,18.98,0.8727729355100353,0.898,26.497840845058256,25.98,76.98436597910658,81.4
433,2-Br-2PACz,O=P(O)(O)CCn1c2ccccc2c2ccc(Br)cc21,10.1021/acsenergylett.5c02585,ExtraTrees,17.511853824778456,20.05,0.8627275274453292,0.901,26.604098375408697,27.45,76.10214621507706,81.1
441,3-BPIC-F,O=P(O)(O)CCCn1c2ccc(F)cc2c2ccc3c4cc(F)ccc4n(CCCP(=O)(O)O)c3c21,10.1021/acssuschemeng.6c01237,ExtraTrees,15.68187298842768,17.99,0.8088801864090881,0.854,26.930902404669396,27.53,71.28736434683732,76.51
442,3-BPIC-F,O=P(O)(O)CCCn1c2ccc(F)cc2c2ccc3c4cc(F)ccc4n(CCCP(=O)(O)O)c3c21,10.1021/acssuschemeng.6c01237,ExtraTrees,15.683233192509313,18.48,0.8088656966131694,0.848,26.921683697186396,27.56,71.31640380261963,79.09
454,3-BPIC-F,O=P(O)(O)CCCn1c2ccc(F)cc2c2ccc3c4cc(F)ccc4n(CCCP(=O)(O)O)c3c21,10.1021/jacs.4c03917,ExtraTrees,15.506951228826852,19.71,0.8051050187647585,0.872,26.825148408974776,28.12,71.10518843674078,80.43
455,3-BPIC-F,O=P(O)(O)CCCn1c2ccc(F)cc2c2ccc3c4cc(F)ccc4n(CCCP(=O)(O)O)c3c21,10.1021/jacs.4c03917,ExtraTrees,15.506951228826852,17.25,0.8051050187647585,0.871,26.825148408974776,26.53,71.10518843674078,74.63
456,3-BPIC-F,O=P(O)(O)CCCn1c2ccc(F)cc2c2ccc3c4cc(F)ccc4n(CCCP(=O)(O)O)c3c21,10.1021/jacs.4c03917,ExtraTrees,15.506951228826852,18.87,0.8051050187647585,0.906,26.825148408974776,25.93,71.10518843674078,80.36
457,3-BPIC-F,O=P(O)(O)CCCn1c2ccc(F)cc2c2ccc3c4cc(F)ccc4n(CCCP(=O)(O)O)c3c21,10.1021/jacs.4c03917,ExtraTrees,15.535399241645406,18.46,0.832843609556643,0.861,27.240587867741954,27.0,68.32315653553736,79.43
458,3-BPIC-F,O=P(O)(O)CCCn1c2ccc(F)cc2c2ccc3c4cc(F)ccc4n(CCCP(=O)(O)O)c3c21,10.1021/jacs.4c03917,ExtraTrees,15.655657629356167,19.24,0.8089356506186177,0.887,26.84570545341938,27.28,71.37036695134606,79.55
459,3-BPIC-F,O=P(O)(O)CCCn1c2ccc(F)cc2c2ccc3c4cc(F)ccc4n(CCCP(=O)(O)O)c3c21,10.1021/jacs.4c03917,ExtraTrees,15.506951228826852,19.2,0.8051050187647585,0.868,26.825148408974776,27.74,71.10518843674078,79.77
467,m-PhPACz,COc1cccc(-c2ccc3c(c2)c2ccc(-c4cccc(OC)c4)cc2n3CCP(=O)(O)O)c1,10.1021/jacs.5c08124,ExtraTrees,17.490602150992757,19.09,0.841920562113742,0.858,27.298114873399054,27.95,75.87634845961658,79.55
477,MeO-4PACz,COc1ccc2c(c1)c1ccc(OC)cc1n2CCCCP(=O)(O)O,10.31635/ccschem.024.202404707,ExtraTrees,17.315603557379475,14.68,0.8389963285344574,0.724,27.35946518621711,27.95,75.10482135078384,72.55
496,CBZC4,CC(C)(C)c1ccc2c(c1)c1ccc(C(C)(C)C)cc1n2CCCCP(=O)(O)O,10.1039/d4ta09141h,ExtraTrees,16.030466376209304,16.2,0.8087188895519054,0.85,26.969711958735903,26.8,72.61452120371196,71.2
500,4PACz,O=P(O)(O)CCCCn1c2ccccc2c2ccccc21,10.20517/energymater.2026.25,ExtraTrees,17.4074464450617,18.28,0.8549546151248903,0.865,27.21373624222945,27.421,74.67290327070451,76.54
502,4PACz,O=P(O)(O)CCCCn1c2ccccc2c2ccccc21,10.20517/energymater.2026.25,ExtraTrees,16.009695366828744,16.21,0.845979822153499,0.8641,26.678202749248157,25.8403,70.97724562737264,72.61
505,4PACz,O=P(O)(O)CCCCn1c2ccccc2c2ccccc21,10.20517/energymater.2026.25,ExtraTrees,17.362277311195506,15.4,0.8560096927391152,0.9394,27.149708817928527,23.8707,74.55706298943724,68.71
508,4PACz,O=P(O)(O)CCCCn1c2ccccc2c2ccccc21,10.20517/energymater.2026.25,ExtraTrees,17.695156115652622,17.44,0.8635070730313019,0.8818,27.12549669322913,25.2651,75.42236119049484,78.26
513,Me-4PACz,Cc1ccc2c(c1)c1ccc(C)cc1n2CCCCP(=O)(O)O,10.1063/5.0215972,ExtraTrees,15.916376549285443,17.06,0.8403009300415978,0.826,26.874359163697633,27.08,70.5058309450006,76.26
528,C3-SAM,NCCC(=O)O,10.1088/1674-1056/27/7/078802,ExtraTrees,5.7096126002886,3.04,0.67694892929293,0.55,12.18335925396824,9.52,56.83745414141408,56.43
530,FOPA,O=P(O)(O)CC(F)(F)C(F)(F)C(F)(F)C(F)(F)C(F)(F)C(F)(F)F,10.1039/b823148f,ExtraTrees,7.540272725195469,3.4,0.6674143732173685,0.394,15.326357717123841,13.0,61.664150001085055,51.0
531,BA,O=C(O)c1ccccc1,10.1039/c1ee00005e,ExtraTrees,2.714973714285713,2.41,0.6733441428571445,0.78,7.103204761904761,5.89,53.82749666666659,53.0
537,CPA,O=P(O)(O)c1ccc(Cl)cc1,10.1039/c1ee00005e,ExtraTrees,2.614785904761896,2.6,0.7009002857142844,0.75,6.63970257142857,6.29,54.545150476190344,54.0
538,BA,O=C(O)c1ccccc1,10.1039/c1ee00005e,ExtraTrees,2.748753238095237,1.6,0.6700929047619063,0.61,7.232089523809523,4.34,53.866515714285626,60.0
1,4PACz,O=P(O)(O)CCCCn1c2ccccc2c2ccccc21,10.1021/acsami.2c01900,HistGB,15.321024109498483,16.6,0.8436917592121156,0.86,27.016775701689472,25.8,65.06947019917517,75.0
5,Me-4PACz,Cc1ccc2c(c1)c1ccc(C)cc1n2CCCCP(=O)(O)O,10.1002/smll.202411457,HistGB,15.190977871972295,19.32,0.8054240495847627,0.916,27.04066843171492,26.85,72.31712965661795,78.54
10,F8-SAM,O=P(O)(O)CCC(F)(F)C(F)(F)C(F)(F)C(F)(F)C(F)(F)C(F)(F)F,10.1021/jp406625e,HistGB,5.828913201456813,2.61,0.6046367015552515,0.58,14.5505146670336,8.75,56.778065145794855,52.0
13,"4,5-Cl-2PACz",O=P(O)(O)CCn1c2cccc(Cl)c2c2c(Cl)cccc21,10.1002/aenm.202303354,HistGB,16.867192392610676,18.67,0.8733861173324475,0.842,26.793517306592623,28.69,76.9761483143279,77.17
32,Me-4PACz,Cc1ccc2c(c1)c1ccc(C)cc1n2CCCCP(=O)(O)O,10.1063/5.0215972,HistGB,15.121431785449508,17.06,0.7861444016470737,0.826,28.175869618323595,27.08,72.37576112604101,76.26
35,Me-4PACz,Cc1ccc2c(c1)c1ccc(C)cc1n2CCCCP(=O)(O)O,10.1002/smll.202411457,HistGB,14.484229467318467,18.73,0.8012854969612767,0.901,26.146941380529512,26.57,71.43946992117583,78.21
36,Me-4PACz,Cc1ccc2c(c1)c1ccc(C)cc1n2CCCCP(=O)(O)O,10.1002/smll.202411457,HistGB,15.006488604697719,17.37,0.8061763632815634,0.886,26.344739789745617,26.17,71.04552498013395,74.86
37,Me-4PACz,Cc1ccc2c(c1)c1ccc(C)cc1n2CCCCP(=O)(O)O,10.1002/smll.202411457,HistGB,14.484229467318467,18.04,0.8012854969612767,0.899,26.146941380529512,26.06,71.43946992117583,76.95
38,Me-4PACz,Cc1ccc2c(c1)c1ccc(C)cc1n2CCCCP(=O)(O)O,10.1002/smll.202411457,HistGB,14.484229467318467,19.32,0.8012854969612767,0.916,26.146941380529512,26.85,71.43946992117583,78.54
39,Me-4PACz,Cc1ccc2c(c1)c1ccc(C)cc1n2CCCCP(=O)(O)O,10.1002/smll.202411457,HistGB,15.006488604697719,18.01,0.8061763632815634,0.892,26.344739789745617,26.57,71.04552498013395,75.91
40,Me-4PACz,Cc1ccc2c(c1)c1ccc(C)cc1n2CCCCP(=O)(O)O,10.1002/smll.202411457,HistGB,14.35467763651221,20.42,0.7901407238029351,0.907,26.205849856785342,27.23,70.12774539697462,82.6
41,Me-4PACz,Cc1ccc2c(c1)c1ccc(C)cc1n2CCCCP(=O)(O)O,10.1002/smll.202411457,HistGB,14.35467763651221,20.2,0.7901407238029351,0.911,26.205849856785342,27.07,70.12774539697462,81.93
42,Me-4PACz,Cc1ccc2c(c1)c1ccc(C)cc1n2CCCCP(=O)(O)O,10.1002/smll.202411457,HistGB,14.35467763651221,18.49,0.7901407238029351,0.859,26.205849856785342,28.13,70.12774539697462,76.48
43,Me-4PACz,Cc1ccc2c(c1)c1ccc(C)cc1n2CCCCP(=O)(O)O,10.1002/smll.202411457,HistGB,14.419260408712718,17.8,0.7849431688251344,0.866,26.392938992494766,27.04,70.43725328119656,75.97
44,Me-4PACz,Cc1ccc2c(c1)c1ccc(C)cc1n2CCCCP(=O)(O)O,10.1002/smll.202411457,HistGB,14.484229467318467,18.33,0.8012854969612767,0.891,26.146941380529512,26.64,71.43946992117583,77.21
45,Me-4PACz,Cc1ccc2c(c1)c1ccc(C)cc1n2CCCCP(=O)(O)O,10.1002/smll.202411457,HistGB,14.484229467318467,18.49,0.8012854969612767,0.898,26.146941380529512,26.51,71.43946992117583,77.67
46,Me-4PACz,Cc1ccc2c(c1)c1ccc(C)cc1n2CCCCP(=O)(O)O,10.1002/smll.202411457,HistGB,14.484229467318467,18.28,0.8012854969612767,0.897,26.146941380529512,26.53,71.43946992117583,76.82
47,Br-2EPO,O=P(O)(O)CCN1c2ccc(Br)cc2Oc2cc(Br)ccc21,10.1002/adfm.202208793,HistGB,16.832965527109003,17.21,0.8409949335837884,0.853,27.628958426142784,27.42,72.8006107916616,73.65
58,Me-4PACz,Cc1ccc2c(c1)c1ccc(C)cc1n2CCCCP(=O)(O)O,10.1002/adfm.202406060,HistGB,15.706720488435119,17.97,0.7870223791558477,0.846,28.120206133291024,27.85,74.33977503636511,76.27
78,JJ37,O=P(O)(O)c1ccc(-n2c3cc(-c4ccccc4)ccc3c3ccc(-c4ccccc4)cc32)cc1,10.1002/adfm.202423178,HistGB,19.20490853035262,19.7,0.8779559606225407,0.847,28.500432823878818,29.37,76.64851437244661,79.21
80,JJ37,O=P(O)(O)c1ccc(-n2c3cc(-c4ccccc4)ccc3c3ccc(-c4ccccc4)cc32)cc1,10.1002/adfm.202423178,HistGB,18.946679476512724,17.0,0.8635559889414371,0.848,28.73575550703937,25.85,76.42501431591833,77.57
82,JJ37,O=P(O)(O)c1ccc(-n2c3cc(-c4ccccc4)ccc3c3ccc(-c4ccccc4)cc32)cc1,10.1002/adfm.202423178,HistGB,19.20490853035262,19.25,0.8779559606225407,0.852,28.500432823878818,28.96,76.64851437244661,78.03
84,JJ37,O=P(O)(O)c1ccc(-n2c3cc(-c4ccccc4)ccc3c3ccc(-c4ccccc4)cc32)cc1,10.1002/adfm.202423178,HistGB,19.20490853035262,6.23,0.8779559606225407,0.728,28.500432823878818,15.93,76.64851437244661,53.75
85,JJ37,O=P(O)(O)c1ccc(-n2c3cc(-c4ccccc4)ccc3c3ccc(-c4ccccc4)cc32)cc1,10.1002/adfm.202423178,HistGB,19.304409648115865,16.21,0.885374089351781,0.832,28.626570842942247,28.27,76.83924391069326,68.92
109,BA,O=C(O)c1ccccc1,10.1002/adma.201600197,HistGB,8.018542329681294,6.1,0.771933531979091,0.655,17.695667130041553,15.158,62.02867872774128,60.9
124,Me-4PACz,Cc1ccc2c(c1)c1ccc(C)cc1n2CCCCP(=O)(O)O,10.1002/adma.202400342,HistGB,14.64375003978722,19.38,0.7872736962628251,0.85,26.793703493313537,28.45,70.18740176708155,80.4
125,Me-4PACz,Cc1ccc2c(c1)c1ccc(C)cc1n2CCCCP(=O)(O)O,10.1002/adma.202400342,HistGB,13.919235928387847,16.97,0.7311061143976841,0.81,26.280253585001972,27.26,68.62878645842666,76.67
126,Me-4PACz,Cc1ccc2c(c1)c1ccc(C)cc1n2CCCCP(=O)(O)O,10.1002/adma.202400342,HistGB,14.64375003978722,17.38,0.7872736962628251,0.82,26.793703493313537,27.34,70.18740176708155,77.13
136,Me-4PACz,Cc1ccc2c(c1)c1ccc(C)cc1n2CCCCP(=O)(O)O,10.1002/adma.202400342,HistGB,14.64375003978722,19.06,0.7872736962628251,0.89,26.793703493313537,26.65,70.18740176708155,80.82
137,Me-4PACz,Cc1ccc2c(c1)c1ccc(C)cc1n2CCCCP(=O)(O)O,10.1002/adma.202400342,HistGB,13.919235928387847,17.21,0.7311061143976841,0.84,26.280253585001972,26.81,68.62878645842666,76.83
143,2PAThCz,O=P(O)(O)CCn1c2cc(-c3ccsc3)ccc2c2ccc(-c3ccsc3)cc21,10.1002/adma.202502485,HistGB,19.969771207723745,19.52,0.891597099835217,0.896,27.220377432472027,26.87,81.54244585916445,81.1
144,2PAThCz,O=P(O)(O)CCn1c2cc(-c3ccsc3)ccc2c2ccc(-c3ccsc3)cc21,10.1002/adma.202502485,HistGB,19.969771207723745,20.27,0.891597099835217,0.888,27.220377432472027,28.22,81.54244585916445,80.9
168,"4,5-Cl-2PACz",O=P(O)(O)CCn1c2cccc(Cl)c2c2c(Cl)cccc21,10.1002/aenm.202303354,HistGB,16.919897616190138,18.67,0.8631100358416065,0.842,26.87426540486315,28.69,77.41766005128262,77.17
169,"4,5-Cl-2PACz",O=P(O)(O)CCn1c2cccc(Cl)c2c2c(Cl)cccc21,10.1002/aenm.202303354,HistGB,16.81605155053309,19.05,0.8730386385413481,0.856,26.63531020647533,28.56,76.95302480749478,77.82
173,Me-4PACz,Cc1ccc2c(c1)c1ccc(C)cc1n2CCCCP(=O)(O)O,10.1002/aenm.202401262,HistGB,15.319105951025579,15.78,0.7853658499325293,0.839,26.845399746153557,26.17,72.20374441957199,71.94
220,Me-4PACz,Cc1ccc2c(c1)c1ccc(C)cc1n2CCCCP(=O)(O)O,10.1002/ente.202501733,HistGB,13.22368328282913,6.36,0.7785556365852693,0.81,25.026226969332324,13.06,66.42876475868876,59.76
221,Me-4PACz,Cc1ccc2c(c1)c1ccc(C)cc1n2CCCCP(=O)(O)O,10.1002/ente.202501733,HistGB,13.22368328282913,8.08,0.7785556365852693,0.68,25.026226969332324,22.32,66.42876475868876,52.89
225,36-Ph-PANI,[*]c1cc2c(cc1)n(c1ccc(P(=O)(O)O)cc1)c1cc(Nc3c(C)cc(C)c(N[*])c3)ccc12,10.1002/marc.202401145,HistGB,16.26173586541335,15.08,0.7284446147986355,0.812,26.9434336627776,26.94,71.55463140886145,68.95
233,Me-4PACz,Cc1ccc2c(c1)c1ccc(C)cc1n2CCCCP(=O)(O)O,10.1002/smll.202411457,HistGB,15.16524989192903,17.563,0.8054240495847627,0.883,27.082577698560232,26.615,72.31712965661795,74.695
244,2PACz-D2,CCn1c2ccccc2c2ccc3c4ccccc4n(CCP(=O)(O)O)c3c21,10.1007/s10118-025-3512-6,HistGB,18.16732447951009,16.05,0.8486293407421812,0.841,27.15518979058113,25.79,77.98115688163834,74.0
290,4PACz,O=P(O)(O)CCCCn1c2ccccc2c2ccccc21,10.1016/j.dyepig.2026.113829,HistGB,15.728017531430545,18.4,0.869568602462804,0.9,27.733162472823608,26.4,62.97795159246181,77.006
312,DM-BZCz,COc1cc(OC)cc(-c2ccc3c(c2)c2c4ccccc4ccc2n3CCP(=O)(O)O)c1,10.1016/j.mattod.2026.103252,HistGB,18.36553203892701,19.79,0.823529471421246,0.86,28.35435464891901,28.82,73.95865799679851,79.58
314,DM-BZCz,COc1cc(OC)cc(-c2ccc3c(c2)c2c4ccccc4ccc2n3CCP(=O)(O)O)c1,10.1016/j.mattod.2026.103252,HistGB,17.712209896254077,20.54,0.8354203501760676,0.92,26.90745796143286,27.35,72.88488718044353,81.67
315,DM-BZCz,COc1cc(OC)cc(-c2ccc3c(c2)c2c4ccccc4ccc2n3CCP(=O)(O)O)c1,10.1016/j.mattod.2026.103252,HistGB,17.557980755085193,18.96,0.8227098890251944,0.84,27.4923214617168,28.59,72.61404387355013,78.96
316,DM-BZCz,COc1cc(OC)cc(-c2ccc3c(c2)c2c4ccccc4ccc2n3CCP(=O)(O)O)c1,10.1016/j.mattod.2026.103252,HistGB,18.283481799786465,19.71,0.8582157038193898,0.9,26.79847925879095,26.7,74.46604765874967,81.65
335,Me-4PACz,Cc1ccc2c(c1)c1ccc(C)cc1n2CCCCP(=O)(O)O,10.1002/smll.202411457,HistGB,14.484229467318467,18.35,0.8012854969612767,0.905,26.146941380529512,26.6,71.43946992117583,76.16
336,Me-4PACz,Cc1ccc2c(c1)c1ccc(C)cc1n2CCCCP(=O)(O)O,10.1002/smll.202411457,HistGB,14.484229467318467,18.08,0.8012854969612767,0.897,26.146941380529512,26.16,71.43946992117583,77.0
392,4PACz,O=P(O)(O)CCCCn1c2ccccc2c2ccccc21,10.1021/acsami.2c01900,HistGB,15.321024109498483,16.3,0.8436917592121156,0.86,27.016775701689472,25.3,65.06947019917517,75.0
395,4PACz,O=P(O)(O)CCCCn1c2ccccc2c2ccccc21,10.1021/acsami.2c01900,HistGB,15.321024109498483,15.7,0.8436917592121156,0.86,27.016775701689472,24.3,65.06947019917517,75.0
398,4PACz,O=P(O)(O)CCCCn1c2ccccc2c2ccccc21,10.1021/acsami.2c01900,HistGB,15.137223427036245,16.4,0.85063778922044,0.87,26.795287468043195,24.8,64.965267855338,76.0
401,4PACz,O=P(O)(O)CCCCn1c2ccccc2c2ccccc21,10.1021/acsami.2c01900,HistGB,15.137223427036245,16.3,0.85063778922044,0.86,26.795287468043195,24.9,64.965267855338,76.0
406,pPhPADCB,O=P(O)(O)c1ccc(-n2c3cc4ccccc4cc3c3c4ccccc4ccc32)cc1,10.1021/acsami.6c00619,HistGB,18.427357270261314,17.42,0.8611973029420015,0.865,28.376307669789252,27.15,73.99161442963658,74.22
407,pPhPADCB,O=P(O)(O)c1ccc(-n2c3cc4ccccc4cc3c3c4ccccc4ccc32)cc1,10.1021/acsami.6c00619,HistGB,18.611859254515494,19.28,0.8870385853610718,0.894,28.259201841569077,28.91,76.51052571797982,74.62
408,pPhPADCB,O=P(O)(O)c1ccc(-n2c3cc4ccccc4cc3c3c4ccccc4ccc32)cc1,10.1021/acsami.6c00619,HistGB,18.496960495403904,19.47,0.87827217663973,0.913,28.259201841569077,28.05,75.12285112946567,76.0
409,pPhPADCB,O=P(O)(O)c1ccc(-n2c3cc4ccccc4cc3c3c4ccccc4ccc32)cc1,10.1021/acsami.6c00619,HistGB,18.552886889601385,13.6,0.8611973029420015,0.825,28.62314779957059,26.19,73.99161442963658,62.9
424,Me-4PACz,Cc1ccc2c(c1)c1ccc(C)cc1n2CCCCP(=O)(O)O,10.1021/acsenergylett.4c01564,HistGB,14.716557007808298,17.72,0.786479015443538,0.846,27.406074791122762,27.69,71.46738850843423,75.63
428,2-Br-2PACz,O=P(O)(O)CCn1c2ccccc2c2ccc(Br)cc21,10.1021/acsenergylett.5c02585,HistGB,17.642037298624683,18.98,0.8834012695565646,0.898,24.628652999377916,25.98,77.58013528802458,81.4
433,2-Br-2PACz,O=P(O)(O)CCn1c2ccccc2c2ccc(Br)cc21,10.1021/acsenergylett.5c02585,HistGB,16.562920853389194,20.05,0.854266453193344,0.901,24.643575573003005,27.45,74.03185331762884,81.1
441,3-BPIC-F,O=P(O)(O)CCCn1c2ccc(F)cc2c2ccc3c4cc(F)ccc4n(CCCP(=O)(O)O)c3c21,10.1021/acssuschemeng.6c01237,HistGB,17.168640152004418,17.99,0.7910002050555203,0.854,27.238772205615437,27.53,72.2034620485398,76.51
442,3-BPIC-F,O=P(O)(O)CCCn1c2ccc(F)cc2c2ccc3c4cc(F)ccc4n(CCCP(=O)(O)O)c3c21,10.1021/acssuschemeng.6c01237,HistGB,16.509003297557307,18.48,0.7893487295956101,0.848,27.180368248304664,27.56,71.97180685664789,79.09
454,3-BPIC-F,O=P(O)(O)CCCn1c2ccc(F)cc2c2ccc3c4cc(F)ccc4n(CCCP(=O)(O)O)c3c21,10.1021/jacs.4c03917,HistGB,16.051126725405524,19.71,0.7916718384458257,0.872,25.855512030571067,28.12,70.50692221096499,80.43
455,3-BPIC-F,O=P(O)(O)CCCn1c2ccc(F)cc2c2ccc3c4cc(F)ccc4n(CCCP(=O)(O)O)c3c21,10.1021/jacs.4c03917,HistGB,16.051126725405524,17.25,0.7916718384458257,0.871,25.855512030571067,26.53,70.50692221096499,74.63
456,3-BPIC-F,O=P(O)(O)CCCn1c2ccc(F)cc2c2ccc3c4cc(F)ccc4n(CCCP(=O)(O)O)c3c21,10.1021/jacs.4c03917,HistGB,16.051126725405524,18.87,0.7916718384458257,0.906,25.855512030571067,25.93,70.50692221096499,80.36
457,3-BPIC-F,O=P(O)(O)CCCn1c2ccc(F)cc2c2ccc3c4cc(F)ccc4n(CCCP(=O)(O)O)c3c21,10.1021/jacs.4c03917,HistGB,16.65748476868786,18.46,0.7911502949020511,0.861,26.475437803443103,27.0,71.20461405150436,79.43
458,3-BPIC-F,O=P(O)(O)CCCn1c2ccc(F)cc2c2ccc3c4cc(F)ccc4n(CCCP(=O)(O)O)c3c21,10.1021/jacs.4c03917,HistGB,16.59983538432352,19.24,0.7984537459499385,0.887,25.855512030571067,27.28,71.78906743439306,79.55
459,3-BPIC-F,O=P(O)(O)CCCn1c2ccc(F)cc2c2ccc3c4cc(F)ccc4n(CCCP(=O)(O)O)c3c21,10.1021/jacs.4c03917,HistGB,16.051126725405524,19.2,0.7916718384458257,0.868,25.855512030571067,27.74,70.50692221096499,79.77
467,m-PhPACz,COc1cccc(-c2ccc3c(c2)c2ccc(-c4cccc(OC)c4)cc2n3CCP(=O)(O)O)c1,10.1021/jacs.5c08124,HistGB,17.409400986625148,19.09,0.8249079301353911,0.858,27.10322177752756,27.95,74.49161559516865,79.55
477,MeO-4PACz,COc1ccc2c(c1)c1ccc(OC)cc1n2CCCCP(=O)(O)O,10.31635/ccschem.024.202404707,HistGB,14.8787987565755,14.68,0.8183702029290211,0.724,27.17509494327382,27.95,72.78028258348165,72.55
496,CBZC4,CC(C)(C)c1ccc2c(c1)c1ccc(C(C)(C)C)cc1n2CCCCP(=O)(O)O,10.1039/d4ta09141h,HistGB,15.724136056378269,16.2,0.8139961554209335,0.85,25.583783244929766,26.8,70.32650232998664,71.2
500,4PACz,O=P(O)(O)CCCCn1c2ccccc2c2ccccc21,10.20517/energymater.2026.25,HistGB,15.584166889465536,18.28,0.8389891423645137,0.865,27.858570379510063,27.421,62.266767998517764,76.54
502,4PACz,O=P(O)(O)CCCCn1c2ccccc2c2ccccc21,10.20517/energymater.2026.25,HistGB,15.118390339217063,16.21,0.8406374346564077,0.8641,27.7055078606999,25.8403,62.037103707449255,72.61
505,4PACz,O=P(O)(O)CCCCn1c2ccccc2c2ccccc21,10.20517/energymater.2026.25,HistGB,15.312729393560005,15.4,0.8572346247439435,0.9394,27.191842069034575,23.8707,61.828164000399916,68.71
508,4PACz,O=P(O)(O)CCCCn1c2ccccc2c2ccccc21,10.20517/energymater.2026.25,HistGB,15.7266090805333,17.44,0.867136578200656,0.8818,27.10863190377932,25.2651,63.491280625292134,78.26
513,Me-4PACz,Cc1ccc2c(c1)c1ccc(C)cc1n2CCCCP(=O)(O)O,10.1063/5.0215972,HistGB,15.613825553049809,17.06,0.7859801199276399,0.826,27.794305586225132,27.08,72.55596940770151,76.26
528,C3-SAM,NCCC(=O)O,10.1088/1674-1056/27/7/078802,HistGB,10.018152432299457,3.04,0.774421464264312,0.55,11.670386728663683,9.52,57.95689991403103,56.43
530,FOPA,O=P(O)(O)CC(F)(F)C(F)(F)C(F)(F)C(F)(F)C(F)(F)C(F)(F)F,10.1039/b823148f,HistGB,5.8650571907031255,3.4,0.6112387540735525,0.394,14.546043209893288,13.0,54.76727028078066,51.0
531,BA,O=C(O)c1ccccc1,10.1039/c1ee00005e,HistGB,3.197003973071946,2.41,0.7194006991629865,0.78,12.435707516916434,5.89,56.15306211638787,53.0
537,CPA,O=P(O)(O)c1ccc(Cl)cc1,10.1039/c1ee00005e,HistGB,2.7122830321372273,2.6,0.7319567529527455,0.75,7.58589761370918,6.29,55.77497758932779,54.0
538,BA,O=C(O)c1ccccc1,10.1039/c1ee00005e,HistGB,3.197003973071946,1.6,0.7194006991629865,0.61,12.435707516916434,4.34,56.15306211638787,60.0
1,4PACz,O=P(O)(O)CCCCn1c2ccccc2c2ccccc21,10.1021/acsami.2c01900,ElasticNet,16.482679923696736,16.6,0.8596939524862115,0.86,25.8927749628221,25.8,75.24913138816999,75.0
5,Me-4PACz,Cc1ccc2c(c1)c1ccc(C)cc1n2CCCCP(=O)(O)O,10.1002/smll.202411457,ElasticNet,16.88428017808376,19.32,0.8830525973687149,0.916,25.946071836055932,26.85,71.64523933090015,78.54
10,F8-SAM,O=P(O)(O)CCC(F)(F)C(F)(F)C(F)(F)C(F)(F)C(F)(F)C(F)(F)F,10.1021/jp406625e,ElasticNet,8.338008766540469,2.61,0.5461531360215652,0.58,17.023234957980023,8.75,55.581650535672935,52.0
13,"4,5-Cl-2PACz",O=P(O)(O)CCn1c2cccc(Cl)c2c2c(Cl)cccc21,10.1002/aenm.202303354,ElasticNet,19.718227067019388,18.67,0.8461119103776971,0.842,28.089624879517107,28.69,82.82871967847693,77.17
32,Me-4PACz,Cc1ccc2c(c1)c1ccc(C)cc1n2CCCCP(=O)(O)O,10.1063/5.0215972,ElasticNet,15.449574962213024,17.06,0.8414068586063954,0.826,27.410665587028355,27.08,67.35380873440462,76.26
35,Me-4PACz,Cc1ccc2c(c1)c1ccc(C)cc1n2CCCCP(=O)(O)O,10.1002/smll.202411457,ElasticNet,17.444462831969,18.73,0.8830525973687149,0.901,26.518224455631803,26.57,73.07453630270618,78.21
36,Me-4PACz,Cc1ccc2c(c1)c1ccc(C)cc1n2CCCCP(=O)(O)O,10.1002/smll.202411457,ElasticNet,16.32610917707082,17.37,0.8830525973687149,0.886,25.361519183117032,26.17,70.0655279167041,74.86
37,Me-4PACz,Cc1ccc2c(c1)c1ccc(C)cc1n2CCCCP(=O)(O)O,10.1002/smll.202411457,ElasticNet,17.434549376224275,18.04,0.8830525973687149,0.899,26.507453871649954,26.06,73.04229821203151,76.95
38,Me-4PACz,Cc1ccc2c(c1)c1ccc(C)cc1n2CCCCP(=O)(O)O,10.1002/smll.202411457,ElasticNet,17.434549376224275,19.32,0.8830525973687149,0.916,26.507453871649954,26.85,73.04229821203151,78.54
39,Me-4PACz,Cc1ccc2c(c1)c1ccc(C)cc1n2CCCCP(=O)(O)O,10.1002/smll.202411457,ElasticNet,16.316195721326096,18.01,0.8830525973687149,0.892,25.350748599135184,26.57,70.03328982602945,75.91
40,Me-4PACz,Cc1ccc2c(c1)c1ccc(C)cc1n2CCCCP(=O)(O)O,10.1002/smll.202411457,ElasticNet,16.623615404083253,20.42,0.8570088563179619,0.907,26.639549131888074,27.23,70.87283144523113,82.6
41,Me-4PACz,Cc1ccc2c(c1)c1ccc(C)cc1n2CCCCP(=O)(O)O,10.1002/smll.202411457,ElasticNet,16.623615404083253,20.2,0.8570088563179619,0.911,26.639549131888074,27.07,70.87283144523113,81.93
42,Me-4PACz,Cc1ccc2c(c1)c1ccc(C)cc1n2CCCCP(=O)(O)O,10.1002/smll.202411457,ElasticNet,18.466820902011662,18.49,0.8570088563179619,0.859,28.135710322230533,28.13,74.10669933892967,76.48
43,Me-4PACz,Cc1ccc2c(c1)c1ccc(C)cc1n2CCCCP(=O)(O)O,10.1002/smll.202411457,ElasticNet,17.44154372342665,17.8,0.8551922017839075,0.866,27.68047817419597,27.04,72.54294547588373,75.97
44,Me-4PACz,Cc1ccc2c(c1)c1ccc(C)cc1n2CCCCP(=O)(O)O,10.1002/smll.202411457,ElasticNet,17.434549376224275,18.33,0.8830525973687149,0.891,26.507453871649954,26.64,73.04229821203151,77.21
45,Me-4PACz,Cc1ccc2c(c1)c1ccc(C)cc1n2CCCCP(=O)(O)O,10.1002/smll.202411457,ElasticNet,17.434549376224275,18.49,0.8830525973687149,0.898,26.507453871649954,26.51,73.04229821203151,77.67
46,Me-4PACz,Cc1ccc2c(c1)c1ccc(C)cc1n2CCCCP(=O)(O)O,10.1002/smll.202411457,ElasticNet,17.434549376224275,18.28,0.8830525973687149,0.897,26.507453871649954,26.53,73.04229821203151,76.82
47,Br-2EPO,O=P(O)(O)CCN1c2ccc(Br)cc2Oc2cc(Br)ccc21,10.1002/adfm.202208793,ElasticNet,17.688287872636895,17.21,0.8610193624825678,0.853,28.55659200851599,27.42,74.38253872493792,73.65
58,Me-4PACz,Cc1ccc2c(c1)c1ccc(C)cc1n2CCCCP(=O)(O)O,10.1002/adfm.202406060,ElasticNet,17.36223974413558,17.97,0.8480933370150995,0.846,28.648498594153118,27.85,71.52496616383905,76.27
78,JJ37,O=P(O)(O)c1ccc(-n2c3cc(-c4ccccc4)ccc3c3ccc(-c4ccccc4)cc32)cc1,10.1002/adfm.202423178,ElasticNet,20.25479516971231,19.7,0.854764284225379,0.847,31.170009061535303,29.37,77.14249888914826,79.21
80,JJ37,O=P(O)(O)c1ccc(-n2c3cc(-c4ccccc4)ccc3c3ccc(-c4ccccc4)cc32)cc1,10.1002/adfm.202423178,ElasticNet,17.30189615446305,17.0,0.847170946186508,0.848,28.76213067540337,25.85,71.47927313607116,77.57
82,JJ37,O=P(O)(O)c1ccc(-n2c3cc(-c4ccccc4)ccc3c3ccc(-c4ccccc4)cc32)cc1,10.1002/adfm.202423178,ElasticNet,19.718097974562298,19.25,0.854764284225379,0.852,30.146860310945012,28.96,75.85072944553939,78.03
84,JJ37,O=P(O)(O)c1ccc(-n2c3cc(-c4ccccc4)ccc3c3ccc(-c4ccccc4)cc32)cc1,10.1002/adfm.202423178,ElasticNet,7.501670165361681,6.23,0.8000621273579763,0.728,16.674420803626013,15.93,55.72978900626953,53.75
85,JJ37,O=P(O)(O)c1ccc(-n2c3cc(-c4ccccc4)ccc3c3ccc(-c4ccccc4)cc32)cc1,10.1002/adfm.202423178,ElasticNet,21.09761683657652,16.21,0.8597245068880998,0.832,31.380342273538883,28.27,78.50382347137308,68.92
109,BA,O=C(O)c1ccccc1,10.1002/adma.201600197,ElasticNet,10.412297055216182,6.1,0.7975990942957878,0.655,18.219936204046427,15.158,70.6417539400094,60.9
124,Me-4PACz,Cc1ccc2c(c1)c1ccc(C)cc1n2CCCCP(=O)(O)O,10.1002/adma.202400342,ElasticNet,18.106008043415134,19.38,0.8570088563179619,0.85,28.429486097405682,28.45,74.51380718371973,80.4
125,Me-4PACz,Cc1ccc2c(c1)c1ccc(C)cc1n2CCCCP(=O)(O)O,10.1002/adma.202400342,ElasticNet,17.10791164736185,16.97,0.8268297963256335,0.81,28.285419990471397,27.26,71.80875750338558,76.67
126,Me-4PACz,Cc1ccc2c(c1)c1ccc(C)cc1n2CCCCP(=O)(O)O,10.1002/adma.202400342,ElasticNet,18.106008043415134,17.38,0.8570088563179619,0.82,28.429486097405682,27.34,74.51380718371973,77.13
136,Me-4PACz,Cc1ccc2c(c1)c1ccc(C)cc1n2CCCCP(=O)(O)O,10.1002/adma.202400342,ElasticNet,17.92542594609672,19.06,0.8650871027661123,0.89,27.56756643002178,26.65,74.5448276334673,80.82
137,Me-4PACz,Cc1ccc2c(c1)c1ccc(C)cc1n2CCCCP(=O)(O)O,10.1002/adma.202400342,ElasticNet,16.927329550043435,17.21,0.8349080427737839,0.84,27.423500323087495,26.81,71.83977795313315,76.83
143,2PAThCz,O=P(O)(O)CCn1c2cc(-c3ccsc3)ccc2c2ccc(-c3ccsc3)cc21,10.1002/adma.202502485,ElasticNet,21.662257763880252,19.52,0.9024929636257069,0.896,27.21769009313247,26.87,87.28188504908084,81.1
144,2PAThCz,O=P(O)(O)CCn1c2cc(-c3ccsc3)ccc2c2ccc(-c3ccsc3)cc21,10.1002/adma.202502485,ElasticNet,22.721460883478596,20.27,0.8800669872896618,0.888,28.731522588346277,28.22,87.64899124981379,80.9
168,"4,5-Cl-2PACz",O=P(O)(O)CCn1c2cccc(Cl)c2c2c(Cl)cccc21,10.1002/aenm.202303354,ElasticNet,19.308682457813738,18.67,0.8433171499655516,0.842,28.71578210891624,28.69,82.57887254997779,77.17
169,"4,5-Cl-2PACz",O=P(O)(O)CCn1c2cccc(Cl)c2c2c(Cl)cccc21,10.1002/aenm.202303354,ElasticNet,18.49075413847034,19.05,0.8451338044996061,0.856,27.674853066608346,28.56,80.90875851932518,77.82
173,Me-4PACz,Cc1ccc2c(c1)c1ccc(C)cc1n2CCCCP(=O)(O)O,10.1002/aenm.202401262,ElasticNet,15.684545832520147,15.78,0.8405045826686557,0.839,27.08998827833076,26.17,67.81725021663202,71.94
220,Me-4PACz,Cc1ccc2c(c1)c1ccc(C)cc1n2CCCCP(=O)(O)O,10.1002/ente.202501733,ElasticNet,5.937119951255838,6.36,0.8023066994505592,0.81,14.826126983693237,13.06,52.70027075771252,59.76
221,Me-4PACz,Cc1ccc2c(c1)c1ccc(C)cc1n2CCCCP(=O)(O)O,10.1002/ente.202501733,ElasticNet,7.847682806244489,8.08,0.7287718439212658,0.68,23.409250288343326,22.32,45.99099509147236,52.89
225,36-Ph-PANI,[*]c1cc2c(cc1)n(c1ccc(P(=O)(O)O)cc1)c1cc(Nc3c(C)cc(C)c(N[*])c3)ccc12,10.1002/marc.202401145,ElasticNet,12.232681232594187,15.08,0.6735894384853746,0.812,27.054559765164075,26.94,66.7687070118548,68.95
233,Me-4PACz,Cc1ccc2c(c1)c1ccc(C)cc1n2CCCCP(=O)(O)O,10.1002/smll.202411457,ElasticNet,17.116336686977593,17.563,0.8830525973687149,0.883,26.58724127871345,26.615,71.64523933090015,74.695
244,2PACz-D2,CCn1c2ccccc2c2ccc3c4ccccc4n(CCP(=O)(O)O)c3c21,10.1007/s10118-025-3512-6,ElasticNet,18.900342714408573,16.05,0.8828776213080343,0.841,27.405712047912676,25.79,80.02464374883104,74.0
290,4PACz,O=P(O)(O)CCCCn1c2ccccc2c2ccccc21,10.1016/j.dyepig.2026.113829,ElasticNet,17.833635453671477,18.4,0.8785682227991053,0.9,27.376899442967666,26.4,76.15497157442682,77.006
312,DM-BZCz,COc1cc(OC)cc(-c2ccc3c(c2)c2c4ccccc4ccc2n3CCP(=O)(O)O)c1,10.1016/j.mattod.2026.103252,ElasticNet,17.78398825341963,19.79,0.8615365361355243,0.86,26.529681051408254,28.82,77.36888003009591,79.58
314,DM-BZCz,COc1cc(OC)cc(-c2ccc3c(c2)c2c4ccccc4ccc2n3CCP(=O)(O)O)c1,10.1016/j.mattod.2026.103252,ElasticNet,16.96605993407623,20.54,0.8633531906695786,0.92,25.48875200910036,27.35,75.6987659994433,81.67
315,DM-BZCz,COc1cc(OC)cc(-c2ccc3c(c2)c2c4ccccc4ccc2n3CCP(=O)(O)O)c1,10.1016/j.mattod.2026.103252,ElasticNet,16.393063611905394,18.96,0.8557598526307078,0.84,25.600183563901176,28.59,74.56117758367361,78.96
316,DM-BZCz,COc1cc(OC)cc(-c2ccc3c(c2)c2c4ccccc4ccc2n3CCP(=O)(O)O)c1,10.1016/j.mattod.2026.103252,ElasticNet,17.77699390621725,19.71,0.8893969317203317,0.9,25.35665674886224,26.7,77.8682327662437,81.65
335,Me-4PACz,Cc1ccc2c(c1)c1ccc(C)cc1n2CCCCP(=O)(O)O,10.1002/smll.202411457,ElasticNet,17.434549376224275,18.35,0.8830525973687149,0.905,26.507453871649954,26.6,73.04229821203151,76.16
336,Me-4PACz,Cc1ccc2c(c1)c1ccc(C)cc1n2CCCCP(=O)(O)O,10.1002/smll.202411457,ElasticNet,17.434549376224275,18.08,0.8830525973687149,0.897,26.507453871649954,26.16,73.04229821203151,77.0
392,4PACz,O=P(O)(O)CCCCn1c2ccccc2c2ccccc21,10.1021/acsami.2c01900,ElasticNet,16.482679923696736,16.3,0.8596939524862139,0.86,25.8927749628221,25.3,75.24913138817004,75.0
395,4PACz,O=P(O)(O)CCCCn1c2ccccc2c2ccccc21,10.1021/acsami.2c01900,ElasticNet,16.482679923696736,15.7,0.8596939524862139,0.86,25.8927749628221,24.3,75.24913138817004,75.0
398,4PACz,O=P(O)(O)CCCCn1c2ccccc2c2ccccc21,10.1021/acsami.2c01900,ElasticNet,16.546829141190507,16.4,0.8615106070202684,0.87,25.1160053858362,24.8,76.42552432808696,76.0
401,4PACz,O=P(O)(O)CCCCn1c2ccccc2c2ccccc21,10.1021/acsami.2c01900,ElasticNet,16.496977918747767,16.3,0.8615106070202684,0.86,25.16585659294163,24.9,77.42254893121043,76.0
406,pPhPADCB,O=P(O)(O)c1ccc(-n2c3cc4ccccc4cc3c3c4ccccc4ccc32)cc1,10.1021/acsami.6c00619,ElasticNet,15.830889060705053,17.42,0.8437883540433155,0.865,25.957531054281446,27.15,70.22416623395983,74.22
407,pPhPADCB,O=P(O)(O)c1ccc(-n2c3cc4ccccc4cc3c3c4ccccc4ccc32)cc1,10.1021/acsami.6c00619,ElasticNet,17.21481935501691,19.28,0.8774254331329395,0.894,25.714004239242506,28.91,73.53122141652992,74.62
408,pPhPADCB,O=P(O)(O)c1ccc(-n2c3cc4ccccc4cc3c3c4ccccc4ccc32)cc1,10.1021/acsami.6c00619,ElasticNet,17.963651979758676,19.47,0.8899670631386576,0.913,25.74313520987175,28.05,75.01723054045914,76.0
409,pPhPADCB,O=P(O)(O)c1ccc(-n2c3cc4ccccc4cc3c3c4ccccc4ccc32)cc1,10.1021/acsami.6c00619,ElasticNet,16.310781963216964,13.6,0.8437883540433155,0.825,26.867965096485147,26.19,71.0301185008264,62.9
424,Me-4PACz,Cc1ccc2c(c1)c1ccc(C)cc1n2CCCCP(=O)(O)O,10.1021/acsenergylett.4c01564,ElasticNet,17.607254075399652,17.72,0.8471835421112119,0.846,28.393433396952922,27.69,73.05174872180879,75.63
428,2-Br-2PACz,O=P(O)(O)CCn1c2ccccc2c2ccc(Br)cc21,10.1021/acsenergylett.5c02585,ElasticNet,18.937748927459953,18.98,0.8876705096412163,0.898,26.917029668076434,25.98,78.98808538997166,81.4
433,2-Br-2PACz,O=P(O)(O)CCn1c2ccccc2c2ccc(Br)cc21,10.1021/acsenergylett.5c02585,ElasticNet,19.68658155220172,20.05,0.9002121396469344,0.901,26.946160638705674,27.45,80.47409451390088,81.1
441,3-BPIC-F,O=P(O)(O)CCCn1c2ccc(F)cc2c2ccc3c4cc(F)ccc4n(CCCP(=O)(O)O)c3c21,10.1021/acssuschemeng.6c01237,ElasticNet,18.44706194503686,17.99,0.844805515502009,0.854,29.48687882526056,27.53,76.38719808698714,76.51
442,3-BPIC-F,O=P(O)(O)CCCn1c2ccc(F)cc2c2ccc3c4cc(F)ccc4n(CCCP(=O)(O)O)c3c21,10.1021/acssuschemeng.6c01237,ElasticNet,17.790084482898205,18.48,0.844805515502009,0.848,28.23764069592715,27.56,76.01570017961483,79.09
454,3-BPIC-F,O=P(O)(O)CCCn1c2ccc(F)cc2c2ccc3c4cc(F)ccc4n(CCCP(=O)(O)O)c3c21,10.1021/jacs.4c03917,ElasticNet,16.74847148927898,19.71,0.8546308297087589,0.872,28.497394435358203,28.12,72.95427788351294,80.43
455,3-BPIC-F,O=P(O)(O)CCCn1c2ccc(F)cc2c2ccc3c4cc(F)ccc4n(CCCP(=O)(O)O)c3c21,10.1021/jacs.4c03917,ElasticNet,16.74847148927898,17.25,0.8546308297087589,0.871,28.497394435358203,26.53,72.95427788351294,74.63
456,3-BPIC-F,O=P(O)(O)CCCn1c2ccc(F)cc2c2ccc3c4cc(F)ccc4n(CCCP(=O)(O)O)c3c21,10.1021/jacs.4c03917,ElasticNet,18.068984356808325,18.87,0.8932162007652301,0.906,26.800369187564346,25.93,76.01838337073539,80.36
457,3-BPIC-F,O=P(O)(O)CCCn1c2ccc(F)cc2c2ccc3c4cc(F)ccc4n(CCCP(=O)(O)O)c3c21,10.1021/jacs.4c03917,ElasticNet,15.9362214377547,18.46,0.847037491669888,0.861,27.014765031974044,27.0,71.2253190642361,79.43
458,3-BPIC-F,O=P(O)(O)CCCn1c2ccc(F)cc2c2ccc3c4cc(F)ccc4n(CCCP(=O)(O)O)c3c21,10.1021/jacs.4c03917,ElasticNet,17.32015173206656,19.24,0.880674570759512,0.887,26.771238216935107,27.28,74.53237424680617,79.55
459,3-BPIC-F,O=P(O)(O)CCCn1c2ccc(F)cc2c2ccc3c4cc(F)ccc4n(CCCP(=O)(O)O)c3c21,10.1021/jacs.4c03917,ElasticNet,16.509217759925537,19.2,0.8546308297087589,0.868,26.903333477173227,27.74,72.36290748000579,79.77
467,m-PhPACz,COc1cccc(-c2ccc3c(c2)c2ccc(-c4cccc(OC)c4)cc2n3CCP(=O)(O)O)c1,10.1021/jacs.5c08124,ElasticNet,19.699021917061255,19.09,0.8582393277229671,0.858,26.98097749913389,27.95,84.2878225336153,79.55
477,MeO-4PACz,COc1ccc2c(c1)c1ccc(OC)cc1n2CCCCP(=O)(O)O,10.31635/ccschem.024.202404707,ElasticNet,15.002080380360951,14.68,0.8417841529084601,0.724,26.73797084561364,27.95,68.88721270379646,72.55
496,CBZC4,CC(C)(C)c1ccc2c(c1)c1ccc(C(C)(C)C)cc1n2CCCCP(=O)(O)O,10.1039/d4ta09141h,ElasticNet,14.492659473512845,16.2,0.8390017885254794,0.85,26.29738240187689,26.8,66.56554944998584,71.2
500,4PACz,O=P(O)(O)CCCCn1c2ccccc2c2ccccc21,10.20517/energymater.2026.25,ElasticNet,17.064278734397885,18.28,0.8597089904185071,0.865,26.856099847310123,27.421,74.99058601234813,76.54
502,4PACz,O=P(O)(O)CCCCn1c2ccccc2c2ccccc21,10.20517/energymater.2026.25,ElasticNet,15.67335409288365,16.21,0.8539323069136906,0.8641,25.926602359803045,25.8403,72.18288356592585,72.61
505,4PACz,O=P(O)(O)CCCCn1c2ccccc2c2ccccc21,10.20517/energymater.2026.25,ElasticNet,15.329796995189923,15.4,0.9213696783542141,0.9394,23.841833333138275,23.8707,69.38560869760624,68.71
508,4PACz,O=P(O)(O)CCCCn1c2ccccc2c2ccccc21,10.20517/energymater.2026.25,ElasticNet,17.05728438719551,17.44,0.8875693860033146,0.8818,25.683075544764108,25.2651,75.48993874849592,78.26
513,Me-4PACz,Cc1ccc2c(c1)c1ccc(C)cc1n2CCCCP(=O)(O)O,10.1063/5.0215972,ElasticNet,15.019339510174834,17.06,0.8421737931534742,0.826,26.917875672437013,27.08,66.26644625618094,76.26
528,C3-SAM,NCCC(=O)O,10.1088/1674-1056/27/7/078802,ElasticNet,27.040294013768865,3.04,0.8018496933430417,0.55,19.545009722418982,9.52,91.3885485438692,56.43
530,FOPA,O=P(O)(O)CC(F)(F)C(F)(F)C(F)(F)C(F)(F)C(F)(F)C(F)(F)F,10.1039/b823148f,ElasticNet,-3.34222144372022,3.4,0.40063760991251707,0.394,6.329489258699969,13.0,34.77193409642632,51.0
531,BA,O=C(O)c1ccccc1,10.1039/c1ee00005e,ElasticNet,4.033926523834705,2.41,0.7712024034355213,0.78,7.30232965429494,5.89,60.22361397943585,53.0
537,CPA,O=P(O)(O)c1ccc(Cl)cc1,10.1039/c1ee00005e,ElasticNet,2.1823660866603394,2.6,0.7686759373190001,0.75,5.532075249274218,6.29,54.32394376961641,54.0
538,BA,O=C(O)c1ccccc1,10.1039/c1ee00005e,ElasticNet,2.0549905223240366,1.6,0.7289033553027237,0.61,5.118680434304476,4.34,53.239789717050314,60.0
