row_id,graph_gate,smiles_gate,tabular_gate,split
0,6.12446092418395e-05,0.000209239442483522,0.9997294545173645,train
6,8.611937664682046e-05,0.000598033017013222,0.9993158578872681,train
7,0.00026789039839059114,0.0008347113616764545,0.9988973140716553,train
8,0.00030240026535466313,0.0006215901812538505,0.9990760087966919,train
9,0.0001563561672810465,0.00032775953877717257,0.9995158910751343,train
11,0.9824435710906982,0.01652619242668152,0.0010302518494427204,train
12,0.00017548745381645858,0.0004428256652317941,0.9993816614151001,train
15,0.0002897554950322956,0.0005912792985327542,0.999118983745575,train
16,0.0002680894103832543,0.0008111604256555438,0.9989207983016968,train
17,0.000608293863479048,0.0012417657999321818,0.9981499910354614,train
18,0.0002715197333600372,0.0007086735568009317,0.9990197420120239,train
19,0.9802910089492798,0.003094380721449852,0.016614703461527824,train
30,0.00031460035825148225,0.0007132759783416986,0.9989720582962036,train
31,0.0003024391189683229,0.0006342322449199855,0.9990634322166443,train
33,6.777611270081252e-05,0.00042257626773789525,0.9995095729827881,train
34,0.00013497404870577157,0.0007571994210593402,0.9991077780723572,train
48,0.0006806398159824312,0.0012549686944112182,0.9980643391609192,train
49,0.00012782803969457746,0.00029543667915277183,0.99957674741745,train
50,9.155409497907385e-05,0.0002253774437122047,0.999683141708374,train
51,0.00017573896911926568,0.0006544360076077282,0.9991699457168579,train
52,0.00014814289170317352,0.0004278370179235935,0.9994240999221802,train
53,0.0003206177498213947,0.0008197867427952588,0.9988595247268677,train
54,0.00019950205751229078,0.00036239734617993236,0.9994381070137024,train
55,0.0003975823346991092,0.0007188480813056231,0.9988835453987122,train
56,0.00014724898210261017,0.00027649448020383716,0.9995762705802917,train
57,7.841848855605349e-05,0.00026169526972807944,0.9996598958969116,train
60,0.00024256696633528918,0.00041489076102152467,0.9993425011634827,train
61,0.00019435386639088392,0.00019691282068379223,0.9996088147163391,train
62,0.00033067254116758704,0.00028374753310345113,0.9993854761123657,train
63,0.0001301145675824955,0.00029551881016232073,0.9995743632316589,train
64,0.0002072726929327473,0.0005682173068635166,0.9992245435714722,train
65,9.935260459315032e-05,0.00031290616607293487,0.9995877146720886,train
66,0.0001990832097362727,0.0003681551315821707,0.9994327425956726,train
67,0.00016992409655358642,0.00041836738819256425,0.9994117021560669,train
68,0.00027515680994838476,0.000696897623129189,0.9990279674530029,train
69,0.0002995281829498708,0.0005553457885980606,0.9991450309753418,train
70,0.00018270807049702853,0.0004270821518730372,0.9993901252746582,train
71,0.0001840399781940505,0.00036738679045811296,0.9994484782218933,train
72,0.0001457449106965214,0.000440651027020067,0.9994136095046997,train
73,0.0002266131923533976,0.0006605214439332485,0.9991127848625183,train
74,0.000266169459791854,0.0004629729373846203,0.9992708563804626,train
75,0.00011891317990375683,0.0003396021493244916,0.9995415210723877,train
76,0.00024323989055119455,0.00042763500823639333,0.9993290901184082,train
77,0.0001539238728582859,0.00047304198960773647,0.9993730187416077,train
79,0.0001629673788556829,0.0004638379905372858,0.9993732571601868,train
81,0.0003045819466933608,0.0006803275318816304,0.9990149736404419,train
83,0.00015682648518122733,0.000251566554652527,0.9995916485786438,train
86,0.00011043053382309154,0.0004499809583649039,0.999439537525177,train
87,0.0002011893520830199,0.0005854963674210012,0.9992133378982544,train
88,0.00015316517965402454,0.0006103815394453704,0.9992364645004272,train
96,0.0002758321934379637,0.0006307250587269664,0.9990934133529663,train
97,0.00023921160027384758,0.0004926098044961691,0.9992682337760925,train
98,0.9820752739906311,0.004114862997084856,0.01380992028862238,train
99,0.9799193143844604,0.006237989291548729,0.013842806220054626,train
100,0.9802647829055786,0.006057301536202431,0.013677999377250671,train
101,0.9737812280654907,0.007427360396832228,0.01879141852259636,train
102,0.9762347936630249,0.0069066486321389675,0.016858544200658798,train
103,0.9797890782356262,0.004503053147345781,0.01570781134068966,train
104,0.9787012338638306,0.004565990995615721,0.01673274114727974,train
105,0.9861709475517273,0.004463299177587032,0.009365728124976158,train
106,0.9854963421821594,0.004099618177860975,0.010404102504253387,train
107,0.9794241189956665,0.005984233692288399,0.014591643586754799,train
108,0.979658842086792,0.004159035161137581,0.016182107850909233,train
110,0.9807697534561157,0.005868659354746342,0.01336158812046051,train
111,0.0002800606598611921,0.0007851503323763609,0.998934805393219,train
112,0.00018883065786212683,0.0003056582354474813,0.9995055198669434,train
113,8.370544674107805e-05,0.00025571545120328665,0.9996606111526489,train
114,8.045705180848017e-05,0.0002993892412632704,0.9996201992034912,train
115,8.34068123367615e-05,0.0001918727211887017,0.9997246861457825,train
116,8.168015483533964e-05,0.0002567197661846876,0.9996616840362549,train
117,0.0001862280914792791,0.00045265365042723715,0.9993610978126526,train
118,0.00021330737217795104,0.00038490098086185753,0.9994018077850342,train
119,0.0002276762534165755,0.0003712924080900848,0.9994010925292969,train
120,0.00013713198131881654,0.0003179541090503335,0.9995449185371399,train
121,0.0001244695740751922,0.0002863970003090799,0.9995891451835632,train
122,0.0001427917741239071,0.00031493999995291233,0.9995423555374146,train
123,0.00019572539895307273,0.0005789123242720962,0.999225378036499,train
127,0.00013267000031191856,0.0002592286909930408,0.9996082186698914,train
128,0.00011364678357494995,0.00012732375762425363,0.9997590184211731,train
129,0.0001039251874317415,0.00029327665106393397,0.9996028542518616,train
130,0.00010410905815660954,0.0002476699883118272,0.9996482133865356,train
131,0.00012270949082449079,0.00027897284599021077,0.9995983242988586,train
132,0.00016667628369759768,0.0004481556243263185,0.9993851184844971,train
133,0.00018027490295935422,0.00027700141072273254,0.9995427131652832,train
134,0.0001248130138264969,0.0003886593913193792,0.9994864463806152,train
135,0.00010795710113598034,0.0008784542442299426,0.9990135431289673,train
138,6.546632357640192e-05,0.0001470057904953137,0.9997876286506653,train
139,7.412477134494111e-05,0.00015567972150165588,0.9997702240943909,train
140,0.00011945614096475765,0.0003448164206929505,0.9995356798171997,train
141,0.00012063305621268228,0.0003196249308530241,0.9995598196983337,train
142,6.690245936624706e-05,0.00023323787900153548,0.9996999502182007,train
145,0.000185784199857153,0.00017511747137177736,0.9996390342712402,train
146,9.895135735860094e-05,0.0002442051481921226,0.9996569156646729,train
147,8.304332004627213e-05,0.000233991420827806,0.9996830224990845,train
148,0.0001882609212771058,0.00046116806333884597,0.9993506073951721,train
149,7.900776108726859e-05,0.00038210739148780704,0.9995388984680176,train
150,7.525752880610526e-05,0.00033473718212917447,0.9995899796485901,train
151,0.00018604210345074534,0.0006347846938297153,0.9991791844367981,train
152,0.000391938432585448,0.0006491858512163162,0.998958945274353,train
153,8.311099372804165e-05,0.0004920196952298284,0.9994248151779175,train
154,9.712603787193075e-05,0.0008427009452134371,0.9990600943565369,train
155,4.950273432768881e-05,0.00031867093639448285,0.9996318817138672,train
156,0.00021541607566177845,0.0010096955811604857,0.9987749457359314,train
157,5.438288644654676e-05,0.0005208033253438771,0.999424934387207,train
158,0.00011664129851851612,0.0007300657453015447,0.9991533756256104,train
159,0.0001577272778376937,0.00036337957135401666,0.9994788765907288,train
160,9.84313155640848e-05,0.00023155583767220378,0.9996700286865234,train
161,8.077386883087456e-05,0.00036295020254328847,0.9995562434196472,train
162,0.0001878247712738812,0.0004871800192631781,0.9993249177932739,train
163,0.00011836972407763824,0.00042623060289770365,0.9994555115699768,train
164,0.00019954031449742615,0.0007119285874068737,0.9990885257720947,train
165,9.417436376679689e-05,0.0006672154413536191,0.9992386102676392,train
166,6.001354267937131e-05,0.00011035663192160428,0.9998295307159424,train
167,0.0001840258773881942,0.00039547638152725995,0.9994205236434937,train
171,0.00011308122338959947,0.00047985417768359184,0.9994070529937744,train
172,7.721172732999548e-05,0.0004685813037212938,0.9994542002677917,train
174,6.57295822747983e-05,0.0006097296136431396,0.9993245601654053,train
175,0.00011776511382777244,0.0007427055388689041,0.9991394281387329,train
176,0.00015959370648488402,0.0005929549224674702,0.9992474317550659,train
177,9.55279974732548e-05,0.0007386395009234548,0.9991658926010132,train
178,8.542358409613371e-05,0.0008171311346814036,0.999097466468811,train
179,5.4784009989816695e-05,0.00042888696771115065,0.9995162487030029,train
180,0.00014485919382423162,0.0003881906159222126,0.9994669556617737,train
181,0.00012114182754885405,0.00023982080165296793,0.9996390342712402,train
182,0.00012310266902204603,0.00027906132163479924,0.9995978474617004,train
183,0.0001747508067637682,0.000321377330692485,0.9995038509368896,train
184,0.00023763197532389313,0.0004476030298974365,0.9993147850036621,train
185,0.0001303167809965089,0.00034335683449171484,0.9995262622833252,train
186,0.0001534103648737073,0.00022394895495381206,0.9996227025985718,train
187,0.00033263899968005717,0.0006218859925866127,0.9990454316139221,train
188,0.0005943778087384999,0.000734318804461509,0.998671293258667,train
189,0.00012617917673196644,0.0004491420404519886,0.9994246959686279,train
190,0.00020024603873025626,0.000508248049300164,0.9992914199829102,train
191,0.0002663374471012503,0.0004954785690642893,0.999238133430481,train
193,0.00010313818347640336,0.0003071438695769757,0.9995896220207214,train
194,0.00011738744069589302,0.00029066004208289087,0.9995920062065125,train
196,0.0001316628186032176,0.0003659262729343027,0.999502420425415,train
197,0.00018333455955144018,0.0003803801373578608,0.9994361996650696,train
199,0.0001711053482722491,0.0004237898101564497,0.9994051456451416,train
200,0.00032565725268796086,0.0004961271188221872,0.9991782307624817,train
201,4.3086536607006565e-05,0.00042554992251098156,0.9995313882827759,train
202,0.00016620384121779352,0.0005643516778945923,0.999269425868988,train
209,0.0001441650529159233,0.0004200340190436691,0.9994358420372009,train
210,0.0002581689041107893,0.0004744256439153105,0.9992673993110657,train
211,0.0002573668898548931,0.0002889087190851569,0.9994537234306335,train
212,0.00023230965598486364,0.0004169313469901681,0.9993507266044617,train
214,7.483130320906639e-05,0.0001755070115905255,0.9997496008872986,train
215,3.732903132913634e-05,6.80521407048218e-05,0.9998946189880371,train
216,8.362507651327178e-05,0.0006172884604893625,0.9992990493774414,train
217,0.00012999352475162596,0.0003841764118988067,0.9994858503341675,train
218,5.778118429589085e-05,0.0001453855074942112,0.9997968077659607,train
219,6.928145739948377e-05,0.00011163257295265794,0.9998190999031067,train
222,9.063926700036973e-05,0.0001426113594789058,0.9997666478157043,train
223,0.0001798691664589569,0.0005706687225028872,0.9992493987083435,train
226,0.00011190863733645529,0.00031521436176262796,0.9995729327201843,train
231,0.00031226701685227454,0.00030418336973525584,0.9993835687637329,train
232,0.00012696390331257135,0.0004015961312688887,0.9994713664054871,train
234,0.0001557560171931982,0.0005014233174733818,0.9993428587913513,train
235,0.00021081135491840541,0.0007773791439831257,0.999011754989624,train
236,0.00010448209650348872,0.00016762226005084813,0.9997277855873108,train
237,6.468522042268887e-05,0.0003385699528735131,0.9995967745780945,train
238,5.286054511088878e-05,0.00020520725229289383,0.9997418522834778,train
239,0.011238442733883858,0.9832237958908081,0.005537719465792179,train
240,0.008347704075276852,0.9749130606651306,0.016739219427108765,train
241,0.0157709289342165,0.9758803844451904,0.008348679170012474,train
242,0.00573841854929924,0.9841199517250061,0.010141659528017044,train
243,0.0004083510721102357,0.0004937500925734639,0.9990978240966797,train
245,0.00016572805179748684,0.000586728798225522,0.9992475509643555,train
246,6.731542089255527e-05,0.00041721525485627353,0.9995154142379761,train
247,0.00013321444566827267,0.0003804510924965143,0.9994863271713257,train
248,6.907759234309196e-05,0.0002815433545038104,0.9996492862701416,train
249,6.790571205783635e-05,0.0003176080354023725,0.9996144771575928,train
250,0.000112925234134309,0.0005215060664340854,0.9993656277656555,train
251,0.0001410877739544958,0.00030656528542749584,0.999552309513092,train
252,0.0001707052724668756,0.000271357101155445,0.9995579123497009,train
253,0.0003270509769208729,0.0004375152930151671,0.9992353916168213,train
254,0.00016698930994607508,0.00044163301936350763,0.9993913173675537,train
255,0.00016578944632783532,0.00045377921196632087,0.999380350112915,train
256,0.00016486432286910713,0.0003828928165603429,0.9994521737098694,train
257,0.000134254340082407,0.00033594248816370964,0.9995298385620117,train
258,0.00015090683882590383,0.0003436566621530801,0.9995054006576538,train
259,0.0004828796081710607,0.00037894785054959357,0.9991381168365479,train
261,0.00012525935017038137,0.00024431379279121757,0.9996304512023926,train
262,0.00019582221284508705,0.0004333688411861658,0.9993707537651062,train
263,0.0002533287915866822,0.000543106987606734,0.9992035031318665,train
264,0.00013623975974041969,0.00037076001171953976,0.9994930028915405,train
265,0.0001599070819793269,0.0005421316018328071,0.9992979764938354,train
266,0.00047982879914343357,0.0008105490705929697,0.9987096786499023,train
267,0.00028731036582030356,0.0005516672972589731,0.9991610050201416,train
268,8.045012509683147e-05,0.00022527595865540206,0.9996943473815918,train
269,0.00013554577890317887,0.0002123405720340088,0.9996521472930908,train
270,0.00011450982856331393,0.00025813138927333057,0.9996273517608643,train
271,0.0001946100383065641,0.0005309673142619431,0.9992744326591492,train
272,0.00011217276187380776,0.0003369028272572905,0.999550998210907,train
273,0.00017470333841629326,0.0004568191652651876,0.9993686079978943,train
274,8.011638419702649e-05,0.0002989666536450386,0.9996209144592285,train
275,0.000407258776249364,0.0006363674183376133,0.9989563226699829,train
276,0.00013126507110428065,0.0004000852641183883,0.9994686245918274,train
277,0.00011245086352573708,0.00039905711309984326,0.9994884729385376,train
278,0.00022057117894291878,0.0005569248460233212,0.9992225170135498,train
279,0.00010225930600427091,0.00042209713137708604,0.9994756579399109,train
280,0.00021325479610823095,0.000649451685603708,0.999137282371521,train
281,0.0004752709355670959,0.0005750144482590258,0.9989497065544128,train
282,0.00016533468442503363,0.0005536001408472657,0.999281108379364,train
283,0.0002020594838541001,0.0004672316135838628,0.9993307590484619,train
284,8.559689013054594e-05,0.0003403022128622979,0.9995741248130798,train
285,0.00010766111518023536,0.00032688520150259137,0.9995654225349426,train
286,0.00010097312042489648,0.0003046789497602731,0.9995943903923035,train
287,0.00028768109041266143,0.0005875251954421401,0.9991248250007629,train
288,0.0001339961017947644,0.00018844935402739793,0.9996776580810547,train
289,0.0001643635769141838,0.00032507540890946984,0.999510645866394,train
291,0.00011465932038845494,0.000540197070222348,0.9993452429771423,train
293,0.00022957446344662458,0.001263906480744481,0.998506486415863,train
294,0.0001658764376770705,0.0008576385444030166,0.998976469039917,train
295,9.444220631849021e-05,0.00043337151873856783,0.9994722008705139,train
296,0.00011871158494614065,0.0004295897379051894,0.9994516968727112,train
297,0.00026897178031504154,0.0008507024613209069,0.9988803267478943,train
298,0.00016150175360962749,0.0006796158268116415,0.9991588592529297,train
300,0.00015132848056964576,0.0005827081622555852,0.9992659687995911,train
301,0.0001452466385671869,0.00037274984060786664,0.9994820952415466,train
302,0.000334972923155874,0.0008571893558837473,0.9988079071044922,train
303,0.0002490033220965415,0.00071959343040362,0.9990314245223999,train
304,0.00014820734213571995,0.0005420821835286915,0.999309778213501,train
305,0.00012967766087967902,0.0003768920141737908,0.9994934797286987,train
306,0.00018992887635249645,0.0006716792122460902,0.999138355255127,train
307,0.00025360711151733994,0.0013399639865383506,0.9984064698219299,train
308,0.00023185262398328632,0.0013166549615561962,0.9984514713287354,train
309,0.0002288729592692107,0.0005569126224145293,0.9992142915725708,train
310,0.0002633346593938768,0.000803695060312748,0.9989330172538757,train
311,0.00017596632824279368,0.0005142762092873454,0.999309778213501,train
317,0.00031165601103566587,0.0004540873342193663,0.9992343187332153,train
318,0.00018058327259495854,0.0003196035686414689,0.9994997978210449,train
319,0.0002434783527860418,0.0005166021292097867,0.9992399215698242,train
320,0.00027669090195558965,0.0009581584599800408,0.9987651109695435,train
321,0.00017418111383449286,0.00033052064827643335,0.999495267868042,train
322,0.00014783813094254583,0.0003025634796358645,0.9995495676994324,train
324,0.0003129592223558575,0.0005312968860380352,0.9991556406021118,train
325,0.00010818160808412358,0.00015462833107449114,0.9997372031211853,train
327,0.0002646739885676652,0.00041302296449430287,0.9993222951889038,train
328,0.00010589385055936873,0.00029929482843726873,0.9995947480201721,train
329,0.00013659043179359287,0.0004928050911985338,0.9993705153465271,train
330,0.00021269358694553375,0.0003270235320087522,0.9994602799415588,train
331,0.00011130756320198998,0.0003054043045267463,0.9995833039283752,train
332,0.00013224421127233654,0.00041296114795841277,0.9994547963142395,train
333,0.00012510822853073478,0.00038726869388483465,0.9994876384735107,train
334,0.00012477842392399907,0.00023691837850492448,0.9996383190155029,train
337,9.33845731196925e-05,0.0004525319382082671,0.9994540810585022,train
338,8.696463191881776e-05,0.00042319504427723587,0.9994897842407227,train
339,8.794825407676399e-05,0.0002893811615649611,0.9996227025985718,train
340,0.00012215424794703722,0.00028575348551385105,0.999592125415802,train
341,0.00010153245239052922,0.00040070543764159083,0.9994977712631226,train
342,8.073644858086482e-05,0.0003484425542410463,0.9995707869529724,train
343,0.0004515690088737756,0.0005337636102922261,0.9990146160125732,train
344,0.00010187129373662174,0.0004141657263971865,0.9994839429855347,train
345,9.64888313319534e-05,0.0004050983989145607,0.9994983673095703,train
348,0.997593343257904,0.0013998226495459676,0.0010068039409816265,train
349,0.9988001585006714,0.0007043370860628784,0.0004954194300808012,train
350,0.9982972741127014,0.0012709753355011344,0.0004317505517974496,train
351,0.0001499115751357749,5.5361328122671694e-05,0.9997947812080383,train
352,5.541501741390675e-05,5.316564784152433e-05,0.9998914003372192,train
353,0.00010492472210898995,3.793075666180812e-05,0.9998571872711182,train
354,8.012243779376149e-05,5.171411612536758e-05,0.9998681545257568,train
355,0.0005443022237159312,0.0014530390035361052,0.9980027079582214,train
356,0.0001675943931331858,0.00044811851694248617,0.9993842840194702,train
358,0.0002686205261852592,0.0033411288168281317,0.996390163898468,train
359,0.00010275674139847979,0.0007613911875523627,0.9991357922554016,train
360,0.0001370577811030671,0.0018129547825083137,0.9980499744415283,train
362,0.00031529745319858193,0.000943334773182869,0.9987414479255676,train
363,0.00010325622133677825,0.0008709296234883368,0.999025821685791,train
365,9.434716048417613e-05,0.00039700508932583034,0.9995086193084717,train
366,0.0001224186271429062,0.001002922304905951,0.9988746047019958,train
367,7.74508953327313e-05,0.0004635023942682892,0.9994590878486633,train
368,3.5132834454998374e-05,0.00027189968386664987,0.9996929168701172,train
369,8.326212264364585e-05,0.00047950909356586635,0.999437153339386,train
370,5.9172460169065744e-05,0.0005197834107093513,0.9994210004806519,train
371,0.00010388741065980867,0.0008967555477283895,0.9989994168281555,train
372,7.898514741100371e-05,0.0005663146730512381,0.9993546605110168,train
373,0.00016650868928991258,0.0009189720149151981,0.9989145994186401,train
374,8.52628581924364e-05,0.0004711333313025534,0.9994435906410217,train
375,0.00021386067965067923,0.0007089150603860617,0.9990772008895874,train
376,0.00011901721882168204,0.0006331782788038254,0.9992478489875793,train
377,0.00012286947458051145,0.001043901895172894,0.9988332390785217,train
378,0.00010008881508838385,0.0009369409526698291,0.9989629983901978,train
379,7.1223548729904e-05,0.0002602080930955708,0.9996684789657593,train
380,9.400660928804427e-05,0.0009127623052336276,0.9989932179450989,train
381,7.93131475802511e-05,0.0004663405125029385,0.9994543194770813,train
382,5.87151589570567e-05,0.0003841986763291061,0.9995570778846741,train
383,7.748565258225426e-05,0.0003133677237201482,0.9996091723442078,train
384,4.804864147445187e-05,0.0003213065501768142,0.9996306896209717,train
385,8.736494783079252e-05,0.0006861748988740146,0.999226450920105,train
386,0.00016984451212920249,0.0006112093687988818,0.9992189407348633,train
387,7.950986764626577e-05,0.0003981039917562157,0.9995224475860596,train
388,6.942483014427125e-05,0.0004235426604282111,0.999506950378418,train
389,9.360560216009617e-05,0.0002846009156201035,0.9996217489242554,train
390,9.423837036592886e-05,0.00035506425774656236,0.9995506405830383,train
391,0.0003535677387844771,0.0006735833012498915,0.9989728927612305,train
393,0.00019965667161159217,0.00041997386142611504,0.999380350112915,train
394,0.00031850842060521245,0.0004965127445757389,0.9991850256919861,train
396,9.343143028672785e-05,0.0002676195581443608,0.9996389150619507,train
397,0.00025222593103535473,0.0005735790473408997,0.9991740584373474,train
399,7.811072282493114e-05,0.00021666428074240685,0.9997052550315857,train
400,0.00036754526081494987,0.0007583713158965111,0.9988740086555481,train
403,0.00013039731129538268,0.0006324377027340233,0.9992371797561646,train
404,7.223906141007319e-05,0.00032970175379887223,0.9995980858802795,train
410,0.9864176511764526,0.0035214999224990606,0.010060840286314487,train
412,0.9837689995765686,0.0067844390869140625,0.00944652408361435,train
414,0.9848477244377136,0.003299606731161475,0.01185271143913269,train
415,0.0001185540750157088,0.0003955271386075765,0.9994858503341675,train
416,0.00021952949464321136,0.0004681853170040995,0.9993122816085815,train
422,0.00016873305139597505,0.00045559467980638146,0.9993757605552673,train
423,0.00043721383553929627,0.0005195713602006435,0.9990431666374207,train
425,0.00013553330791182816,0.0004166510479990393,0.999447762966156,train
426,0.00013097196642775089,0.00033648769021965563,0.9995325803756714,train
429,0.00029085204005241394,0.0003779838152695447,0.9993312358856201,train
430,0.00030936067923903465,0.0004500641080085188,0.9992406368255615,train
431,0.00019540310313459486,0.00043449195800349116,0.9993701577186584,train
434,5.597552080871537e-05,0.00024442715221084654,0.999699592590332,train
435,0.00019269234326202422,0.0003994989674538374,0.9994078874588013,train
436,0.0001876741589512676,0.0002799461653921753,0.9995324611663818,train
437,0.00012826197780668736,0.0002926935558207333,0.999579131603241,train
438,7.443950744345784e-05,0.0001583214325364679,0.9997672438621521,train
443,0.00020492641488090158,0.00044894643360748887,0.9993461966514587,train
444,0.00021308552823029459,0.0005872711772099137,0.9991996884346008,train
445,0.00015791668556630611,0.000664926425088197,0.9991771578788757,train
446,0.0002363281964790076,0.0005412872997112572,0.9992223978042603,train
449,0.6172808408737183,0.24339772760868073,0.1393214911222458,train
452,0.25761938095092773,0.44244563579559326,0.299934983253479,train
453,0.00016514987510163337,0.0002923684078268707,0.9995424747467041,train
463,0.0001200340484501794,0.00020165552268736064,0.999678373336792,train
464,0.0005436064093373716,0.0008593379752710462,0.9985969662666321,train
465,0.00015894140233285725,0.0005036932416260242,0.999337375164032,train
466,0.00029613866354338825,0.0005707642412744462,0.9991331696510315,train
468,0.0001908602425828576,0.0005034889909438789,0.9993056058883667,train
469,0.00022711470955982804,0.0004123679536860436,0.9993606209754944,train
470,0.00017756181478034705,0.0005252861883491278,0.999297022819519,train
471,0.0001547809806652367,0.00031813103123568,0.999527096748352,train
472,0.0001497037592343986,0.00042584940092638135,0.9994244575500488,train
473,0.00014192606613505632,0.00022105358948465437,0.9996370077133179,train
474,0.00012133404379710555,0.00030882403370924294,0.999569833278656,train
475,0.00012963515473529696,0.00037188571877777576,0.9994984865188599,train
476,0.0001726959308143705,0.0003341249539516866,0.9994932413101196,train
478,0.00032216840190812945,0.0005112934159114957,0.9991664886474609,train
479,0.0001361362519674003,0.0016806352650746703,0.9981831908226013,train
480,0.0002953085640911013,0.0028342201840132475,0.9968704581260681,train
481,0.00015386045561172068,0.0011363448575139046,0.9987097978591919,train
482,0.00012640844215638936,0.0013213662896305323,0.9985522627830505,train
483,0.00028071331325918436,0.0021042346488684416,0.9976150989532471,train
484,0.00034224078990519047,0.0006036334089003503,0.9990541338920593,train
485,0.0001686586911091581,0.00026232912205159664,0.9995689988136292,train
486,0.0001737524289637804,0.0005509855109266937,0.999275267124176,train
487,0.00018006142636295408,0.0004827527445740998,0.9993372559547424,train
488,0.0005960349226370454,0.0010205578291788697,0.9983834028244019,train
489,0.0002822974347509444,0.0007738418062217534,0.9989438652992249,train
490,0.0003173632430844009,0.0011376682668924332,0.9985450506210327,train
491,0.00020897333160974085,0.0005014250054955482,0.9992896318435669,train
492,0.0001306550984736532,0.00030627436353825033,0.9995631575584412,train
493,0.00014331156853586435,0.0003132834390271455,0.9995433688163757,train
494,0.0002188169746659696,0.000410510809160769,0.9993706345558167,train
495,0.00018973842088598758,0.0005289430264383554,0.9992813467979431,train
497,0.00015420305135194212,0.0004651389317587018,0.9993807077407837,train
499,0.00015391090710181743,0.00037425203481689095,0.9994718432426453,train
504,4.974288822268136e-05,0.00029196313698776066,0.9996583461761475,train
507,0.00012472514936234802,0.00045121629955247045,0.9994240999221802,train
510,9.844268788583577e-05,0.0003859711578115821,0.9995156526565552,train
511,0.00498795323073864,0.07015970349311829,0.9248523712158203,train
512,0.009128021076321602,0.07860160619020462,0.9122703671455383,train
514,8.7313586845994e-05,0.0007935097673907876,0.999119222164154,train
515,0.38853123784065247,0.4198189973831177,0.19164973497390747,train
517,0.00010600269888527691,0.0002493952924851328,0.9996445178985596,train
518,0.00022482550411950797,0.0011393286986276507,0.9986358284950256,train
520,0.0001693551312200725,0.00044929052819497883,0.9993813037872314,train
521,0.00012963796325493604,0.00037491173134185374,0.9994953870773315,train
523,0.0009422303992323577,0.0015095273265615106,0.9975482821464539,train
524,0.00025140552315860987,0.0006453079404309392,0.999103307723999,train
526,0.000224345872993581,0.0006038009305484593,0.9991718530654907,train
527,0.00017956621013581753,0.000541134097147733,0.9992793202400208,train
529,0.1724010556936264,0.7113956212997437,0.11620325595140457,train
533,0.9781944155693054,0.004780354909598827,0.017025254666805267,train
534,0.959217369556427,0.005341511685401201,0.0354410856962204,train
535,0.8067509531974792,0.06463616341352463,0.12861278653144836,train
536,0.9711484909057617,0.005314039997756481,0.023537375032901764,train
540,0.9672262072563171,0.005429016426205635,0.027344781905412674,train
2,0.00014644926704932004,0.00022619149240199476,0.9996273517608643,val
3,0.0003118945751339197,0.0003820972633548081,0.9993060827255249,val
4,0.00012741642422042787,0.00045705572119913995,0.9994156360626221,val
14,0.00012451174552552402,0.00041394951404072344,0.9994615912437439,val
20,0.00017138695693574846,0.00038880936335772276,0.9994397759437561,val
21,0.0001409221877111122,0.00042431597830727696,0.999434769153595,val
22,0.00024604436475783587,0.0003767026646528393,0.9993773102760315,val
23,0.0002651749236974865,0.0004270933859515935,0.9993077516555786,val
24,0.00011839882063213736,0.00029858911875635386,0.9995829463005066,val
25,0.00021140556782484055,0.0009069019579328597,0.9988817572593689,val
26,0.00021547080541495234,0.0004383761843200773,0.9993460774421692,val
27,0.00020276266150176525,0.0005906058358959854,0.9992067217826843,val
28,0.0001983229158213362,0.00043870435911230743,0.9993630051612854,val
29,0.0002631550596561283,0.0006154935108497739,0.999121367931366,val
59,0.0004632160416804254,0.0006532181869260967,0.9988835453987122,val
89,0.00017213969840668142,0.00045357400085777044,0.9993743300437927,val
90,0.00015655570314265788,0.00045212588156573474,0.9993913173675537,val
91,0.000418442563386634,0.0009921971941366792,0.9985893368721008,val
92,0.00018679841014090925,0.00043744072900153697,0.9993757605552673,val
93,0.00024246082466561347,0.0004969846922904253,0.9992606043815613,val
94,0.000198485839064233,0.000577744038309902,0.9992238283157349,val
95,0.00019817502470687032,0.00036861622356809676,0.9994332194328308,val
170,0.00015135100693441927,0.0003225983236916363,0.9995261430740356,val
192,0.00014581202412955463,0.0008668064838275313,0.9989873766899109,val
195,0.00019713294750545174,0.0006605920498259366,0.9991422891616821,val
198,0.0003986061201430857,0.0016317364061251283,0.9979695677757263,val
203,0.00015614370931871235,0.00044294018880464137,0.9994008541107178,val
204,0.000373273272998631,0.0004344168701209128,0.9991922974586487,val
205,0.00013425343786366284,0.00035499403020367026,0.9995107650756836,val
206,0.0001374826970277354,0.00023520617105532438,0.9996272325515747,val
207,0.0003125018556602299,0.00041702546877786517,0.999270498752594,val
208,0.0003243348910473287,0.0005875307833775878,0.9990881681442261,val
213,0.00016841126489453018,0.0005707266391254961,0.9992608428001404,val
224,0.0001524183462606743,0.0002730031555984169,0.999574601650238,val
227,0.0001835448492784053,0.00041255904943682253,0.9994038343429565,val
228,0.0002331942378077656,0.0006055859848856926,0.9991612434387207,val
229,0.0001985219569178298,0.00035100794048048556,0.9994505047798157,val
230,0.00021316806669346988,0.0008214534027501941,0.9989653825759888,val
260,0.00017517994274385273,0.0006089724483899772,0.999215841293335,val
292,0.00013067098916508257,0.00042676253360696137,0.9994425177574158,val
299,8.591393998358399e-05,0.0001819658646127209,0.9997320771217346,val
313,0.00022130570141598582,0.0003806183231063187,0.9993979930877686,val
323,0.0004936871700920165,0.0023153044749051332,0.9971910119056702,val
326,0.00014821664080955088,0.0004202594282105565,0.9994315505027771,val
346,0.9019757509231567,0.01862562634050846,0.07939861714839935,val
347,0.9173409938812256,0.020723672583699226,0.06193536892533302,val
357,0.0001370902464259416,0.00108420941978693,0.998778760433197,val
361,0.00011173116945428774,0.000485114345792681,0.9994031190872192,val
364,8.132692164508626e-05,0.0004060508217662573,0.9995125532150269,val
402,0.0001708703930489719,0.0007535641198046505,0.9990755319595337,val
405,0.00016059265180956572,0.0005873803747817874,0.9992520213127136,val
411,0.9796083569526672,0.006394635420292616,0.013996890746057034,val
413,0.9856583476066589,0.00577964773401618,0.008561963215470314,val
417,0.0002183655888075009,0.0005028766463510692,0.9992788434028625,val
418,0.0001898885820992291,0.0004283159214537591,0.9993817806243896,val
419,0.000562743516638875,0.0006996536394581199,0.9987375140190125,val
420,0.0002773662854451686,0.0007467729737982154,0.9989758729934692,val
421,0.0001542949612485245,0.0002401347883278504,0.9996055960655212,val
427,0.00010645435395417735,0.0002401874662609771,0.9996533393859863,val
432,0.00014484647545032203,0.0002860852691810578,0.9995689988136292,val
439,0.0004723044694401324,0.0009478760184720159,0.998579740524292,val
440,0.00029278857982717454,0.0011528999311849475,0.9985542893409729,val
447,0.00013719723210670054,0.00024460710119456053,0.9996181726455688,val
448,0.00030769023578613997,0.000961577461566776,0.9987307190895081,val
450,0.49883607029914856,0.3765135109424591,0.12465043365955353,val
451,0.37032651901245117,0.43650639057159424,0.19316710531711578,val
460,0.0001251446665264666,0.0004955596523359418,0.9993792772293091,val
461,0.00012886484910268337,0.0004910495481453836,0.9993799924850464,val
462,0.00024217493773903698,0.00045825651613995433,0.9992995262145996,val
498,0.00015811693447176367,0.0003799311234615743,0.9994619488716125,val
501,0.00012948729272466153,0.00040877374703995883,0.9994617104530334,val
503,0.0003353857609909028,0.0008018095977604389,0.9988627433776855,val
506,0.00024528667563572526,0.0009720400557853281,0.9987826943397522,val
509,0.00039918936090543866,0.0005703915958292782,0.9990304708480835,val
516,0.0002034555363934487,0.0005030998727306724,0.9992934465408325,val
519,0.0006753185880370438,0.0009048105566762388,0.9984198808670044,val
522,0.0003025867627002299,0.0005818184581585228,0.999115526676178,val
525,0.0003356102097313851,0.0004077858757227659,0.9992566704750061,val
532,0.9650627374649048,0.007469333708286285,0.027467895299196243,val
539,0.9750156998634338,0.00492654787376523,0.020057793706655502,val
1,0.00013737240806221962,0.00025578049826435745,0.9996069073677063,test
5,0.0001008661201922223,0.00035786378430202603,0.9995412826538086,test
10,0.9377194046974182,0.059768419712781906,0.00251217745244503,test
13,0.00012646451068576425,0.0004694955423474312,0.9994040727615356,test
32,0.00019207237346563488,0.0017250586533918977,0.9980828762054443,test
35,9.733968909131363e-05,0.00030599383171647787,0.9995966553688049,test
36,0.00022419795277528465,0.0009369728504680097,0.9988388419151306,test
37,9.282480459660292e-05,0.0002475427172612399,0.9996596574783325,test
38,0.00019800293375737965,0.000443969969637692,0.9993579983711243,test
39,0.00022700901899952441,0.0007878628675825894,0.9989851117134094,test
40,0.00011690913379425183,0.0003113432030659169,0.9995717406272888,test
41,0.00038015464087948203,0.0006809335900470614,0.9989389777183533,test
42,0.0001433048164471984,0.00029742790502496064,0.999559223651886,test
43,7.438906322931871e-05,0.00034981389762833714,0.9995757937431335,test
44,0.00011591526708798483,0.0003707311407197267,0.9995133876800537,test
45,0.00017616279365029186,0.0006312206969596446,0.9991926550865173,test
46,0.0003652687883004546,0.0007042937213554978,0.9989305138587952,test
47,0.00028820999432355165,0.0006821861607022583,0.9990296363830566,test
58,0.00015525348135270178,0.00041854468872770667,0.9994262456893921,test
78,0.0002076474338537082,0.00039992545498535037,0.9993923902511597,test
80,0.00025914612342603505,0.0007539396756328642,0.9989868998527527,test
82,0.000233145707170479,0.0005220873863436282,0.9992448091506958,test
84,0.00016649843018967658,0.0005897972732782364,0.9992437362670898,test
85,0.00041907530976459384,0.0007591937901452184,0.9988216757774353,test
109,0.9764316082000732,0.008701515384018421,0.014866909943521023,test
124,0.00012505680206231773,0.0002473290078341961,0.9996275901794434,test
125,0.00014191219815984368,0.0002193510881625116,0.9996386766433716,test
126,0.00013985697296448052,0.00034346929169259965,0.9995166063308716,test
136,0.00022617656213697046,0.00047442541108466685,0.9992992877960205,test
137,0.00012094068370060995,0.0002871241595130414,0.9995918869972229,test
143,0.00016741287254262716,0.00038088293513283134,0.9994516968727112,test
144,0.0006755526992492378,0.0011436239583417773,0.9981808662414551,test
168,9.371805936098099e-05,0.00040278141386806965,0.999503493309021,test
169,8.031155448406935e-05,0.0002926548186223954,0.9996269941329956,test
173,9.015521936817095e-05,0.00038223498268052936,0.9995275735855103,test
220,9.788441093405709e-05,0.00021538215514738113,0.9996868371963501,test
221,0.0001229406479978934,0.00024599238531664014,0.9996310472488403,test
225,0.00022547728440258652,0.0003702315443661064,0.9994041919708252,test
233,0.00011858819198096171,0.0003205232787877321,0.9995608925819397,test
244,0.00016642319678794593,0.0007842308259569108,0.9990493655204773,test
290,8.811266161501408e-05,0.0002927153545897454,0.9996192455291748,test
312,0.00019131095905322582,0.0003378551627974957,0.9994707703590393,test
314,0.0002447540464345366,0.0003975622821599245,0.9993577599525452,test
315,0.00022723864822182804,0.00035683304304257035,0.9994159936904907,test
316,0.00038746552309021354,0.000488694233354181,0.9991238713264465,test
335,0.0002666775253601372,0.0008285290678031743,0.9989047050476074,test
336,0.00012459819845389575,0.00024241150822490454,0.9996329545974731,test
392,0.0001674044760875404,0.0003042581374756992,0.9995282888412476,test
395,0.00016055117885116488,0.00041932996828109026,0.9994200468063354,test
398,9.246753324987367e-05,0.00023697187134530395,0.9996705055236816,test
401,8.513506327290088e-05,0.0004567615978885442,0.9994580149650574,test
406,0.00027981685707345605,0.0012170204427093267,0.9985032081604004,test
407,0.0004975865012966096,0.0010410845279693604,0.9984613656997681,test
408,0.00023038631479721516,0.0004337059799581766,0.9993358254432678,test
409,8.153278758982196e-05,0.0004575525235850364,0.9994609951972961,test
424,0.0003331260522827506,0.0007811799296177924,0.9988856911659241,test
428,0.00012542710464913398,0.00025994059978984296,0.9996145963668823,test
433,0.00011483288835734129,0.00024234822194557637,0.9996427297592163,test
441,0.0002336406905669719,0.00039296745671890676,0.9993733763694763,test
442,0.00036220686160959303,0.0005920075345784426,0.9990457892417908,test
454,0.000593838281929493,0.0008717394666746259,0.9985344409942627,test
455,0.0002576256520114839,0.0004469366103876382,0.9992953538894653,test
456,0.00019682614947669208,0.0003932877443730831,0.9994099140167236,test
457,0.00037589730345644057,0.0012634965823963284,0.9983606934547424,test
458,0.00026848207926377654,0.000607237801887095,0.9991243481636047,test
459,0.00024605184444226325,0.0003720840613823384,0.9993818998336792,test
467,0.0001756268902681768,0.0003130750556010753,0.9995112419128418,test
477,5.642614996759221e-05,0.00026434287428855896,0.9996793270111084,test
496,0.00013753867824561894,0.0012559146853163838,0.9986066222190857,test
500,0.00015717739006504416,0.0005471032345667481,0.999295711517334,test
502,0.0001053261585184373,0.00029182949219830334,0.9996028542518616,test
505,8.702010381966829e-05,0.00037684213020838797,0.9995361566543579,test
508,7.904078665887937e-05,0.0002484740107320249,0.999672532081604,test
513,0.00010118246427737176,0.0005162439192645252,0.9993826150894165,test
528,0.9861339926719666,0.013297075405716896,0.0005689743557013571,test
530,0.7302111983299255,0.26711010932922363,0.002678678371012211,test
531,0.9441192150115967,0.0168214850127697,0.03905929625034332,test
537,0.9247779250144958,0.012725426815450191,0.06249658390879631,test
538,0.9564061760902405,0.009346368722617626,0.03424742817878723,test
