row_id,split,name,SMILES,doi,pce,pred_pce,residual_pce,voc,pred_voc,residual_voc,jsc,pred_jsc,residual_jsc,ff,pred_ff,residual_ff
1,test,4PACz,O=P(O)(O)CCCCn1c2ccccc2c2ccccc21,10.1021/acsami.2c01900,16.6,17.849323272705078,1.2493232727050767,,,,,,,,,
5,test,Me-4PACz,Cc1ccc2c(c1)c1ccc(C)cc1n2CCCCP(=O)(O)O,10.1002/smll.202411457,19.32,18.06480598449707,-1.25519401550293,,,,,,,,,
10,test,F8-SAM,O=P(O)(O)CCC(F)(F)C(F)(F)C(F)(F)C(F)(F)C(F)(F)C(F)(F)F,10.1021/jp406625e,2.61,3.2692461013793945,0.6592461013793947,,,,,,,,,
13,test,"4,5-Cl-2PACz",O=P(O)(O)CCn1c2cccc(Cl)c2c2c(Cl)cccc21,10.1002/aenm.202303354,18.67,17.783817291259766,-0.8861827087402361,,,,,,,,,
32,test,Me-4PACz,Cc1ccc2c(c1)c1ccc(C)cc1n2CCCCP(=O)(O)O,10.1063/5.0215972,17.06,16.851320266723633,-0.2086797332763659,,,,,,,,,
35,test,Me-4PACz,Cc1ccc2c(c1)c1ccc(C)cc1n2CCCCP(=O)(O)O,10.1002/smll.202411457,18.73,18.36292266845703,-0.3670773315429692,,,,,,,,,
36,test,Me-4PACz,Cc1ccc2c(c1)c1ccc(C)cc1n2CCCCP(=O)(O)O,10.1002/smll.202411457,17.37,18.29767799377441,0.9276779937744095,,,,,,,,,
37,test,Me-4PACz,Cc1ccc2c(c1)c1ccc(C)cc1n2CCCCP(=O)(O)O,10.1002/smll.202411457,18.04,18.399991989135746,0.3599919891357466,,,,,,,,,
38,test,Me-4PACz,Cc1ccc2c(c1)c1ccc(C)cc1n2CCCCP(=O)(O)O,10.1002/smll.202411457,19.32,18.325336456298828,-0.9946635437011722,,,,,,,,,
39,test,Me-4PACz,Cc1ccc2c(c1)c1ccc(C)cc1n2CCCCP(=O)(O)O,10.1002/smll.202411457,18.01,18.242902755737305,0.23290275573730312,,,,,,,,,
40,test,Me-4PACz,Cc1ccc2c(c1)c1ccc(C)cc1n2CCCCP(=O)(O)O,10.1002/smll.202411457,20.42,18.26348876953125,-2.1565112304687517,,,,,,,,,
41,test,Me-4PACz,Cc1ccc2c(c1)c1ccc(C)cc1n2CCCCP(=O)(O)O,10.1002/smll.202411457,20.2,18.21774101257324,-1.9822589874267607,,,,,,,,,
42,test,Me-4PACz,Cc1ccc2c(c1)c1ccc(C)cc1n2CCCCP(=O)(O)O,10.1002/smll.202411457,18.49,18.211612701416016,-0.2783872985839828,,,,,,,,,
43,test,Me-4PACz,Cc1ccc2c(c1)c1ccc(C)cc1n2CCCCP(=O)(O)O,10.1002/smll.202411457,17.8,18.283424377441406,0.48342437744140554,,,,,,,,,
44,test,Me-4PACz,Cc1ccc2c(c1)c1ccc(C)cc1n2CCCCP(=O)(O)O,10.1002/smll.202411457,18.33,18.311643600463867,-0.018356399536131107,,,,,,,,,
45,test,Me-4PACz,Cc1ccc2c(c1)c1ccc(C)cc1n2CCCCP(=O)(O)O,10.1002/smll.202411457,18.49,18.27924346923828,-0.2107565307617172,,,,,,,,,
46,test,Me-4PACz,Cc1ccc2c(c1)c1ccc(C)cc1n2CCCCP(=O)(O)O,10.1002/smll.202411457,18.28,18.345766067504883,0.06576606750488168,,,,,,,,,
47,test,Br-2EPO,O=P(O)(O)CCN1c2ccc(Br)cc2Oc2cc(Br)ccc21,10.1002/adfm.202208793,17.21,17.53025245666504,0.3202524566650382,,,,,,,,,
58,test,Me-4PACz,Cc1ccc2c(c1)c1ccc(C)cc1n2CCCCP(=O)(O)O,10.1002/adfm.202406060,17.97,17.69037437438965,-0.2796256256103504,,,,,,,,,
78,test,JJ37,O=P(O)(O)c1ccc(-n2c3cc(-c4ccccc4)ccc3c3ccc(-c4ccccc4)cc32)cc1,10.1002/adfm.202423178,19.7,17.91725730895996,-1.7827426910400384,,,,,,,,,
80,test,JJ37,O=P(O)(O)c1ccc(-n2c3cc(-c4ccccc4)ccc3c3ccc(-c4ccccc4)cc32)cc1,10.1002/adfm.202423178,17.0,17.352081298828125,0.352081298828125,,,,,,,,,
82,test,JJ37,O=P(O)(O)c1ccc(-n2c3cc(-c4ccccc4)ccc3c3ccc(-c4ccccc4)cc32)cc1,10.1002/adfm.202423178,19.25,17.893463134765625,-1.356536865234375,,,,,,,,,
84,test,JJ37,O=P(O)(O)c1ccc(-n2c3cc(-c4ccccc4)ccc3c3ccc(-c4ccccc4)cc32)cc1,10.1002/adfm.202423178,6.23,14.33570957183838,8.10570957183838,,,,,,,,,
85,test,JJ37,O=P(O)(O)c1ccc(-n2c3cc(-c4ccccc4)ccc3c3ccc(-c4ccccc4)cc32)cc1,10.1002/adfm.202423178,16.21,18.16785049438477,1.9578504943847683,,,,,,,,,
109,test,BA,O=C(O)c1ccccc1,10.1002/adma.201600197,6.1,8.153593063354492,2.0535930633544925,,,,,,,,,
124,test,Me-4PACz,Cc1ccc2c(c1)c1ccc(C)cc1n2CCCCP(=O)(O)O,10.1002/adma.202400342,19.38,18.42566680908203,-0.9543331909179678,,,,,,,,,
125,test,Me-4PACz,Cc1ccc2c(c1)c1ccc(C)cc1n2CCCCP(=O)(O)O,10.1002/adma.202400342,16.97,17.978151321411133,1.008151321411134,,,,,,,,,
126,test,Me-4PACz,Cc1ccc2c(c1)c1ccc(C)cc1n2CCCCP(=O)(O)O,10.1002/adma.202400342,17.38,18.41571617126465,1.0357161712646494,,,,,,,,,
136,test,Me-4PACz,Cc1ccc2c(c1)c1ccc(C)cc1n2CCCCP(=O)(O)O,10.1002/adma.202400342,19.06,18.513336181640625,-0.5466638183593737,,,,,,,,,
137,test,Me-4PACz,Cc1ccc2c(c1)c1ccc(C)cc1n2CCCCP(=O)(O)O,10.1002/adma.202400342,17.21,17.96319580078125,0.7531958007812491,,,,,,,,,
143,test,2PAThCz,O=P(O)(O)CCn1c2cc(-c3ccsc3)ccc2c2ccc(-c3ccsc3)cc21,10.1002/adma.202502485,19.52,19.55463218688965,0.034632186889648864,,,,,,,,,
144,test,2PAThCz,O=P(O)(O)CCn1c2cc(-c3ccsc3)ccc2c2ccc(-c3ccsc3)cc21,10.1002/adma.202502485,20.27,19.52516365051269,-0.7448363494873078,,,,,,,,,
168,test,"4,5-Cl-2PACz",O=P(O)(O)CCn1c2cccc(Cl)c2c2c(Cl)cccc21,10.1002/aenm.202303354,18.67,17.536359786987305,-1.133640213012697,,,,,,,,,
169,test,"4,5-Cl-2PACz",O=P(O)(O)CCn1c2cccc(Cl)c2c2c(Cl)cccc21,10.1002/aenm.202303354,19.05,17.518505096435547,-1.5314949035644538,,,,,,,,,
173,test,Me-4PACz,Cc1ccc2c(c1)c1ccc(C)cc1n2CCCCP(=O)(O)O,10.1002/aenm.202401262,15.78,16.899288177490234,1.119288177490235,,,,,,,,,
220,test,Me-4PACz,Cc1ccc2c(c1)c1ccc(C)cc1n2CCCCP(=O)(O)O,10.1002/ente.202501733,6.36,9.819889068603516,3.4598890686035153,,,,,,,,,
221,test,Me-4PACz,Cc1ccc2c(c1)c1ccc(C)cc1n2CCCCP(=O)(O)O,10.1002/ente.202501733,8.08,9.629138946533203,1.549138946533203,,,,,,,,,
225,test,36-Ph-PANI,[*]c1cc2c(cc1)n(c1ccc(P(=O)(O)O)cc1)c1cc(Nc3c(C)cc(C)c(N[*])c3)ccc12,10.1002/marc.202401145,15.08,11.222946166992188,-3.8570538330078126,,,,,,,,,
233,test,Me-4PACz,Cc1ccc2c(c1)c1ccc(C)cc1n2CCCCP(=O)(O)O,10.1002/smll.202411457,17.563,18.051965713500977,0.48896571350097773,,,,,,,,,
244,test,2PACz-D2,CCn1c2ccccc2c2ccc3c4ccccc4n(CCP(=O)(O)O)c3c21,10.1007/s10118-025-3512-6,16.05,18.105005264282227,2.055005264282226,,,,,,,,,
290,test,4PACz,O=P(O)(O)CCCCn1c2ccccc2c2ccccc21,10.1016/j.dyepig.2026.113829,18.4,17.751792907714844,-0.6482070922851548,,,,,,,,,
312,test,DM-BZCz,COc1cc(OC)cc(-c2ccc3c(c2)c2c4ccccc4ccc2n3CCP(=O)(O)O)c1,10.1016/j.mattod.2026.103252,19.79,19.59343719482422,-0.1965628051757804,,,,,,,,,
314,test,DM-BZCz,COc1cc(OC)cc(-c2ccc3c(c2)c2c4ccccc4ccc2n3CCP(=O)(O)O)c1,10.1016/j.mattod.2026.103252,20.54,19.590118408203125,-0.9498815917968741,,,,,,,,,
315,test,DM-BZCz,COc1cc(OC)cc(-c2ccc3c(c2)c2c4ccccc4ccc2n3CCP(=O)(O)O)c1,10.1016/j.mattod.2026.103252,18.96,18.88910675048828,-0.0708932495117196,,,,,,,,,
316,test,DM-BZCz,COc1cc(OC)cc(-c2ccc3c(c2)c2c4ccccc4ccc2n3CCP(=O)(O)O)c1,10.1016/j.mattod.2026.103252,19.71,19.59588623046875,-0.11411376953125085,,,,,,,,,
335,test,Me-4PACz,Cc1ccc2c(c1)c1ccc(C)cc1n2CCCCP(=O)(O)O,10.1002/smll.202411457,18.35,18.224912643432617,-0.12508735656738423,,,,,,,,,
336,test,Me-4PACz,Cc1ccc2c(c1)c1ccc(C)cc1n2CCCCP(=O)(O)O,10.1002/smll.202411457,18.08,18.37614631652832,0.296146316528322,,,,,,,,,
392,test,4PACz,O=P(O)(O)CCCCn1c2ccccc2c2ccccc21,10.1021/acsami.2c01900,16.3,17.760395050048828,1.4603950500488274,,,,,,,,,
395,test,4PACz,O=P(O)(O)CCCCn1c2ccccc2c2ccccc21,10.1021/acsami.2c01900,15.7,17.80887794494629,2.1088779449462898,,,,,,,,,
398,test,4PACz,O=P(O)(O)CCCCn1c2ccccc2c2ccccc21,10.1021/acsami.2c01900,16.4,17.644376754760742,1.2443767547607436,,,,,,,,,
401,test,4PACz,O=P(O)(O)CCCCn1c2ccccc2c2ccccc21,10.1021/acsami.2c01900,16.3,17.86590003967285,1.5659000396728509,,,,,,,,,
406,test,pPhPADCB,O=P(O)(O)c1ccc(-n2c3cc4ccccc4cc3c3c4ccccc4ccc32)cc1,10.1021/acsami.6c00619,17.42,15.575121879577637,-1.844878120422365,,,,,,,,,
407,test,pPhPADCB,O=P(O)(O)c1ccc(-n2c3cc4ccccc4cc3c3c4ccccc4ccc32)cc1,10.1021/acsami.6c00619,19.28,18.224977493286133,-1.0550225067138683,,,,,,,,,
408,test,pPhPADCB,O=P(O)(O)c1ccc(-n2c3cc4ccccc4cc3c3c4ccccc4ccc32)cc1,10.1021/acsami.6c00619,19.47,18.35479164123535,-1.1152083587646473,,,,,,,,,
409,test,pPhPADCB,O=P(O)(O)c1ccc(-n2c3cc4ccccc4cc3c3c4ccccc4ccc32)cc1,10.1021/acsami.6c00619,13.6,15.758759498596191,2.1587594985961918,,,,,,,,,
424,test,Me-4PACz,Cc1ccc2c(c1)c1ccc(C)cc1n2CCCCP(=O)(O)O,10.1021/acsenergylett.4c01564,17.72,18.143808364868164,0.4238083648681652,,,,,,,,,
428,test,2-Br-2PACz,O=P(O)(O)CCn1c2ccccc2c2ccc(Br)cc21,10.1021/acsenergylett.5c02585,18.98,17.9581356048584,-1.021864395141602,,,,,,,,,
433,test,2-Br-2PACz,O=P(O)(O)CCn1c2ccccc2c2ccc(Br)cc21,10.1021/acsenergylett.5c02585,20.05,17.944047927856445,-2.1059520721435554,,,,,,,,,
441,test,3-BPIC-F,O=P(O)(O)CCCn1c2ccc(F)cc2c2ccc3c4cc(F)ccc4n(CCCP(=O)(O)O)c3c21,10.1021/acssuschemeng.6c01237,17.99,18.638673782348636,0.6486737823486379,,,,,,,,,
442,test,3-BPIC-F,O=P(O)(O)CCCn1c2ccc(F)cc2c2ccc3c4cc(F)ccc4n(CCCP(=O)(O)O)c3c21,10.1021/acssuschemeng.6c01237,18.48,18.594606399536133,0.11460639953613239,,,,,,,,,
454,test,3-BPIC-F,O=P(O)(O)CCCn1c2ccc(F)cc2c2ccc3c4cc(F)ccc4n(CCCP(=O)(O)O)c3c21,10.1021/jacs.4c03917,19.71,18.56291007995605,-1.1470899200439497,,,,,,,,,
455,test,3-BPIC-F,O=P(O)(O)CCCn1c2ccc(F)cc2c2ccc3c4cc(F)ccc4n(CCCP(=O)(O)O)c3c21,10.1021/jacs.4c03917,17.25,18.600229263305664,1.350229263305664,,,,,,,,,
456,test,3-BPIC-F,O=P(O)(O)CCCn1c2ccc(F)cc2c2ccc3c4cc(F)ccc4n(CCCP(=O)(O)O)c3c21,10.1021/jacs.4c03917,18.87,18.605615615844727,-0.26438438415527443,,,,,,,,,
457,test,3-BPIC-F,O=P(O)(O)CCCn1c2ccc(F)cc2c2ccc3c4cc(F)ccc4n(CCCP(=O)(O)O)c3c21,10.1021/jacs.4c03917,18.46,17.835432052612305,-0.6245679473876962,,,,,,,,,
458,test,3-BPIC-F,O=P(O)(O)CCCn1c2ccc(F)cc2c2ccc3c4cc(F)ccc4n(CCCP(=O)(O)O)c3c21,10.1021/jacs.4c03917,19.24,18.70058250427246,-0.5394174957275375,,,,,,,,,
459,test,3-BPIC-F,O=P(O)(O)CCCn1c2ccc(F)cc2c2ccc3c4cc(F)ccc4n(CCCP(=O)(O)O)c3c21,10.1021/jacs.4c03917,19.2,18.62681770324707,-0.573182296752929,,,,,,,,,
467,test,m-PhPACz,COc1cccc(-c2ccc3c(c2)c2ccc(-c4cccc(OC)c4)cc2n3CCP(=O)(O)O)c1,10.1021/jacs.5c08124,19.09,18.20215606689453,-0.8878439331054686,,,,,,,,,
477,test,MeO-4PACz,COc1ccc2c(c1)c1ccc(OC)cc1n2CCCCP(=O)(O)O,10.31635/ccschem.024.202404707,14.68,9.4881010055542,-5.1918989944458005,,,,,,,,,
496,test,CBZC4,CC(C)(C)c1ccc2c(c1)c1ccc(C(C)(C)C)cc1n2CCCCP(=O)(O)O,10.1039/d4ta09141h,16.2,15.663455963134766,-0.5365440368652337,,,,,,,,,
500,test,4PACz,O=P(O)(O)CCCCn1c2ccccc2c2ccccc21,10.20517/energymater.2026.25,18.28,17.886009216308594,-0.3939907836914074,,,,,,,,,
502,test,4PACz,O=P(O)(O)CCCCn1c2ccccc2c2ccccc21,10.20517/energymater.2026.25,16.21,15.428644180297852,-0.7813558197021493,,,,,,,,,
505,test,4PACz,O=P(O)(O)CCCCn1c2ccccc2c2ccccc21,10.20517/energymater.2026.25,15.4,14.99294662475586,-0.407053375244141,,,,,,,,,
508,test,4PACz,O=P(O)(O)CCCCn1c2ccccc2c2ccccc21,10.20517/energymater.2026.25,17.44,17.80048179626465,0.36048179626464716,,,,,,,,,
513,test,Me-4PACz,Cc1ccc2c(c1)c1ccc(C)cc1n2CCCCP(=O)(O)O,10.1063/5.0215972,17.06,16.970129013061523,-0.08987098693847528,,,,,,,,,
528,test,C3-SAM,NCCC(=O)O,10.1088/1674-1056/27/7/078802,3.04,2.497500419616699,-0.5424995803833008,,,,,,,,,
530,test,FOPA,O=P(O)(O)CC(F)(F)C(F)(F)C(F)(F)C(F)(F)C(F)(F)C(F)(F)F,10.1039/b823148f,3.4,3.3531599044799805,-0.04684009552001944,,,,,,,,,
531,test,BA,O=C(O)c1ccccc1,10.1039/c1ee00005e,2.41,2.1003665924072266,-0.3096334075927736,,,,,,,,,
537,test,CPA,O=P(O)(O)c1ccc(Cl)cc1,10.1039/c1ee00005e,2.6,2.776566505432129,0.17656650543212882,,,,,,,,,
538,test,BA,O=C(O)c1ccccc1,10.1039/c1ee00005e,1.6,2.3133459091186523,0.7133459091186523,,,,,,,,,
1,test,4PACz,O=P(O)(O)CCCCn1c2ccccc2c2ccccc21,10.1021/acsami.2c01900,,,,0.86,0.8687804341316223,0.008780434131622328,,,,,,
5,test,Me-4PACz,Cc1ccc2c(c1)c1ccc(C)cc1n2CCCCP(=O)(O)O,10.1002/smll.202411457,,,,0.916,0.8741848468780518,-0.04181515312194828,,,,,,
10,test,F8-SAM,O=P(O)(O)CCC(F)(F)C(F)(F)C(F)(F)C(F)(F)C(F)(F)C(F)(F)F,10.1021/jp406625e,,,,0.58,0.4926460385322571,-0.08735396146774288,,,,,,
13,test,"4,5-Cl-2PACz",O=P(O)(O)CCn1c2cccc(Cl)c2c2c(Cl)cccc21,10.1002/aenm.202303354,,,,0.842,0.8644911050796509,0.022491105079650908,,,,,,
32,test,Me-4PACz,Cc1ccc2c(c1)c1ccc(C)cc1n2CCCCP(=O)(O)O,10.1063/5.0215972,,,,0.826,0.8414059281349182,0.015405928134918256,,,,,,
35,test,Me-4PACz,Cc1ccc2c(c1)c1ccc(C)cc1n2CCCCP(=O)(O)O,10.1002/smll.202411457,,,,0.901,0.8734907507896423,-0.02750924921035769,,,,,,
36,test,Me-4PACz,Cc1ccc2c(c1)c1ccc(C)cc1n2CCCCP(=O)(O)O,10.1002/smll.202411457,,,,0.886,0.8786928653717041,-0.007307134628295908,,,,,,
37,test,Me-4PACz,Cc1ccc2c(c1)c1ccc(C)cc1n2CCCCP(=O)(O)O,10.1002/smll.202411457,,,,0.899,0.8744629621505737,-0.02453703784942629,,,,,,
38,test,Me-4PACz,Cc1ccc2c(c1)c1ccc(C)cc1n2CCCCP(=O)(O)O,10.1002/smll.202411457,,,,0.916,0.8730562329292297,-0.0429437670707703,,,,,,
39,test,Me-4PACz,Cc1ccc2c(c1)c1ccc(C)cc1n2CCCCP(=O)(O)O,10.1002/smll.202411457,,,,0.892,0.8787860870361328,-0.013213912963867203,,,,,,
40,test,Me-4PACz,Cc1ccc2c(c1)c1ccc(C)cc1n2CCCCP(=O)(O)O,10.1002/smll.202411457,,,,0.907,0.8709788918495178,-0.036021108150482206,,,,,,
41,test,Me-4PACz,Cc1ccc2c(c1)c1ccc(C)cc1n2CCCCP(=O)(O)O,10.1002/smll.202411457,,,,0.911,0.8699086308479309,-0.041091369152069124,,,,,,
42,test,Me-4PACz,Cc1ccc2c(c1)c1ccc(C)cc1n2CCCCP(=O)(O)O,10.1002/smll.202411457,,,,0.859,0.8685265779495239,0.00952657794952394,,,,,,
43,test,Me-4PACz,Cc1ccc2c(c1)c1ccc(C)cc1n2CCCCP(=O)(O)O,10.1002/smll.202411457,,,,0.866,0.8710669875144958,0.005066987514495858,,,,,,
44,test,Me-4PACz,Cc1ccc2c(c1)c1ccc(C)cc1n2CCCCP(=O)(O)O,10.1002/smll.202411457,,,,0.891,0.8746444582939148,-0.01635554170608522,,,,,,
45,test,Me-4PACz,Cc1ccc2c(c1)c1ccc(C)cc1n2CCCCP(=O)(O)O,10.1002/smll.202411457,,,,0.898,0.8740816712379456,-0.023918328762054464,,,,,,
46,test,Me-4PACz,Cc1ccc2c(c1)c1ccc(C)cc1n2CCCCP(=O)(O)O,10.1002/smll.202411457,,,,0.897,0.8745402693748474,-0.022459730625152607,,,,,,
47,test,Br-2EPO,O=P(O)(O)CCN1c2ccc(Br)cc2Oc2cc(Br)ccc21,10.1002/adfm.202208793,,,,0.853,0.8520994186401367,-0.0009005813598632617,,,,,,
58,test,Me-4PACz,Cc1ccc2c(c1)c1ccc(C)cc1n2CCCCP(=O)(O)O,10.1002/adfm.202406060,,,,0.846,0.8504701256752014,0.004470125675201442,,,,,,
78,test,JJ37,O=P(O)(O)c1ccc(-n2c3cc(-c4ccccc4)ccc3c3ccc(-c4ccccc4)cc32)cc1,10.1002/adfm.202423178,,,,0.847,0.8556014895439148,0.00860148954391482,,,,,,
80,test,JJ37,O=P(O)(O)c1ccc(-n2c3cc(-c4ccccc4)ccc3c3ccc(-c4ccccc4)cc32)cc1,10.1002/adfm.202423178,,,,0.848,0.8449169397354126,-0.0030830602645873784,,,,,,
82,test,JJ37,O=P(O)(O)c1ccc(-n2c3cc(-c4ccccc4)ccc3c3ccc(-c4ccccc4)cc32)cc1,10.1002/adfm.202423178,,,,0.852,0.8536573052406311,0.001657305240631124,,,,,,
84,test,JJ37,O=P(O)(O)c1ccc(-n2c3cc(-c4ccccc4)ccc3c3ccc(-c4ccccc4)cc32)cc1,10.1002/adfm.202423178,,,,0.728,0.7958114147186279,0.06781141471862795,,,,,,
85,test,JJ37,O=P(O)(O)c1ccc(-n2c3cc(-c4ccccc4)ccc3c3ccc(-c4ccccc4)cc32)cc1,10.1002/adfm.202423178,,,,0.832,0.8632985353469849,0.0312985353469849,,,,,,
109,test,BA,O=C(O)c1ccccc1,10.1002/adma.201600197,,,,0.655,0.7706032991409302,0.11560329914093015,,,,,,
124,test,Me-4PACz,Cc1ccc2c(c1)c1ccc(C)cc1n2CCCCP(=O)(O)O,10.1002/adma.202400342,,,,0.85,0.866849422454834,0.016849422454834007,,,,,,
125,test,Me-4PACz,Cc1ccc2c(c1)c1ccc(C)cc1n2CCCCP(=O)(O)O,10.1002/adma.202400342,,,,0.81,0.8435404896736145,0.03354048967361445,,,,,,
126,test,Me-4PACz,Cc1ccc2c(c1)c1ccc(C)cc1n2CCCCP(=O)(O)O,10.1002/adma.202400342,,,,0.82,0.8675422072410583,0.0475422072410584,,,,,,
136,test,Me-4PACz,Cc1ccc2c(c1)c1ccc(C)cc1n2CCCCP(=O)(O)O,10.1002/adma.202400342,,,,0.89,0.8680087327957153,-0.02199126720428468,,,,,,
137,test,Me-4PACz,Cc1ccc2c(c1)c1ccc(C)cc1n2CCCCP(=O)(O)O,10.1002/adma.202400342,,,,0.84,0.8431631922721863,0.0031631922721863104,,,,,,
143,test,2PAThCz,O=P(O)(O)CCn1c2cc(-c3ccsc3)ccc2c2ccc(-c3ccsc3)cc21,10.1002/adma.202502485,,,,0.896,0.8878153562545776,-0.008184643745422382,,,,,,
144,test,2PAThCz,O=P(O)(O)CCn1c2cc(-c3ccsc3)ccc2c2ccc(-c3ccsc3)cc21,10.1002/adma.202502485,,,,0.888,0.8873050808906555,-0.000694919109344494,,,,,,
168,test,"4,5-Cl-2PACz",O=P(O)(O)CCn1c2cccc(Cl)c2c2c(Cl)cccc21,10.1002/aenm.202303354,,,,0.842,0.8497990965843201,0.007799096584320098,,,,,,
169,test,"4,5-Cl-2PACz",O=P(O)(O)CCn1c2cccc(Cl)c2c2c(Cl)cccc21,10.1002/aenm.202303354,,,,0.856,0.8491964936256409,-0.006803506374359114,,,,,,
173,test,Me-4PACz,Cc1ccc2c(c1)c1ccc(C)cc1n2CCCCP(=O)(O)O,10.1002/aenm.202401262,,,,0.839,0.8431239724159241,0.004123972415924104,,,,,,
220,test,Me-4PACz,Cc1ccc2c(c1)c1ccc(C)cc1n2CCCCP(=O)(O)O,10.1002/ente.202501733,,,,0.81,0.7438516616821289,-0.06614833831787115,,,,,,
221,test,Me-4PACz,Cc1ccc2c(c1)c1ccc(C)cc1n2CCCCP(=O)(O)O,10.1002/ente.202501733,,,,0.68,0.6803618669509888,0.0003618669509887207,,,,,,
225,test,36-Ph-PANI,[*]c1cc2c(cc1)n(c1ccc(P(=O)(O)O)cc1)c1cc(Nc3c(C)cc(C)c(N[*])c3)ccc12,10.1002/marc.202401145,,,,0.812,0.6628014445304871,-0.149198555469513,,,,,,
233,test,Me-4PACz,Cc1ccc2c(c1)c1ccc(C)cc1n2CCCCP(=O)(O)O,10.1002/smll.202411457,,,,0.883,0.874790608882904,-0.008209391117095954,,,,,,
244,test,2PACz-D2,CCn1c2ccccc2c2ccc3c4ccccc4n(CCP(=O)(O)O)c3c21,10.1007/s10118-025-3512-6,,,,0.841,0.8735201358795166,0.03252013587951663,,,,,,
290,test,4PACz,O=P(O)(O)CCCCn1c2ccccc2c2ccccc21,10.1016/j.dyepig.2026.113829,,,,0.9,0.8769292235374451,-0.023070776462554954,,,,,,
312,test,DM-BZCz,COc1cc(OC)cc(-c2ccc3c(c2)c2c4ccccc4ccc2n3CCP(=O)(O)O)c1,10.1016/j.mattod.2026.103252,,,,0.86,0.8754981756210327,0.015498175621032728,,,,,,
314,test,DM-BZCz,COc1cc(OC)cc(-c2ccc3c(c2)c2c4ccccc4ccc2n3CCP(=O)(O)O)c1,10.1016/j.mattod.2026.103252,,,,0.92,0.8747483491897583,-0.04525165081024174,,,,,,
315,test,DM-BZCz,COc1cc(OC)cc(-c2ccc3c(c2)c2c4ccccc4ccc2n3CCP(=O)(O)O)c1,10.1016/j.mattod.2026.103252,,,,0.84,0.853512167930603,0.013512167930603058,,,,,,
316,test,DM-BZCz,COc1cc(OC)cc(-c2ccc3c(c2)c2c4ccccc4ccc2n3CCP(=O)(O)O)c1,10.1016/j.mattod.2026.103252,,,,0.9,0.8758739829063416,-0.02412601709365847,,,,,,
335,test,Me-4PACz,Cc1ccc2c(c1)c1ccc(C)cc1n2CCCCP(=O)(O)O,10.1002/smll.202411457,,,,0.905,0.8736271858215332,-0.031372814178466824,,,,,,
336,test,Me-4PACz,Cc1ccc2c(c1)c1ccc(C)cc1n2CCCCP(=O)(O)O,10.1002/smll.202411457,,,,0.897,0.8745046854019165,-0.022495314598083516,,,,,,
392,test,4PACz,O=P(O)(O)CCCCn1c2ccccc2c2ccccc21,10.1021/acsami.2c01900,,,,0.86,0.8679391741752625,0.007939174175262464,,,,,,
395,test,4PACz,O=P(O)(O)CCCCn1c2ccccc2c2ccccc21,10.1021/acsami.2c01900,,,,0.86,0.8684606552124023,0.008460655212402357,,,,,,
398,test,4PACz,O=P(O)(O)CCCCn1c2ccccc2c2ccccc21,10.1021/acsami.2c01900,,,,0.87,0.8702594041824341,0.00025940418243408647,,,,,,
401,test,4PACz,O=P(O)(O)CCCCn1c2ccccc2c2ccccc21,10.1021/acsami.2c01900,,,,0.86,0.8684796094894409,0.008479609489440931,,,,,,
406,test,pPhPADCB,O=P(O)(O)c1ccc(-n2c3cc4ccccc4cc3c3c4ccccc4ccc32)cc1,10.1021/acsami.6c00619,,,,0.865,0.839042603969574,-0.025957396030426017,,,,,,
407,test,pPhPADCB,O=P(O)(O)c1ccc(-n2c3cc4ccccc4cc3c3c4ccccc4ccc32)cc1,10.1021/acsami.6c00619,,,,0.894,0.8828078508377075,-0.011192149162292497,,,,,,
408,test,pPhPADCB,O=P(O)(O)c1ccc(-n2c3cc4ccccc4cc3c3c4ccccc4ccc32)cc1,10.1021/acsami.6c00619,,,,0.913,0.8805374503135681,-0.03246254968643192,,,,,,
409,test,pPhPADCB,O=P(O)(O)c1ccc(-n2c3cc4ccccc4cc3c3c4ccccc4ccc32)cc1,10.1021/acsami.6c00619,,,,0.825,0.8384765982627869,0.01347659826278691,,,,,,
424,test,Me-4PACz,Cc1ccc2c(c1)c1ccc(C)cc1n2CCCCP(=O)(O)O,10.1021/acsenergylett.4c01564,,,,0.846,0.8668348789215088,0.020834878921508815,,,,,,
428,test,2-Br-2PACz,O=P(O)(O)CCn1c2ccccc2c2ccc(Br)cc21,10.1021/acsenergylett.5c02585,,,,0.898,0.8726625442504883,-0.02533745574951174,,,,,,
433,test,2-Br-2PACz,O=P(O)(O)CCn1c2ccccc2c2ccc(Br)cc21,10.1021/acsenergylett.5c02585,,,,0.901,0.8697633743286133,-0.031236625671386742,,,,,,
441,test,3-BPIC-F,O=P(O)(O)CCCn1c2ccc(F)cc2c2ccc3c4cc(F)ccc4n(CCCP(=O)(O)O)c3c21,10.1021/acssuschemeng.6c01237,,,,0.854,0.8556287288665771,0.001628728866577167,,,,,,
442,test,3-BPIC-F,O=P(O)(O)CCCn1c2ccc(F)cc2c2ccc3c4cc(F)ccc4n(CCCP(=O)(O)O)c3c21,10.1021/acssuschemeng.6c01237,,,,0.848,0.8550345301628113,0.007034530162811303,,,,,,
454,test,3-BPIC-F,O=P(O)(O)CCCn1c2ccc(F)cc2c2ccc3c4cc(F)ccc4n(CCCP(=O)(O)O)c3c21,10.1021/jacs.4c03917,,,,0.872,0.8632297515869141,-0.008770248413085935,,,,,,
455,test,3-BPIC-F,O=P(O)(O)CCCn1c2ccc(F)cc2c2ccc3c4cc(F)ccc4n(CCCP(=O)(O)O)c3c21,10.1021/jacs.4c03917,,,,0.871,0.8633196353912354,-0.007680364608764645,,,,,,
456,test,3-BPIC-F,O=P(O)(O)CCCn1c2ccc(F)cc2c2ccc3c4cc(F)ccc4n(CCCP(=O)(O)O)c3c21,10.1021/jacs.4c03917,,,,0.906,0.8638916015625,-0.04210839843750003,,,,,,
457,test,3-BPIC-F,O=P(O)(O)CCCn1c2ccc(F)cc2c2ccc3c4cc(F)ccc4n(CCCP(=O)(O)O)c3c21,10.1021/jacs.4c03917,,,,0.861,0.841879665851593,-0.01912033414840697,,,,,,
458,test,3-BPIC-F,O=P(O)(O)CCCn1c2ccc(F)cc2c2ccc3c4cc(F)ccc4n(CCCP(=O)(O)O)c3c21,10.1021/jacs.4c03917,,,,0.887,0.8653556108474731,-0.021644389152526866,,,,,,
459,test,3-BPIC-F,O=P(O)(O)CCCn1c2ccc(F)cc2c2ccc3c4cc(F)ccc4n(CCCP(=O)(O)O)c3c21,10.1021/jacs.4c03917,,,,0.868,0.8637492656707764,-0.004250734329223627,,,,,,
467,test,m-PhPACz,COc1cccc(-c2ccc3c(c2)c2ccc(-c4cccc(OC)c4)cc2n3CCP(=O)(O)O)c1,10.1021/jacs.5c08124,,,,0.858,0.8461347818374634,-0.011865218162536606,,,,,,
477,test,MeO-4PACz,COc1ccc2c(c1)c1ccc(OC)cc1n2CCCCP(=O)(O)O,10.31635/ccschem.024.202404707,,,,0.724,0.6999438405036926,-0.02405615949630735,,,,,,
496,test,CBZC4,CC(C)(C)c1ccc2c(c1)c1ccc(C(C)(C)C)cc1n2CCCCP(=O)(O)O,10.1039/d4ta09141h,,,,0.85,0.8446910381317139,-0.005308961868286111,,,,,,
500,test,4PACz,O=P(O)(O)CCCCn1c2ccccc2c2ccccc21,10.20517/energymater.2026.25,,,,0.865,0.8725836277008057,0.007583627700805673,,,,,,
502,test,4PACz,O=P(O)(O)CCCCn1c2ccccc2c2ccccc21,10.20517/energymater.2026.25,,,,0.8641,0.8510055541992188,-0.01309444580078123,,,,,,
505,test,4PACz,O=P(O)(O)CCCCn1c2ccccc2c2ccccc21,10.20517/energymater.2026.25,,,,0.9394,0.9199934601783752,-0.01940653982162477,,,,,,
508,test,4PACz,O=P(O)(O)CCCCn1c2ccccc2c2ccccc21,10.20517/energymater.2026.25,,,,0.8818,0.8785439729690552,-0.0032560270309448525,,,,,,
513,test,Me-4PACz,Cc1ccc2c(c1)c1ccc(C)cc1n2CCCCP(=O)(O)O,10.1063/5.0215972,,,,0.826,0.8436222076416016,0.017622207641601606,,,,,,
528,test,C3-SAM,NCCC(=O)O,10.1088/1674-1056/27/7/078802,,,,0.55,0.5325467586517334,-0.017453241348266646,,,,,,
530,test,FOPA,O=P(O)(O)CC(F)(F)C(F)(F)C(F)(F)C(F)(F)C(F)(F)C(F)(F)F,10.1039/b823148f,,,,0.394,0.4599772691726684,0.06597726917266838,,,,,,
531,test,BA,O=C(O)c1ccccc1,10.1039/c1ee00005e,,,,0.78,0.7361992597579956,-0.04380074024200442,,,,,,
537,test,CPA,O=P(O)(O)c1ccc(Cl)cc1,10.1039/c1ee00005e,,,,0.75,0.7623767852783203,0.012376785278320312,,,,,,
538,test,BA,O=C(O)c1ccccc1,10.1039/c1ee00005e,,,,0.61,0.7361472845077515,0.12614728450775148,,,,,,
1,test,4PACz,O=P(O)(O)CCCCn1c2ccccc2c2ccccc21,10.1021/acsami.2c01900,,,,,,,25.8,26.500301361083984,0.7003013610839837,,,
5,test,Me-4PACz,Cc1ccc2c(c1)c1ccc(C)cc1n2CCCCP(=O)(O)O,10.1002/smll.202411457,,,,,,,26.85,26.8289794921875,-0.02102050781250142,,,
10,test,F8-SAM,O=P(O)(O)CCC(F)(F)C(F)(F)C(F)(F)C(F)(F)C(F)(F)C(F)(F)F,10.1021/jp406625e,,,,,,,8.75,11.40050983428955,2.650509834289551,,,
13,test,"4,5-Cl-2PACz",O=P(O)(O)CCn1c2cccc(Cl)c2c2c(Cl)cccc21,10.1002/aenm.202303354,,,,,,,28.69,26.814884185791016,-1.8751158142089857,,,
32,test,Me-4PACz,Cc1ccc2c(c1)c1ccc(C)cc1n2CCCCP(=O)(O)O,10.1063/5.0215972,,,,,,,27.08,27.0953426361084,0.015342636108400143,,,
35,test,Me-4PACz,Cc1ccc2c(c1)c1ccc(C)cc1n2CCCCP(=O)(O)O,10.1002/smll.202411457,,,,,,,26.57,26.951305389404297,0.3813053894042966,,,
36,test,Me-4PACz,Cc1ccc2c(c1)c1ccc(C)cc1n2CCCCP(=O)(O)O,10.1002/smll.202411457,,,,,,,26.17,26.82451438903809,0.6545143890380878,,,
37,test,Me-4PACz,Cc1ccc2c(c1)c1ccc(C)cc1n2CCCCP(=O)(O)O,10.1002/smll.202411457,,,,,,,26.06,26.90108299255371,0.8410829925537122,,,
38,test,Me-4PACz,Cc1ccc2c(c1)c1ccc(C)cc1n2CCCCP(=O)(O)O,10.1002/smll.202411457,,,,,,,26.85,26.89073181152344,0.04073181152343963,,,
39,test,Me-4PACz,Cc1ccc2c(c1)c1ccc(C)cc1n2CCCCP(=O)(O)O,10.1002/smll.202411457,,,,,,,26.57,26.80020523071289,0.23020523071289034,,,
40,test,Me-4PACz,Cc1ccc2c(c1)c1ccc(C)cc1n2CCCCP(=O)(O)O,10.1002/smll.202411457,,,,,,,27.23,26.95561790466309,-0.27438209533691094,,,
41,test,Me-4PACz,Cc1ccc2c(c1)c1ccc(C)cc1n2CCCCP(=O)(O)O,10.1002/smll.202411457,,,,,,,27.07,26.92745780944824,-0.14254219055176165,,,
42,test,Me-4PACz,Cc1ccc2c(c1)c1ccc(C)cc1n2CCCCP(=O)(O)O,10.1002/smll.202411457,,,,,,,28.13,27.07122230529785,-1.0587776947021474,,,
43,test,Me-4PACz,Cc1ccc2c(c1)c1ccc(C)cc1n2CCCCP(=O)(O)O,10.1002/smll.202411457,,,,,,,27.04,26.926937103271484,-0.11306289672851477,,,
44,test,Me-4PACz,Cc1ccc2c(c1)c1ccc(C)cc1n2CCCCP(=O)(O)O,10.1002/smll.202411457,,,,,,,26.64,26.850963592529297,0.2109635925292963,,,
45,test,Me-4PACz,Cc1ccc2c(c1)c1ccc(C)cc1n2CCCCP(=O)(O)O,10.1002/smll.202411457,,,,,,,26.51,26.879716873168945,0.36971687316894375,,,
46,test,Me-4PACz,Cc1ccc2c(c1)c1ccc(C)cc1n2CCCCP(=O)(O)O,10.1002/smll.202411457,,,,,,,26.53,26.899642944335938,0.36964294433593636,,,
47,test,Br-2EPO,O=P(O)(O)CCN1c2ccc(Br)cc2Oc2cc(Br)ccc21,10.1002/adfm.202208793,,,,,,,27.42,27.11596298217773,-0.3040370178222709,,,
58,test,Me-4PACz,Cc1ccc2c(c1)c1ccc(C)cc1n2CCCCP(=O)(O)O,10.1002/adfm.202406060,,,,,,,27.85,27.508028030395508,-0.3419719696044936,,,
78,test,JJ37,O=P(O)(O)c1ccc(-n2c3cc(-c4ccccc4)ccc3c3ccc(-c4ccccc4)cc32)cc1,10.1002/adfm.202423178,,,,,,,29.37,27.65694808959961,-1.7130519104003916,,,
80,test,JJ37,O=P(O)(O)c1ccc(-n2c3cc(-c4ccccc4)ccc3c3ccc(-c4ccccc4)cc32)cc1,10.1002/adfm.202423178,,,,,,,25.85,27.554443359375,1.7044433593749986,,,
82,test,JJ37,O=P(O)(O)c1ccc(-n2c3cc(-c4ccccc4)ccc3c3ccc(-c4ccccc4)cc32)cc1,10.1002/adfm.202423178,,,,,,,28.96,27.610780715942383,-1.349219284057618,,,
84,test,JJ37,O=P(O)(O)c1ccc(-n2c3cc(-c4ccccc4)ccc3c3ccc(-c4ccccc4)cc32)cc1,10.1002/adfm.202423178,,,,,,,15.93,27.078819274902344,11.148819274902344,,,
85,test,JJ37,O=P(O)(O)c1ccc(-n2c3cc(-c4ccccc4)ccc3c3ccc(-c4ccccc4)cc32)cc1,10.1002/adfm.202423178,,,,,,,28.27,27.73877716064453,-0.5312228393554683,,,
109,test,BA,O=C(O)c1ccccc1,10.1002/adma.201600197,,,,,,,15.158,16.376514434814453,1.2185144348144537,,,
124,test,Me-4PACz,Cc1ccc2c(c1)c1ccc(C)cc1n2CCCCP(=O)(O)O,10.1002/adma.202400342,,,,,,,28.45,27.14473342895508,-1.3052665710449176,,,
125,test,Me-4PACz,Cc1ccc2c(c1)c1ccc(C)cc1n2CCCCP(=O)(O)O,10.1002/adma.202400342,,,,,,,27.26,27.99733161926269,0.7373316192626902,,,
126,test,Me-4PACz,Cc1ccc2c(c1)c1ccc(C)cc1n2CCCCP(=O)(O)O,10.1002/adma.202400342,,,,,,,27.34,27.22389030456543,-0.11610969543457017,,,
136,test,Me-4PACz,Cc1ccc2c(c1)c1ccc(C)cc1n2CCCCP(=O)(O)O,10.1002/adma.202400342,,,,,,,26.65,27.181316375732425,0.5313163757324268,,,
137,test,Me-4PACz,Cc1ccc2c(c1)c1ccc(C)cc1n2CCCCP(=O)(O)O,10.1002/adma.202400342,,,,,,,26.81,27.98953056335449,1.17953056335449,,,
143,test,2PAThCz,O=P(O)(O)CCn1c2cc(-c3ccsc3)ccc2c2ccc(-c3ccsc3)cc21,10.1002/adma.202502485,,,,,,,26.87,27.37783432006836,0.5078343200683584,,,
144,test,2PAThCz,O=P(O)(O)CCn1c2cc(-c3ccsc3)ccc2c2ccc(-c3ccsc3)cc21,10.1002/adma.202502485,,,,,,,28.22,27.367454528808597,-0.8525454711914016,,,
168,test,"4,5-Cl-2PACz",O=P(O)(O)CCn1c2cccc(Cl)c2c2c(Cl)cccc21,10.1002/aenm.202303354,,,,,,,28.69,27.02767944335937,-1.6623205566406298,,,
169,test,"4,5-Cl-2PACz",O=P(O)(O)CCn1c2cccc(Cl)c2c2c(Cl)cccc21,10.1002/aenm.202303354,,,,,,,28.56,27.03280258178711,-1.5271974182128893,,,
173,test,Me-4PACz,Cc1ccc2c(c1)c1ccc(C)cc1n2CCCCP(=O)(O)O,10.1002/aenm.202401262,,,,,,,26.17,27.119464874267575,0.9494648742675729,,,
220,test,Me-4PACz,Cc1ccc2c(c1)c1ccc(C)cc1n2CCCCP(=O)(O)O,10.1002/ente.202501733,,,,,,,13.06,22.93865394592285,9.878653945922851,,,
221,test,Me-4PACz,Cc1ccc2c(c1)c1ccc(C)cc1n2CCCCP(=O)(O)O,10.1002/ente.202501733,,,,,,,22.32,26.80048942565918,4.480489425659179,,,
225,test,36-Ph-PANI,[*]c1cc2c(cc1)n(c1ccc(P(=O)(O)O)cc1)c1cc(Nc3c(C)cc(C)c(N[*])c3)ccc12,10.1002/marc.202401145,,,,,,,26.94,25.602954864501957,-1.3370451354980446,,,
233,test,Me-4PACz,Cc1ccc2c(c1)c1ccc(C)cc1n2CCCCP(=O)(O)O,10.1002/smll.202411457,,,,,,,26.615,26.78459930419922,0.1695993041992203,,,
244,test,2PACz-D2,CCn1c2ccccc2c2ccc3c4ccccc4n(CCP(=O)(O)O)c3c21,10.1007/s10118-025-3512-6,,,,,,,25.79,26.764020919799805,0.9740209197998055,,,
290,test,4PACz,O=P(O)(O)CCCCn1c2ccccc2c2ccccc21,10.1016/j.dyepig.2026.113829,,,,,,,26.4,26.21950340270996,-0.18049659729003764,,,
312,test,DM-BZCz,COc1cc(OC)cc(-c2ccc3c(c2)c2c4ccccc4ccc2n3CCP(=O)(O)O)c1,10.1016/j.mattod.2026.103252,,,,,,,28.82,27.95934295654297,-0.8606570434570315,,,
314,test,DM-BZCz,COc1cc(OC)cc(-c2ccc3c(c2)c2c4ccccc4ccc2n3CCP(=O)(O)O)c1,10.1016/j.mattod.2026.103252,,,,,,,27.35,27.975675582885746,0.6256755828857443,,,
315,test,DM-BZCz,COc1cc(OC)cc(-c2ccc3c(c2)c2c4ccccc4ccc2n3CCP(=O)(O)O)c1,10.1016/j.mattod.2026.103252,,,,,,,28.59,28.142961502075195,-0.44703849792480455,,,
316,test,DM-BZCz,COc1cc(OC)cc(-c2ccc3c(c2)c2c4ccccc4ccc2n3CCP(=O)(O)O)c1,10.1016/j.mattod.2026.103252,,,,,,,26.7,28.007984161376957,1.3079841613769574,,,
335,test,Me-4PACz,Cc1ccc2c(c1)c1ccc(C)cc1n2CCCCP(=O)(O)O,10.1002/smll.202411457,,,,,,,26.6,26.7841739654541,0.18417396545410014,,,
336,test,Me-4PACz,Cc1ccc2c(c1)c1ccc(C)cc1n2CCCCP(=O)(O)O,10.1002/smll.202411457,,,,,,,26.16,26.87675094604492,0.7167509460449182,,,
392,test,4PACz,O=P(O)(O)CCCCn1c2ccccc2c2ccccc21,10.1021/acsami.2c01900,,,,,,,25.3,26.474639892578125,1.1746398925781243,,,
395,test,4PACz,O=P(O)(O)CCCCn1c2ccccc2c2ccccc21,10.1021/acsami.2c01900,,,,,,,24.3,26.432775497436523,2.1327754974365227,,,
398,test,4PACz,O=P(O)(O)CCCCn1c2ccccc2c2ccccc21,10.1021/acsami.2c01900,,,,,,,24.8,26.245756149291992,1.4457561492919915,,,
401,test,4PACz,O=P(O)(O)CCCCn1c2ccccc2c2ccccc21,10.1021/acsami.2c01900,,,,,,,24.9,26.455944061279297,1.5559440612792983,,,
406,test,pPhPADCB,O=P(O)(O)c1ccc(-n2c3cc4ccccc4cc3c3c4ccccc4ccc32)cc1,10.1021/acsami.6c00619,,,,,,,27.15,25.221160888671875,-1.9288391113281236,,,
407,test,pPhPADCB,O=P(O)(O)c1ccc(-n2c3cc4ccccc4cc3c3c4ccccc4ccc32)cc1,10.1021/acsami.6c00619,,,,,,,28.91,26.304595947265625,-2.605404052734375,,,
408,test,pPhPADCB,O=P(O)(O)c1ccc(-n2c3cc4ccccc4cc3c3c4ccccc4ccc32)cc1,10.1021/acsami.6c00619,,,,,,,28.05,26.479469299316406,-1.5705307006835945,,,
409,test,pPhPADCB,O=P(O)(O)c1ccc(-n2c3cc4ccccc4cc3c3c4ccccc4ccc32)cc1,10.1021/acsami.6c00619,,,,,,,26.19,25.514310836791992,-0.6756891632080091,,,
424,test,Me-4PACz,Cc1ccc2c(c1)c1ccc(C)cc1n2CCCCP(=O)(O)O,10.1021/acsenergylett.4c01564,,,,,,,27.69,27.10964775085449,-0.5803522491455126,,,
428,test,2-Br-2PACz,O=P(O)(O)CCn1c2ccccc2c2ccc(Br)cc21,10.1021/acsenergylett.5c02585,,,,,,,25.98,26.317947387695312,0.3379473876953121,,,
433,test,2-Br-2PACz,O=P(O)(O)CCn1c2ccccc2c2ccc(Br)cc21,10.1021/acsenergylett.5c02585,,,,,,,27.45,26.33356475830078,-1.116435241699218,,,
441,test,3-BPIC-F,O=P(O)(O)CCCn1c2ccc(F)cc2c2ccc3c4cc(F)ccc4n(CCCP(=O)(O)O)c3c21,10.1021/acssuschemeng.6c01237,,,,,,,27.53,28.01158142089844,0.4815814208984399,,,
442,test,3-BPIC-F,O=P(O)(O)CCCn1c2ccc(F)cc2c2ccc3c4cc(F)ccc4n(CCCP(=O)(O)O)c3c21,10.1021/acssuschemeng.6c01237,,,,,,,27.56,28.04842185974121,0.4884218597412122,,,
454,test,3-BPIC-F,O=P(O)(O)CCCn1c2ccc(F)cc2c2ccc3c4cc(F)ccc4n(CCCP(=O)(O)O)c3c21,10.1021/jacs.4c03917,,,,,,,28.12,27.790918350219727,-0.32908164978027443,,,
455,test,3-BPIC-F,O=P(O)(O)CCCn1c2ccc(F)cc2c2ccc3c4cc(F)ccc4n(CCCP(=O)(O)O)c3c21,10.1021/jacs.4c03917,,,,,,,26.53,27.87251281738281,1.3425128173828078,,,
456,test,3-BPIC-F,O=P(O)(O)CCCn1c2ccc(F)cc2c2ccc3c4cc(F)ccc4n(CCCP(=O)(O)O)c3c21,10.1021/jacs.4c03917,,,,,,,25.93,27.765893936157227,1.8358939361572268,,,
457,test,3-BPIC-F,O=P(O)(O)CCCn1c2ccc(F)cc2c2ccc3c4cc(F)ccc4n(CCCP(=O)(O)O)c3c21,10.1021/jacs.4c03917,,,,,,,27.0,27.899803161621094,0.8998031616210938,,,
458,test,3-BPIC-F,O=P(O)(O)CCCn1c2ccc(F)cc2c2ccc3c4cc(F)ccc4n(CCCP(=O)(O)O)c3c21,10.1021/jacs.4c03917,,,,,,,27.28,27.85898971557617,0.5789897155761672,,,
459,test,3-BPIC-F,O=P(O)(O)CCCn1c2ccc(F)cc2c2ccc3c4cc(F)ccc4n(CCCP(=O)(O)O)c3c21,10.1021/jacs.4c03917,,,,,,,27.74,27.793399810791016,0.05339981079101719,,,
467,test,m-PhPACz,COc1cccc(-c2ccc3c(c2)c2ccc(-c4cccc(OC)c4)cc2n3CCP(=O)(O)O)c1,10.1021/jacs.5c08124,,,,,,,27.95,27.58349609375,-0.3665039062499993,,,
477,test,MeO-4PACz,COc1ccc2c(c1)c1ccc(OC)cc1n2CCCCP(=O)(O)O,10.31635/ccschem.024.202404707,,,,,,,27.95,21.064891815185547,-6.885108184814452,,,
496,test,CBZC4,CC(C)(C)c1ccc2c(c1)c1ccc(C(C)(C)C)cc1n2CCCCP(=O)(O)O,10.1039/d4ta09141h,,,,,,,26.8,27.147136688232425,0.3471366882324247,,,
500,test,4PACz,O=P(O)(O)CCCCn1c2ccccc2c2ccccc21,10.20517/energymater.2026.25,,,,,,,27.421,26.401203155517575,-1.0197968444824248,,,
502,test,4PACz,O=P(O)(O)CCCCn1c2ccccc2c2ccccc21,10.20517/energymater.2026.25,,,,,,,25.8403,25.324800491333008,-0.5154995086669913,,,
505,test,4PACz,O=P(O)(O)CCCCn1c2ccccc2c2ccccc21,10.20517/energymater.2026.25,,,,,,,23.8707,22.91444969177246,-0.9562503082275384,,,
508,test,4PACz,O=P(O)(O)CCCCn1c2ccccc2c2ccccc21,10.20517/energymater.2026.25,,,,,,,25.2651,26.21673583984375,0.9516358398437497,,,
513,test,Me-4PACz,Cc1ccc2c(c1)c1ccc(C)cc1n2CCCCP(=O)(O)O,10.1063/5.0215972,,,,,,,27.08,27.12929344177246,0.04929344177246264,,,
528,test,C3-SAM,NCCC(=O)O,10.1088/1674-1056/27/7/078802,,,,,,,9.52,9.666959762573242,0.1469597625732426,,,
530,test,FOPA,O=P(O)(O)CC(F)(F)C(F)(F)C(F)(F)C(F)(F)C(F)(F)C(F)(F)F,10.1039/b823148f,,,,,,,13.0,13.085591316223145,0.08559131622314453,,,
531,test,BA,O=C(O)c1ccccc1,10.1039/c1ee00005e,,,,,,,5.89,5.415727615356445,-0.47427238464355437,,,
537,test,CPA,O=P(O)(O)c1ccc(Cl)cc1,10.1039/c1ee00005e,,,,,,,6.29,6.123313903808594,-0.16668609619140629,,,
538,test,BA,O=C(O)c1ccccc1,10.1039/c1ee00005e,,,,,,,4.34,5.597444534301758,1.257444534301758,,,
1,test,4PACz,O=P(O)(O)CCCCn1c2ccccc2c2ccccc21,10.1021/acsami.2c01900,,,,,,,,,,75.0,77.63787841796875,2.63787841796875
5,test,Me-4PACz,Cc1ccc2c(c1)c1ccc(C)cc1n2CCCCP(=O)(O)O,10.1002/smll.202411457,,,,,,,,,,78.54,77.09212493896484,-1.4478750610351625
10,test,F8-SAM,O=P(O)(O)CCC(F)(F)C(F)(F)C(F)(F)C(F)(F)C(F)(F)C(F)(F)F,10.1021/jp406625e,,,,,,,,,,52.0,49.6297607421875,-2.3702392578125
13,test,"4,5-Cl-2PACz",O=P(O)(O)CCn1c2cccc(Cl)c2c2c(Cl)cccc21,10.1002/aenm.202303354,,,,,,,,,,77.17,77.00234985351562,-0.1676501464843767
32,test,Me-4PACz,Cc1ccc2c(c1)c1ccc(C)cc1n2CCCCP(=O)(O)O,10.1063/5.0215972,,,,,,,,,,76.26,73.51427459716797,-2.7457254028320364
35,test,Me-4PACz,Cc1ccc2c(c1)c1ccc(C)cc1n2CCCCP(=O)(O)O,10.1002/smll.202411457,,,,,,,,,,78.21,77.98432159423828,-0.2256784057617125
36,test,Me-4PACz,Cc1ccc2c(c1)c1ccc(C)cc1n2CCCCP(=O)(O)O,10.1002/smll.202411457,,,,,,,,,,74.86,77.6020278930664,2.742027893066407
37,test,Me-4PACz,Cc1ccc2c(c1)c1ccc(C)cc1n2CCCCP(=O)(O)O,10.1002/smll.202411457,,,,,,,,,,76.95,78.0185546875,1.0685546874999972
38,test,Me-4PACz,Cc1ccc2c(c1)c1ccc(C)cc1n2CCCCP(=O)(O)O,10.1002/smll.202411457,,,,,,,,,,78.54,77.86992645263672,-0.6700735473632875
39,test,Me-4PACz,Cc1ccc2c(c1)c1ccc(C)cc1n2CCCCP(=O)(O)O,10.1002/smll.202411457,,,,,,,,,,75.91,77.35801696777344,1.448016967773441
40,test,Me-4PACz,Cc1ccc2c(c1)c1ccc(C)cc1n2CCCCP(=O)(O)O,10.1002/smll.202411457,,,,,,,,,,82.6,77.65805053710938,-4.941949462890619
41,test,Me-4PACz,Cc1ccc2c(c1)c1ccc(C)cc1n2CCCCP(=O)(O)O,10.1002/smll.202411457,,,,,,,,,,81.93,77.57003784179688,-4.359962158203132
42,test,Me-4PACz,Cc1ccc2c(c1)c1ccc(C)cc1n2CCCCP(=O)(O)O,10.1002/smll.202411457,,,,,,,,,,76.48,77.29387664794922,0.8138766479492148
43,test,Me-4PACz,Cc1ccc2c(c1)c1ccc(C)cc1n2CCCCP(=O)(O)O,10.1002/smll.202411457,,,,,,,,,,75.97,77.70429229736328,1.7342922973632824
44,test,Me-4PACz,Cc1ccc2c(c1)c1ccc(C)cc1n2CCCCP(=O)(O)O,10.1002/smll.202411457,,,,,,,,,,77.21,77.91282653808594,0.7028265380859438
45,test,Me-4PACz,Cc1ccc2c(c1)c1ccc(C)cc1n2CCCCP(=O)(O)O,10.1002/smll.202411457,,,,,,,,,,77.67,77.89154052734375,0.2215405273437483
46,test,Me-4PACz,Cc1ccc2c(c1)c1ccc(C)cc1n2CCCCP(=O)(O)O,10.1002/smll.202411457,,,,,,,,,,76.82,77.91584014892578,1.095840148925788
47,test,Br-2EPO,O=P(O)(O)CCN1c2ccc(Br)cc2Oc2cc(Br)ccc21,10.1002/adfm.202208793,,,,,,,,,,73.65,75.8288803100586,2.178880310058588
58,test,Me-4PACz,Cc1ccc2c(c1)c1ccc(C)cc1n2CCCCP(=O)(O)O,10.1002/adfm.202406060,,,,,,,,,,76.27,75.68807220458984,-0.5819277954101523
78,test,JJ37,O=P(O)(O)c1ccc(-n2c3cc(-c4ccccc4)ccc3c3ccc(-c4ccccc4)cc32)cc1,10.1002/adfm.202423178,,,,,,,,,,79.21,75.68901062011719,-3.5209893798828062
80,test,JJ37,O=P(O)(O)c1ccc(-n2c3cc(-c4ccccc4)ccc3c3ccc(-c4ccccc4)cc32)cc1,10.1002/adfm.202423178,,,,,,,,,,77.57,74.42704772949219,-3.1429522705078057
82,test,JJ37,O=P(O)(O)c1ccc(-n2c3cc(-c4ccccc4)ccc3c3ccc(-c4ccccc4)cc32)cc1,10.1002/adfm.202423178,,,,,,,,,,78.03,75.71456146240234,-2.3154385375976574
84,test,JJ37,O=P(O)(O)c1ccc(-n2c3cc(-c4ccccc4)ccc3c3ccc(-c4ccccc4)cc32)cc1,10.1002/adfm.202423178,,,,,,,,,,53.75,65.69869232177734,11.948692321777344
85,test,JJ37,O=P(O)(O)c1ccc(-n2c3cc(-c4ccccc4)ccc3c3ccc(-c4ccccc4)cc32)cc1,10.1002/adfm.202423178,,,,,,,,,,68.92,75.9112319946289,6.9912319946289045
109,test,BA,O=C(O)c1ccccc1,10.1002/adma.201600197,,,,,,,,,,60.9,64.17058563232422,3.27058563232422
124,test,Me-4PACz,Cc1ccc2c(c1)c1ccc(C)cc1n2CCCCP(=O)(O)O,10.1002/adma.202400342,,,,,,,,,,80.4,77.9392318725586,-2.460768127441412
125,test,Me-4PACz,Cc1ccc2c(c1)c1ccc(C)cc1n2CCCCP(=O)(O)O,10.1002/adma.202400342,,,,,,,,,,76.67,76.3340835571289,-0.33591644287109546
126,test,Me-4PACz,Cc1ccc2c(c1)c1ccc(C)cc1n2CCCCP(=O)(O)O,10.1002/adma.202400342,,,,,,,,,,77.13,78.04022216796875,0.9102221679687545
136,test,Me-4PACz,Cc1ccc2c(c1)c1ccc(C)cc1n2CCCCP(=O)(O)O,10.1002/adma.202400342,,,,,,,,,,80.82,77.99164581298828,-2.828354187011712
137,test,Me-4PACz,Cc1ccc2c(c1)c1ccc(C)cc1n2CCCCP(=O)(O)O,10.1002/adma.202400342,,,,,,,,,,76.83,76.18882751464844,-0.6411724853515608
143,test,2PAThCz,O=P(O)(O)CCn1c2cc(-c3ccsc3)ccc2c2ccc(-c3ccsc3)cc21,10.1002/adma.202502485,,,,,,,,,,81.1,80.191650390625,-0.9083496093749943
144,test,2PAThCz,O=P(O)(O)CCn1c2cc(-c3ccsc3)ccc2c2ccc(-c3ccsc3)cc21,10.1002/adma.202502485,,,,,,,,,,80.9,80.1635513305664,-0.7364486694335994
168,test,"4,5-Cl-2PACz",O=P(O)(O)CCn1c2cccc(Cl)c2c2c(Cl)cccc21,10.1002/aenm.202303354,,,,,,,,,,77.17,76.16089630126953,-1.0091036987304705
169,test,"4,5-Cl-2PACz",O=P(O)(O)CCn1c2cccc(Cl)c2c2c(Cl)cccc21,10.1002/aenm.202303354,,,,,,,,,,77.82,76.18126678466797,-1.6387332153320244
173,test,Me-4PACz,Cc1ccc2c(c1)c1ccc(C)cc1n2CCCCP(=O)(O)O,10.1002/aenm.202401262,,,,,,,,,,71.94,73.70944213867188,1.7694421386718773
220,test,Me-4PACz,Cc1ccc2c(c1)c1ccc(C)cc1n2CCCCP(=O)(O)O,10.1002/ente.202501733,,,,,,,,,,59.76,54.739742279052734,-5.020257720947264
221,test,Me-4PACz,Cc1ccc2c(c1)c1ccc(C)cc1n2CCCCP(=O)(O)O,10.1002/ente.202501733,,,,,,,,,,52.89,50.397911071777344,-2.492088928222657
225,test,36-Ph-PANI,[*]c1cc2c(cc1)n(c1ccc(P(=O)(O)O)cc1)c1cc(Nc3c(C)cc(C)c(N[*])c3)ccc12,10.1002/marc.202401145,,,,,,,,,,68.95,65.54988098144531,-3.4001190185546903
233,test,Me-4PACz,Cc1ccc2c(c1)c1ccc(C)cc1n2CCCCP(=O)(O)O,10.1002/smll.202411457,,,,,,,,,,74.695,77.28968048095703,2.594680480957038
244,test,2PACz-D2,CCn1c2ccccc2c2ccc3c4ccccc4n(CCP(=O)(O)O)c3c21,10.1007/s10118-025-3512-6,,,,,,,,,,74.0,77.6118392944336,3.6118392944335938
290,test,4PACz,O=P(O)(O)CCCCn1c2ccccc2c2ccccc21,10.1016/j.dyepig.2026.113829,,,,,,,,,,77.006,77.45677185058594,0.4507718505859373
312,test,DM-BZCz,COc1cc(OC)cc(-c2ccc3c(c2)c2c4ccccc4ccc2n3CCP(=O)(O)O)c1,10.1016/j.mattod.2026.103252,,,,,,,,,,79.58,79.99736785888672,0.41736785888672046
314,test,DM-BZCz,COc1cc(OC)cc(-c2ccc3c(c2)c2c4ccccc4ccc2n3CCP(=O)(O)O)c1,10.1016/j.mattod.2026.103252,,,,,,,,,,81.67,79.79312896728516,-1.8768710327148455
315,test,DM-BZCz,COc1cc(OC)cc(-c2ccc3c(c2)c2c4ccccc4ccc2n3CCP(=O)(O)O)c1,10.1016/j.mattod.2026.103252,,,,,,,,,,78.96,78.6841812133789,-0.2758187866210875
316,test,DM-BZCz,COc1cc(OC)cc(-c2ccc3c(c2)c2c4ccccc4ccc2n3CCP(=O)(O)O)c1,10.1016/j.mattod.2026.103252,,,,,,,,,,81.65,80.08516693115234,-1.564833068847662
335,test,Me-4PACz,Cc1ccc2c(c1)c1ccc(C)cc1n2CCCCP(=O)(O)O,10.1002/smll.202411457,,,,,,,,,,76.16,77.95374298095703,1.7937429809570347
336,test,Me-4PACz,Cc1ccc2c(c1)c1ccc(C)cc1n2CCCCP(=O)(O)O,10.1002/smll.202411457,,,,,,,,,,77.0,77.9548568725586,0.9548568725585938
392,test,4PACz,O=P(O)(O)CCCCn1c2ccccc2c2ccccc21,10.1021/acsami.2c01900,,,,,,,,,,75.0,77.63130187988281,2.6313018798828125
395,test,4PACz,O=P(O)(O)CCCCn1c2ccccc2c2ccccc21,10.1021/acsami.2c01900,,,,,,,,,,75.0,77.65302276611328,2.6530227661132812
398,test,4PACz,O=P(O)(O)CCCCn1c2ccccc2c2ccccc21,10.1021/acsami.2c01900,,,,,,,,,,76.0,77.83995819091797,1.8399581909179688
401,test,4PACz,O=P(O)(O)CCCCn1c2ccccc2c2ccccc21,10.1021/acsami.2c01900,,,,,,,,,,76.0,77.72080993652344,1.7208099365234375
406,test,pPhPADCB,O=P(O)(O)c1ccc(-n2c3cc4ccccc4cc3c3c4ccccc4ccc32)cc1,10.1021/acsami.6c00619,,,,,,,,,,74.22,72.43089294433594,-1.7891070556640614
407,test,pPhPADCB,O=P(O)(O)c1ccc(-n2c3cc4ccccc4cc3c3c4ccccc4ccc32)cc1,10.1021/acsami.6c00619,,,,,,,,,,74.62,78.53208923339844,3.912089233398433
408,test,pPhPADCB,O=P(O)(O)c1ccc(-n2c3cc4ccccc4cc3c3c4ccccc4ccc32)cc1,10.1021/acsami.6c00619,,,,,,,,,,76.0,78.63443756103516,2.6344375610351562
409,test,pPhPADCB,O=P(O)(O)c1ccc(-n2c3cc4ccccc4cc3c3c4ccccc4ccc32)cc1,10.1021/acsami.6c00619,,,,,,,,,,62.9,72.78297424316406,9.882974243164064
424,test,Me-4PACz,Cc1ccc2c(c1)c1ccc(C)cc1n2CCCCP(=O)(O)O,10.1021/acsenergylett.4c01564,,,,,,,,,,75.63,77.1162109375,1.4862109375000045
428,test,2-Br-2PACz,O=P(O)(O)CCn1c2ccccc2c2ccc(Br)cc21,10.1021/acsenergylett.5c02585,,,,,,,,,,81.4,78.52954864501953,-2.8704513549804744
433,test,2-Br-2PACz,O=P(O)(O)CCn1c2ccccc2c2ccc(Br)cc21,10.1021/acsenergylett.5c02585,,,,,,,,,,81.1,78.33407592773438,-2.7659240722656193
441,test,3-BPIC-F,O=P(O)(O)CCCn1c2ccc(F)cc2c2ccc3c4cc(F)ccc4n(CCCP(=O)(O)O)c3c21,10.1021/acssuschemeng.6c01237,,,,,,,,,,76.51,77.57958984375,1.0695898437499949
442,test,3-BPIC-F,O=P(O)(O)CCCn1c2ccc(F)cc2c2ccc3c4cc(F)ccc4n(CCCP(=O)(O)O)c3c21,10.1021/acssuschemeng.6c01237,,,,,,,,,,79.09,77.77188110351562,-1.3181188964843784
454,test,3-BPIC-F,O=P(O)(O)CCCn1c2ccc(F)cc2c2ccc3c4cc(F)ccc4n(CCCP(=O)(O)O)c3c21,10.1021/jacs.4c03917,,,,,,,,,,80.43,77.51090240478516,-2.9190975952148506
455,test,3-BPIC-F,O=P(O)(O)CCCn1c2ccc(F)cc2c2ccc3c4cc(F)ccc4n(CCCP(=O)(O)O)c3c21,10.1021/jacs.4c03917,,,,,,,,,,74.63,77.67017364501953,3.040173645019536
456,test,3-BPIC-F,O=P(O)(O)CCCn1c2ccc(F)cc2c2ccc3c4cc(F)ccc4n(CCCP(=O)(O)O)c3c21,10.1021/jacs.4c03917,,,,,,,,,,80.36,77.5814437866211,-2.7785562133789057
457,test,3-BPIC-F,O=P(O)(O)CCCn1c2ccc(F)cc2c2ccc3c4cc(F)ccc4n(CCCP(=O)(O)O)c3c21,10.1021/jacs.4c03917,,,,,,,,,,79.43,76.1983642578125,-3.231635742187507
458,test,3-BPIC-F,O=P(O)(O)CCCn1c2ccc(F)cc2c2ccc3c4cc(F)ccc4n(CCCP(=O)(O)O)c3c21,10.1021/jacs.4c03917,,,,,,,,,,79.55,77.64289093017578,-1.907109069824216
459,test,3-BPIC-F,O=P(O)(O)CCCn1c2ccc(F)cc2c2ccc3c4cc(F)ccc4n(CCCP(=O)(O)O)c3c21,10.1021/jacs.4c03917,,,,,,,,,,79.77,77.7270278930664,-2.0429721069335898
467,test,m-PhPACz,COc1cccc(-c2ccc3c(c2)c2ccc(-c4cccc(OC)c4)cc2n3CCP(=O)(O)O)c1,10.1021/jacs.5c08124,,,,,,,,,,79.55,78.3453598022461,-1.2046401977539034
477,test,MeO-4PACz,COc1ccc2c(c1)c1ccc(OC)cc1n2CCCCP(=O)(O)O,10.31635/ccschem.024.202404707,,,,,,,,,,72.55,61.81816101074219,-10.73183898925781
496,test,CBZC4,CC(C)(C)c1ccc2c(c1)c1ccc(C(C)(C)C)cc1n2CCCCP(=O)(O)O,10.1039/d4ta09141h,,,,,,,,,,71.2,68.46814727783203,-2.7318527221679716
500,test,4PACz,O=P(O)(O)CCCCn1c2ccccc2c2ccccc21,10.20517/energymater.2026.25,,,,,,,,,,76.54,77.11866760253906,0.5786676025390562
502,test,4PACz,O=P(O)(O)CCCCn1c2ccccc2c2ccccc21,10.20517/energymater.2026.25,,,,,,,,,,72.61,71.73099517822266,-0.8790048217773432
505,test,4PACz,O=P(O)(O)CCCCn1c2ccccc2c2ccccc21,10.20517/energymater.2026.25,,,,,,,,,,68.71,72.02171325683594,3.3117132568359438
508,test,4PACz,O=P(O)(O)CCCCn1c2ccccc2c2ccccc21,10.20517/energymater.2026.25,,,,,,,,,,78.26,77.51033782958984,-0.7496621704101614
513,test,Me-4PACz,Cc1ccc2c(c1)c1ccc(C)cc1n2CCCCP(=O)(O)O,10.1063/5.0215972,,,,,,,,,,76.26,73.80317687988281,-2.4568231201171926
528,test,C3-SAM,NCCC(=O)O,10.1088/1674-1056/27/7/078802,,,,,,,,,,56.43,50.26453399658203,-6.1654660034179685
530,test,FOPA,O=P(O)(O)CC(F)(F)C(F)(F)C(F)(F)C(F)(F)C(F)(F)C(F)(F)F,10.1039/b823148f,,,,,,,,,,51.0,52.37350463867188,1.373504638671882
531,test,BA,O=C(O)c1ccccc1,10.1039/c1ee00005e,,,,,,,,,,53.0,55.234642028808594,2.2346420288085938
537,test,CPA,O=P(O)(O)c1ccc(Cl)cc1,10.1039/c1ee00005e,,,,,,,,,,54.0,56.24642181396485,2.246421813964851
538,test,BA,O=C(O)c1ccccc1,10.1039/c1ee00005e,,,,,,,,,,60.0,55.32526016235352,-4.674739837646477
