name,SMILES,doi,pce,voc,jsc,ff,pce_from_voc_jsc_ff,pce_abs_error,target_flag
2PACz,O=P(O)(O)CCn1c2ccccc2c2ccccc21,10.1021/acsami.2c01900,16.9,0.86,25.84,76.0,16.889024,0.01097599999999943,False
4PACz,O=P(O)(O)CCCCn1c2ccccc2c2ccccc21,10.1021/acsami.2c01900,16.6,0.86,25.8,75.0,16.641,0.04099999999999682,False
TDPA‑Cl,O=P(O)(O)CCCCN1c2cc(Cl)ccc2Sc2cc(Cl)ccc21,10.1021/acs.langmuir.3c03610,17.3,0.86,26.6,75.7,17.317132,0.017132000000000147,False
TDPA‑Cl,O=P(O)(O)CCCCN1c2cc(Cl)ccc2Sc2cc(Cl)ccc21,10.1021/acs.langmuir.3c03610,17.4,0.832,27.6,75.6,17.3601792,0.03982079999999755,False
P-4PACz,O=P(O)(O)CCCCn1c2ccccc2c2cc(-c3ccccc3)ccc21,10.1002/adfm.202512687,20.3,0.89,27.9,81.6,20.262096,0.03790400000000105,False
Me-4PACz,Cc1ccc2c(c1)c1ccc(C)cc1n2CCCCP(=O)(O)O,10.1002/smll.202411457,19.32,0.916,26.85,78.54,19.316598840000005,0.0034011599999956843,False
2PACz,O=P(O)(O)CCn1c2ccccc2c2ccccc21,10.1039/d2ta07022g,18.49,0.85,27.41,79.68,18.5642448,0.07424480000000244,False
3-BPIC,O=P(O)(O)CCCCN1c2cc3c(cc2F)c2c4c(c5c(n(c6ccccc65)CCCCP(=O)(O)O)cc4)c4c3c(c3ccccc31)c(n4CCCCP(=O)(O)O)c2,10.1021/jacs.4c03917,13.54,0.692,27.68,70.71,13.544189375999999,0.004189375999999356,False
3-BPIC,O=P(O)(O)CCCCN1c2cc3c(cc2F)c2c4c(c5c(n(c6ccccc65)CCCCP(=O)(O)O)cc4)c4c3c(c3ccccc31)c(n4CCCCP(=O)(O)O)c2,10.1021/jacs.4c03917,19.34,0.871,27.89,79.61,19.339012459,0.0009875410000006468,False
Br-2PACz,O=P(O)(O)CCn1c2ccc(Br)cc2c2cc(Br)ccc21,10.1002/adfm.202512687,18.1,0.89,27.2,74.6,18.059167999999996,0.04083200000000531,False
F8-SAM,O=P(O)(O)CCC(F)(F)C(F)(F)C(F)(F)C(F)(F)C(F)(F)C(F)(F)F,10.1021/jp406625e,2.61,0.58,8.75,52.0,2.639,0.028999999999999915,False
H8-SAM,O=P(O)(O)CCCCCCCC,10.1021/jp406625e,1.81,0.48,8.29,45.0,1.79064,0.019360000000000044,False
Cl-2PACz,ClC1=CC2=C(N(CCP(O)(O)=O)C3=C2C=C(Cl)C=C3)C=C1,10.1002/aenm.202303354,18.17,0.84,28.42,76.0,18.143328,0.02667200000000136,False
"4,5-Cl-2PACz",O=P(O)(O)CCn1c2cccc(Cl)c2c2c(Cl)cccc21,10.1002/aenm.202303354,18.67,0.842,28.69,77.17,18.641941466000002,0.02805853399999947,False
MeO-2PACz,COc1ccc2c(c1)c1cc(OC)ccc1n2CCP(=O)(O)O,10.1002/cssc.202100707,14.5,0.776,26.21,71.3,14.50167848,0.0016784800000007039,False
BCBBr-C4PA,OP(CCCCN1C2=C(C(C=CC=C3)=C3C=C2)C4=C1C=CC(Br)=C4)(O)=O,10.1002/aenm.202300694,18.84,0.861,27.6,79.3,18.844534799999998,0.004534799999998285,False
BCBBr-C4PA,OP(CCCCN1C2=C(C(C=CC=C3)=C3C=C2)C4=C1C=CC(Br)=C4)(O)=O,10.1002/aenm.202300694,16.78,0.849,26.15,75.58,16.779780329999998,0.00021967000000344683,False
BCBBr-C4PA,OP(CCCCN1C2=C(C(C=CC=C3)=C3C=C2)C4=C1C=CC(Br)=C4)(O)=O,10.1002/aenm.202300694,17.48,0.85,27.15,75.77,17.48582175,0.005821749999999071,False
BCBBr-C4PA,OP(CCCCN1C2=C(C(C=CC=C3)=C3C=C2)C4=C1C=CC(Br)=C4)(O)=O,10.1002/aenm.202300694,16.33,0.851,26.3,72.96,16.32939648,0.0006035199999985252,False
CBSA,O=S(=O)(O)c1ccc(Cl)cc1,10.1002/adma.201600197,7.6,0.787,15.796,61.2,7.608048624,0.008048624000000615,False
Cbz-2Ph,O=P(O)(O)CCCCn1c2ccc(-c3ccccc3)cc2c2cc(-c3ccccc3)ccc21,10.1039/D4EE04479G,17.12,0.846,27.86,72.64,17.120928384,0.0009283839999980614,False
Cbz-2Ph,O=P(O)(O)CCCCn1c2ccc(-c3ccccc3)cc2c2cc(-c3ccccc3)ccc21,10.1039/D4EE04479G,18.89,0.859,28.62,76.83,18.888332813999998,0.0016671860000023742,False
Cbz-2Ph,O=P(O)(O)CCCCn1c2ccc(-c3ccccc3)cc2c2cc(-c3ccccc3)ccc21,10.1039/D4EE04479G,18.65,0.855,28.23,77.3,18.65763045,0.0076304500000006215,False
Cbz-2Ph,O=P(O)(O)CCCCn1c2ccc(-c3ccccc3)cc2c2cc(-c3ccccc3)ccc21,10.1039/D4EE04479G,18.28,0.85,27.85,77.2,18.27517,0.004830000000001888,False
Cbz-2Ph,O=P(O)(O)CCCCn1c2ccc(-c3ccccc3)cc2c2cc(-c3ccccc3)ccc21,10.1039/D4EE04479G,18.04,0.866,28.02,74.28,18.024279695999997,0.015720304000002017,False
Cbz-2Ph,O=P(O)(O)CCCCn1c2ccc(-c3ccccc3)cc2c2cc(-c3ccccc3)ccc21,10.1039/D4EE04479G,19.1,0.873,28.29,77.3,19.090912409999998,0.009087590000003587,False
Cbz-2Ph,O=P(O)(O)CCCCn1c2ccc(-c3ccccc3)cc2c2cc(-c3ccccc3)ccc21,10.1039/D4EE04479G,15.96,0.837,28.53,66.82,15.956355401999996,0.0036445980000046063,False
Cbz-2Ph,O=P(O)(O)CCCCn1c2ccc(-c3ccccc3)cc2c2cc(-c3ccccc3)ccc21,10.1039/D4EE04479G,18.77,0.858,28.57,76.54,18.762296124000002,0.007703875999997223,False
Cbz-2Ph,O=P(O)(O)CCCCn1c2ccc(-c3ccccc3)cc2c2cc(-c3ccccc3)ccc21,10.1039/D4EE04479G,17.52,0.867,28.99,69.75,17.531195174999997,0.011195174999997448,False
Cbz-2Ph,O=P(O)(O)CCCCn1c2ccc(-c3ccccc3)cc2c2cc(-c3ccccc3)ccc21,10.1039/D4EE04479G,17.76,0.869,28.71,71.18,17.758691082000002,0.0013089179999994371,False
4Cl-PACz,O=P(O)(O)CCn1c2c(Cl)cc(Cl)cc2c2cc(Cl)cc(Cl)c21,10.1016/j.cej.2022.140138,16.8,0.85,25.2,78.3,16.771859999999997,0.02814000000000405,False
4Cl-PACz,O=P(O)(O)CCn1c2c(Cl)cc(Cl)cc2c2cc(Cl)cc(Cl)c21,10.1016/j.cej.2022.140138,18.2,0.9,25.6,78.8,18.155520000000003,0.04447999999999652,False
Me-4PACz,Cc1ccc2c(c1)c1ccc(C)cc1n2CCCCP(=O)(O)O,10.1063/5.0215972,17.06,0.826,27.08,76.26,17.057897808,0.002102191999998837,False
2PACz,O=P(O)(O)CCn1c2ccccc2c2ccccc21,10.1063/5.0215972,15.67,0.813,27.03,71.29,15.666255531000001,0.003744468999999029,False
Br-2PACz,O=P(O)(O)CCn1c2ccc(Br)cc2c2cc(Br)ccc21,10.1016/j.joule.2024.03.009,17.7,0.858,27.9,73.6,17.618515199999997,0.08148480000000191,False
Me-4PACz,Cc1ccc2c(c1)c1ccc(C)cc1n2CCCCP(=O)(O)O,10.1002/smll.202411457,18.73,0.901,26.57,78.21,18.723137697,0.006862303000001901,False
Me-4PACz,Cc1ccc2c(c1)c1ccc(C)cc1n2CCCCP(=O)(O)O,10.1002/smll.202411457,17.37,0.886,26.17,74.86,17.357503732,0.012496267999999588,False
Me-4PACz,Cc1ccc2c(c1)c1ccc(C)cc1n2CCCCP(=O)(O)O,10.1002/smll.202411457,18.04,0.899,26.06,76.95,18.027799830000003,0.012200169999996291,False
Me-4PACz,Cc1ccc2c(c1)c1ccc(C)cc1n2CCCCP(=O)(O)O,10.1002/smll.202411457,19.32,0.916,26.85,78.54,19.316598840000005,0.0034011599999956843,False
Me-4PACz,Cc1ccc2c(c1)c1ccc(C)cc1n2CCCCP(=O)(O)O,10.1002/smll.202411457,18.01,0.892,26.57,75.91,17.991004004,0.018995996000001014,False
Me-4PACz,Cc1ccc2c(c1)c1ccc(C)cc1n2CCCCP(=O)(O)O,10.1002/smll.202411457,20.42,0.907,27.23,82.6,20.40022586,0.01977414000000266,False
Me-4PACz,Cc1ccc2c(c1)c1ccc(C)cc1n2CCCCP(=O)(O)O,10.1002/smll.202411457,20.2,0.911,27.07,81.93,20.204568861,0.0045688609999992025,False
Me-4PACz,Cc1ccc2c(c1)c1ccc(C)cc1n2CCCCP(=O)(O)O,10.1002/smll.202411457,18.49,0.859,28.13,76.48,18.480374816,0.009625183999997233,False
Me-4PACz,Cc1ccc2c(c1)c1ccc(C)cc1n2CCCCP(=O)(O)O,10.1002/smll.202411457,17.8,0.866,27.04,75.97,17.789621408,0.01037859200000213,False
Me-4PACz,Cc1ccc2c(c1)c1ccc(C)cc1n2CCCCP(=O)(O)O,10.1002/smll.202411457,18.33,0.891,26.64,77.21,18.326750904,0.0032490959999975644,False
Me-4PACz,Cc1ccc2c(c1)c1ccc(C)cc1n2CCCCP(=O)(O)O,10.1002/smll.202411457,18.49,0.898,26.51,77.67,18.490104666,0.00010466600000214044,False
Me-4PACz,Cc1ccc2c(c1)c1ccc(C)cc1n2CCCCP(=O)(O)O,10.1002/smll.202411457,18.28,0.897,26.53,76.82,18.281170362,0.0011703619999998693,False
Br-2EPO,O=P(O)(O)CCN1c2ccc(Br)cc2Oc2cc(Br)ccc21,10.1002/adfm.202208793,17.21,0.853,27.42,73.65,17.22618999,0.016189990000000876,False
Br-2EPT,O=P(O)(O)CCN1c2ccc(Br)cc2Sc2cc(Br)ccc21,10.1002/adfm.202208793,17.46,0.853,27.62,74.22,17.486128091999998,0.026128091999996883,False
Br-2EPSe,O=P(O)(O)CCN1c2ccc(Br)cc2[Se]c2cc(Br)ccc21,10.1002/adfm.202208793,17.91,0.855,27.87,75.12,17.900232120000002,0.009767879999998286,False
JJ25,OP(O)(=O)CCCCN1C2=C(C3=CC=CC=C3C(Br)=C2)C2=C1C=C(Br)C1=CC=CC=C12,10.1002/adfm.202303653,18.16,0.86,28.07,75.23,18.16067246,0.000672460000000541,False
JJ25,OP(O)(=O)CCCCN1C2=C(C3=CC=CC=C3C(Br)=C2)C2=C1C=C(Br)C1=CC=CC=C12,10.1002/adfm.202303653,16.03,0.84,27.34,69.82,16.034581919999997,0.004581919999996131,False
JJ25,OP(O)(=O)CCCCN1C2=C(C3=CC=CC=C3C(Br)=C2)C2=C1C=C(Br)C1=CC=CC=C12,10.1002/adfm.202303653,8.8,0.98,13.42,66.9,8.798420400000001,0.0015795999999994592,False
JJ25,OP(O)(=O)CCCCN1C2=C(C3=CC=CC=C3C(Br)=C2)C2=C1C=C(Br)C1=CC=CC=C12,10.1002/adfm.202303653,16.59,0.86,27.49,70.2,16.596262799999998,0.0062627999999982364,False
3-Br-2PACz,C1=CC2=C(C=C1Br)C3=C(N2CCP(=O)(O)O)C=CC=C3,10.1002/adfm.202406060,19.35,0.862,28.26,79.42,19.346807304000002,0.0031926959999992732,False
Br-2PACz,O=P(O)(O)CCn1c2ccc(Br)cc2c2cc(Br)ccc21,10.1002/adfm.202406060,18.32,0.846,27.6,78.42,18.31075632,0.009243680000000865,False
Cl-2PACz,ClC1=CC2=C(N(CCP(O)(O)=O)C3=C2C=C(Cl)C=C3)C=C1,10.1002/adfm.202406060,18.21,0.852,27.13,78.79,18.212119404,0.002119403999998326,False
2PACz,O=P(O)(O)CCn1c2ccccc2c2ccccc21,10.1002/adfm.202406060,18.31,0.853,27.5,78.07,18.31327025,0.003270249999999919,False
Me-4PACz,Cc1ccc2c(c1)c1ccc(C)cc1n2CCCCP(=O)(O)O,10.1002/adfm.202406060,17.97,0.846,27.85,76.27,17.97005097,5.097000000020557e-05,False
4PADCB,C1=CC=C2C(=C1)C=CC3=C2C4=C(N3CCCCP(=O)(O)O)C=CC5=CC=CC=C54,10.1002/adfm.202406060,18.43,0.855,27.49,78.41,18.429447194999998,0.0005528050000016549,False
3-Br-2PACz,C1=CC2=C(C=C1Br)C3=C(N2CCP(=O)(O)O)C=CC=C3,10.1002/adfm.202406060,18.6,0.894,26.41,78.77,18.598022357999998,0.001977642000003499,False
3-Br-2PACz,C1=CC2=C(C=C1Br)C3=C(N2CCP(=O)(O)O)C=CC=C3,10.1002/adfm.202406060,17.36,0.847,26.49,78.1,17.52332043,0.16332042999999885,False
3-Br-2PACz,C1=CC2=C(C=C1Br)C3=C(N2CCP(=O)(O)O)C=CC=C3,10.1002/adfm.202406060,17.51,0.851,27.28,75.52,17.532179455999998,0.022179455999996378,False
3-Br-2PACz,C1=CC2=C(C=C1Br)C3=C(N2CCP(=O)(O)O)C=CC=C3,10.1002/adfm.202406060,17.83,0.84,27.88,76.14,17.83137888,0.0013788800000007484,False
3-Br-2PACz,C1=CC2=C(C=C1Br)C3=C(N2CCP(=O)(O)O)C=CC=C3,10.1002/adfm.202406060,13.35,0.856,19.95,78.14,13.344124079999999,0.005875920000001145,False
2PACz,O=P(O)(O)CCn1c2ccccc2c2ccccc21,10.1002/adfm.202417786,18.54,0.88,26.5,79.5,18.5394,0.0005999999999986017,False
PPh-2PACz,O=P(O)(O)CCn1c2cc(-c3ccc([*])cc3)ccc2c2ccc(-c3ccc([*])cc3)cc21,10.1002/adfm.202417786,19.63,0.888,27.36,80.8,19.63090944,0.0009094400000009273,False
Ph-2PACz,O=P(O)(O)CCn1c2cc(-c3ccccc3)ccc2c2ccc(-c3ccccc3)cc21,10.1002/adfm.202417786,18.54,0.887,26.68,78.4,18.553485440000003,0.013485440000003734,False
2PACz,O=P(O)(O)CCn1c2ccccc2c2ccccc21,10.1002/adfm.202417786,18.78,0.861,27.45,79.5,18.78938775,0.009387749999998363,False
PPh-2PACz,O=P(O)(O)CCn1c2cc(-c3ccc([*])cc3)ccc2c2ccc(-c3ccc([*])cc3)cc21,10.1002/adfm.202417786,19.53,0.863,28.25,80.3,19.57693925,0.046939249999997656,False
2PACz,O=P(O)(O)CCn1c2ccccc2c2ccccc21,10.1002/adfm.202417786,18.82,0.903,26.62,78.3,18.82164438,0.0016443799999983355,False
PPh-2PACz,O=P(O)(O)CCn1c2cc(-c3ccc([*])cc3)ccc2c2ccc(-c3ccc([*])cc3)cc21,10.1002/adfm.202417786,19.44,0.905,27.06,79.4,19.4445042,0.004504199999999514,False
t-Bu-3PACz,CC(C)(C)c1ccc2c(c1)c1cc(C(C)(C)C)ccc1n2CCCP(=O)(O)O,10.1002/adfm.202418223,17.6,0.844,28.8,72.5,17.62272,0.02271999999999963,False
Ph-3PACz,O=P(O)(O)CCCn1c2ccc(-c3ccccc3)cc2c2cc(-c3ccccc3)ccc21,10.1002/adfm.202418223,19.2,0.85,28.7,78.5,19.150075,0.04992499999999822,False
Bz-3PACz,O=P(O)(O)CCCn1c2ccc3ccccc3c2c2c3ccccc3ccc21,10.1002/adfm.202418223,18.4,0.846,28.2,77.2,18.4177584,0.01775840000000173,False
Ph-3PACz,O=P(O)(O)CCCn1c2ccc(-c3ccccc3)cc2c2cc(-c3ccccc3)ccc21,10.1002/adfm.202418223,18.6,0.885,26.9,78.2,18.616683000000002,0.016683000000000447,False
Ph-3PACz,O=P(O)(O)CCCn1c2ccc(-c3ccccc3)cc2c2cc(-c3ccccc3)ccc21,10.1002/adfm.202418223,17.6,0.852,27.2,76.0,17.612544,0.012543999999998334,False
JJ36,O=P(O)(O)CCCCn1c2cc(-c3ccccc3)ccc2c2ccc(-c3ccccc3)cc21,10.1002/adfm.202423178,19.22,0.84,29.29,78.13,19.22279268,0.0027926800000024343,False
JJ37,O=P(O)(O)c1ccc(-n2c3cc(-c4ccccc4)ccc3c3ccc(-c4ccccc4)cc32)cc1,10.1002/adfm.202423178,19.7,0.847,29.37,79.21,19.704588518999998,0.00458851899999857,False
JJ36,O=P(O)(O)CCCCn1c2cc(-c3ccccc3)ccc2c2ccc(-c3ccccc3)cc21,10.1002/adfm.202423178,16.5,0.844,25.31,77.24,16.499730735999997,0.0002692640000034885,False
JJ37,O=P(O)(O)c1ccc(-n2c3cc(-c4ccccc4)ccc3c3ccc(-c4ccccc4)cc32)cc1,10.1002/adfm.202423178,17.0,0.848,25.85,77.57,17.00396456,0.003964560000000006,False
JJ36,O=P(O)(O)CCCCn1c2cc(-c3ccccc3)ccc2c2ccc(-c3ccccc3)cc21,10.1002/adfm.202423178,18.84,0.851,28.5,77.69,18.84254415,0.002544149999998524,False
JJ37,O=P(O)(O)c1ccc(-n2c3cc(-c4ccccc4)ccc3c3ccc(-c4ccccc4)cc32)cc1,10.1002/adfm.202423178,19.25,0.852,28.96,78.03,19.253059776,0.0030597760000006247,False
JJ36,O=P(O)(O)CCCCn1c2cc(-c3ccccc3)ccc2c2ccc(-c3ccccc3)cc21,10.1002/adfm.202423178,5.72,0.728,15.49,50.72,5.719552384,0.000447615999999762,False
JJ37,O=P(O)(O)c1ccc(-n2c3cc(-c4ccccc4)ccc3c3ccc(-c4ccccc4)cc32)cc1,10.1002/adfm.202423178,6.23,0.728,15.93,53.75,6.233409,0.0034089999999995513,False
JJ37,O=P(O)(O)c1ccc(-n2c3cc(-c4ccccc4)ccc3c3ccc(-c4ccccc4)cc32)cc1,10.1002/adfm.202423178,16.21,0.832,28.27,68.92,16.210425088,0.0004250880000000734,False
2PACz,O=P(O)(O)CCn1c2ccccc2c2ccccc21,10.1002/adfm.202505515,19.0,0.857,28.5,77.8,19.002260999999997,0.002260999999997182,False
2PACz,O=P(O)(O)CCn1c2ccccc2c2ccccc21,10.1002/adfm.202505515,18.2,0.836,28.4,76.9,18.2579056,0.057905600000001556,False
2PACz,O=P(O)(O)CCn1c2ccccc2c2ccccc21,10.1002/adfm.202505515,18.7,0.89,26.9,78.8,18.865508,0.1655079999999991,False
Cbz-2Ph,O=P(O)(O)CCCCn1c2ccc(-c3ccccc3)cc2c2cc(-c3ccccc3)ccc21,10.1002/adfm.202512687,18.9,0.89,27.0,78.9,18.959670000000003,0.05967000000000411,False
Cbz-2Ph,O=P(O)(O)CCCCn1c2ccc(-c3ccccc3)cc2c2cc(-c3ccccc3)ccc21,10.1002/adfm.202512687,20.3,0.89,27.9,81.6,20.262096,0.03790400000000105,False
Cbz-2Ph,O=P(O)(O)CCCCn1c2ccc(-c3ccccc3)cc2c2cc(-c3ccccc3)ccc21,10.1002/adfm.202512687,19.6,0.89,27.4,80.4,19.606344,0.006343999999998573,False
Cbz-2Ph,O=P(O)(O)CCCCn1c2ccc(-c3ccccc3)cc2c2cc(-c3ccccc3)ccc21,10.1002/adfm.202512687,18.3,0.89,26.5,77.4,18.254790000000003,0.04520999999999731,False
Cbz-2Ph,O=P(O)(O)CCCCn1c2ccc(-c3ccccc3)cc2c2cc(-c3ccccc3)ccc21,10.1002/adfm.202512687,18.6,0.89,26.9,77.5,18.554275,0.045725000000000904,False
4PADCB,C1=CC=C2C(=C1)C=CC3=C2C4=C(N3CCCCP(=O)(O)O)C=CC5=CC=CC=C54,10.1002/adfm.202512687,18.6,0.89,26.8,78.1,18.628411999999997,0.028411999999995885,False
4PADCB,C1=CC=C2C(=C1)C=CC3=C2C4=C(N3CCCCP(=O)(O)O)C=CC5=CC=CC=C54,10.1002/adfm.202512687,19.5,0.89,27.4,79.8,19.460028,0.039971999999998786,False
Br-2PACz,O=P(O)(O)CCn1c2ccc(Br)cc2c2cc(Br)ccc21,10.1002/adfm.202512687,19.9,0.89,27.9,80.3,19.939293,0.03929300000000069,False
Br-2PACz,O=P(O)(O)CCn1c2ccc(Br)cc2c2cc(Br)ccc21,10.1002/adma.202400342,18.65,0.85,27.63,79.69,18.715594949999996,0.06559494999999771,False
CBSA,O=S(=O)(O)c1ccc(Cl)cc1,10.1002/adma.201600197,8.1,0.772,16.415,63.7,8.07230606,0.027693939999998918,False
CBSA,O=S(=O)(O)c1ccc(Cl)cc1,10.1002/adma.201600197,8.3,0.782,16.79,63.3,8.311150739999999,0.011150739999997938,False
CBSA,O=S(=O)(O)c1ccc(Cl)cc1,10.1002/adma.201600197,9.0,0.802,16.414,68.6,9.030523208,0.03052320799999997,False
CBSC,O=S(=O)(Cl)c1ccc(Cl)cc1,10.1002/adma.201600197,8.8,0.803,16.731,65.2,8.759615436,0.04038456400000001,False
CBSA,O=S(=O)(O)c1ccc(Cl)cc1,10.1002/adma.201600197,9.2,0.798,16.406,69.9,9.151299612,0.04870038799999854,False
CBSA,O=S(=O)(O)c1ccc(Cl)cc1,10.1002/adma.201600197,8.3,0.789,16.397,64.3,8.318640818999999,0.018640818999998032,False
CBSA,O=S(=O)(O)c1ccc(Cl)cc1,10.1002/adma.201600197,8.0,0.788,15.86,63.8,7.97351984,0.026480160000000197,False
CBSA,O=S(=O)(O)c1ccc(Cl)cc1,10.1002/adma.201600197,7.8,0.788,15.462,64.3,7.834348007999999,0.034348007999999375,False
CBSA,O=S(=O)(O)c1ccc(Cl)cc1,10.1002/adma.201600197,7.6,0.787,15.796,61.2,7.608048624,0.008048624000000615,False
CBA,O=C(O)c1ccc(Cl)cc1,10.1002/adma.201600197,8.6,0.795,16.325,65.9,8.552749125,0.04725087499999958,False
FBA,O=C(O)c1ccc(F)cc1,10.1002/adma.201600197,7.1,0.716,16.123,61.9,7.1457780920000005,0.045778092000000825,False
BA,O=C(O)c1ccccc1,10.1002/adma.201600197,6.1,0.655,15.158,60.9,6.04645041,0.05354958999999937,False
CBSC,O=S(=O)(Cl)c1ccc(Cl)cc1,10.1002/adma.201600197,9.1,0.801,16.727,68.1,9.124260687000001,0.024260687000001724,False
2PACz,O=P(O)(O)CCn1c2ccccc2c2ccccc21,10.1002/adma.202400342,19.19,0.86,28.21,78.42,19.025162520000002,0.1648374799999992,False
2PACz,O=P(O)(O)CCn1c2ccccc2c2ccccc21,10.1002/adma.202400342,20.17,0.88,28.4,80.86,20.208531199999996,0.038531199999994215,False
2PACz,O=P(O)(O)CCn1c2ccccc2c2ccccc21,10.1002/adma.202400342,18.27,0.87,26.68,78.35,18.1862886,0.08371139999999855,False
2PACz,O=P(O)(O)CCn1c2ccccc2c2ccccc21,10.1002/adma.202400342,17.82,0.84,27.86,75.92,17.76710208,0.05289791999999949,False
2PACz,O=P(O)(O)CCn1c2ccccc2c2ccccc21,10.1002/adma.202400342,19.41,0.85,28.09,81.32,19.4163698,0.006369799999998094,False
2PACz,O=P(O)(O)CCn1c2ccccc2c2ccccc21,10.1002/adma.202400342,17.24,0.82,27.76,76.11,17.32507152,0.08507152000000318,False
2PACz,O=P(O)(O)CCn1c2ccccc2c2ccccc21,10.1002/adma.202400342,18.78,0.85,27.91,79.2,18.789012,0.009011999999998466,False
Cl-2PACz,ClC1=CC2=C(N(CCP(O)(O)=O)C3=C2C=C(Cl)C=C3)C=C1,10.1002/adma.202400342,18.91,0.85,27.57,80.4,18.841338,0.06866199999999978,False
Cl-2PACz,ClC1=CC2=C(N(CCP(O)(O)=O)C3=C2C=C(Cl)C=C3)C=C1,10.1002/adma.202400342,18.52,0.84,28.18,77.77,18.409092239999996,0.11090776000000346,False
Cl-2PACz,ClC1=CC2=C(N(CCP(O)(O)=O)C3=C2C=C(Cl)C=C3)C=C1,10.1002/adma.202400342,18.06,0.85,26.94,78.88,18.0627312,0.0027312000000030423,False
Br-2PACz,O=P(O)(O)CCn1c2ccc(Br)cc2c2cc(Br)ccc21,10.1002/adma.202400342,17.84,0.85,26.97,77.78,17.830676099999998,0.009323900000001828,False
Br-2PACz,O=P(O)(O)CCn1c2ccc(Br)cc2c2cc(Br)ccc21,10.1002/adma.202400342,18.15,0.85,27.15,78.51,18.118145249999998,0.03185475000000082,False
Br-2PACz,O=P(O)(O)CCn1c2ccc(Br)cc2c2cc(Br)ccc21,10.1002/adma.202400342,18.32,0.88,26.09,79.7,18.2984824,0.02151759999999925,False
Me-4PACz,Cc1ccc2c(c1)c1ccc(C)cc1n2CCCCP(=O)(O)O,10.1002/adma.202400342,19.38,0.85,28.45,80.4,19.442729999999997,0.0627299999999984,False
Me-4PACz,Cc1ccc2c(c1)c1ccc(C)cc1n2CCCCP(=O)(O)O,10.1002/adma.202400342,16.97,0.81,27.26,76.67,16.929196020000003,0.04080397999999619,False
Me-4PACz,Cc1ccc2c(c1)c1ccc(C)cc1n2CCCCP(=O)(O)O,10.1002/adma.202400342,17.38,0.82,27.34,77.13,17.291620439999996,0.08837956000000347,False
2PACz,O=P(O)(O)CCn1c2ccccc2c2ccccc21,10.1002/adma.202400342,19.22,0.89,27.73,80.66,19.90664602,0.6866460200000013,False
2PACz,O=P(O)(O)CCn1c2ccccc2c2ccccc21,10.1002/adma.202400342,17.17,0.83,26.72,76.97,17.070098719999997,0.09990128000000453,False
2PACz,O=P(O)(O)CCn1c2ccccc2c2ccccc21,10.1002/adma.202400342,17.34,0.85,26.55,77.1,17.3995425,0.059542499999999166,False
Cl-2PACz,ClC1=CC2=C(N(CCP(O)(O)=O)C3=C2C=C(Cl)C=C3)C=C1,10.1002/adma.202400342,18.73,0.881,26.41,80.45,18.718470445,0.011529554999999192,False
Cl-2PACz,ClC1=CC2=C(N(CCP(O)(O)=O)C3=C2C=C(Cl)C=C3)C=C1,10.1002/adma.202400342,18.22,0.87,26.42,78.86,18.12628644,0.09371355999999764,False
Cl-2PACz,ClC1=CC2=C(N(CCP(O)(O)=O)C3=C2C=C(Cl)C=C3)C=C1,10.1002/adma.202400342,18.46,0.87,26.66,79.21,18.372125819999997,0.08787418000000358,False
Br-2PACz,O=P(O)(O)CCn1c2ccc(Br)cc2c2cc(Br)ccc21,10.1002/adma.202400342,18.32,0.87,26.69,78.48,18.223291440000004,0.09670855999999617,False
Br-2PACz,O=P(O)(O)CCn1c2ccc(Br)cc2c2cc(Br)ccc21,10.1002/adma.202400342,18.15,0.85,27.15,78.51,18.118145249999998,0.03185475000000082,False
Br-2PACz,O=P(O)(O)CCn1c2ccc(Br)cc2c2cc(Br)ccc21,10.1002/aenm.202401262,16.69,0.857,26.4,73.76,16.68805248,0.0019475200000016457,False
Me-4PACz,Cc1ccc2c(c1)c1ccc(C)cc1n2CCCCP(=O)(O)O,10.1002/adma.202400342,19.06,0.89,26.65,80.82,19.169291699999995,0.10929169999999644,False
Me-4PACz,Cc1ccc2c(c1)c1ccc(C)cc1n2CCCCP(=O)(O)O,10.1002/adma.202400342,17.21,0.84,26.81,76.83,17.30242332,0.0924233199999982,False
2PACz,O=P(O)(O)CCn1c2ccccc2c2ccccc21,10.1002/adma.202400342,19.03,0.92,25.75,80.4,19.046760000000003,0.01676000000000144,False
2PACz,O=P(O)(O)CCn1c2ccccc2c2ccccc21,10.1002/adma.202400342,10.49,0.86,15.12,80.85,10.5130872,0.023087199999999086,False
2PACz,O=P(O)(O)CCn1c2ccccc2c2ccccc21,10.1002/adma.202400342,7.11,0.85,10.56,78.74,7.067702400000001,0.04229759999999949,False
2PACz,O=P(O)(O)CCn1c2ccccc2c2ccccc21,10.1002/adma.202502485,19.34,0.9,26.4,81.4,19.34064,0.0006400000000006401,False
2PACz,O=P(O)(O)CCn1c2ccccc2c2ccccc21,10.1002/adma.202502485,20.2,0.885,28.43,80.3,20.203921649999998,0.0039216499999987775,False
2PAThCz,O=P(O)(O)CCn1c2cc(-c3ccsc3)ccc2c2ccc(-c3ccsc3)cc21,10.1002/adma.202502485,19.52,0.896,26.87,81.1,19.52524672,0.005246719999998817,False
2PAThCz,O=P(O)(O)CCn1c2cc(-c3ccsc3)ccc2c2ccc(-c3ccsc3)cc21,10.1002/adma.202502485,20.27,0.888,28.22,80.9,20.27302224,0.003022239999999954,False
4PAThCz,O=P(O)(O)CCCCn1c2cc(-c3ccsc3)ccc2c2ccc(-c3ccsc3)cc21,10.1002/adma.202502485,19.79,0.899,26.85,82.0,19.793283000000002,0.0032830000000032555,False
4PAThCz,O=P(O)(O)CCCCn1c2cc(-c3ccsc3)ccc2c2ccc(-c3ccsc3)cc21,10.1002/adma.202502485,20.78,0.89,28.65,81.5,20.7812775,0.0012775000000004866,False
2PACz,O=P(O)(O)CCn1c2ccccc2c2ccccc21,10.1002/advs.202404725,16.28,0.854,25.73,74.97,16.473472974,0.19347297399999874,False
Cl-2PACz,ClC1=CC2=C(N(CCP(O)(O)=O)C3=C2C=C(Cl)C=C3)C=C1,10.1002/advs.202410277,18.62,0.88,27.32,77.44,18.617815039999996,0.0021849600000045655,False
2Cl-3PACz,O=P(O)(O)CCCn1c2ccc(Cl)cc2c2cc(Cl)ccc21,10.1002/advs.202410277,16.61,0.873,26.76,71.1,16.61001228,1.2279999999975644e-05,False
2Cl-4PACz,O=P(O)(O)CCCCn1c2ccc(Cl)cc2c2cc(Cl)ccc21,10.1002/advs.202410277,15.21,0.871,27.03,64.57,15.201799041,0.008200959000001617,False
2Cl-5PACz,O=P(O)(O)CCCCCn1c2ccc(Cl)cc2c2cc(Cl)ccc21,10.1002/advs.202410277,13.27,0.858,26.94,57.38,13.263111576000002,0.006888423999997784,False
Cl-2PACz,ClC1=CC2=C(N(CCP(O)(O)=O)C3=C2C=C(Cl)C=C3)C=C1,10.1002/advs.202410277,18.06,0.859,28.31,74.25,18.056330324999998,0.003669675000001149,False
2Cl-3PACz,O=P(O)(O)CCCn1c2ccc(Cl)cc2c2cc(Cl)ccc21,10.1002/advs.202410277,15.43,0.851,28.34,64.82,15.632859787999998,0.20285978799999782,False
2Cl-4PACz,O=P(O)(O)CCCCn1c2ccc(Cl)cc2c2cc(Cl)ccc21,10.1002/advs.202410277,15.2,0.847,28.78,62.39,15.208598174,0.00859817400000118,False
2Cl-5PACz,O=P(O)(O)CCCCCn1c2ccc(Cl)cc2c2cc(Cl)ccc21,10.1002/advs.202410277,12.64,0.838,28.16,53.57,12.641491455999999,0.0014914559999983368,False
Cl-2PACz,ClC1=CC2=C(N(CCP(O)(O)=O)C3=C2C=C(Cl)C=C3)C=C1,10.1002/advs.202410277,16.95,0.844,27.89,72.02,16.952903032,0.002903031999998973,False
2Cl-3PACz,O=P(O)(O)CCCn1c2ccc(Cl)cc2c2cc(Cl)ccc21,10.1002/advs.202410277,14.05,0.834,27.77,60.68,14.053597223999997,0.0035972239999964017,False
2Cl-4PACz,O=P(O)(O)CCCCn1c2ccc(Cl)cc2c2cc(Cl)ccc21,10.1002/advs.202410277,13.75,0.826,28.07,59.3,13.74919126,0.0008087400000000855,False
2Cl-5PACz,O=P(O)(O)CCCCCn1c2ccc(Cl)cc2c2cc(Cl)ccc21,10.1002/advs.202410277,11.76,0.817,28.49,50.49,11.752219017,0.007780982999999964,False
F-2PACz,O=P(O)(O)CCn1c2cc(F)ccc2c2ccc(F)cc21,10.1002/aenm.202202503,17.7,0.846,26.8,78.2,17.7301296,0.0301296000000022,False
"2,7-diCl-2PACz",O=P(O)(O)CCn1c2cc(Cl)ccc2c2ccc(Cl)cc21,10.1002/aenm.202202503,18.5,0.863,26.96,79.4,18.473585120000003,0.026414879999997254,False
Br-2PACz,O=P(O)(O)CCn1c2ccc(Br)cc2c2cc(Br)ccc21,10.1002/cssc.202100707,18.4,0.864,27.1,78.6,18.4037184,0.0037184000000003437,False
I-2PACz,O=P(O)(O)CCn1c2cc(I)ccc2c2ccc(I)cc21,10.1002/aenm.202202503,18.2,0.858,26.85,78.8,18.1533924,0.04660759999999797,False
"2,7-diCl-2PACz",O=P(O)(O)CCn1c2cc(Cl)ccc2c2ccc(Cl)cc21,10.1002/aenm.202202503,18.9,0.866,27.18,80.1,18.85384188,0.04615811999999764,False
"2,7-diCl-2PACz",O=P(O)(O)CCn1c2cc(Cl)ccc2c2ccc(Cl)cc21,10.1002/aenm.202202503,12.9,0.856,20.26,74.4,12.902864640000002,0.0028646400000020833,False
"2,7-diCl-2PACz",O=P(O)(O)CCn1c2cc(Cl)ccc2c2ccc(Cl)cc21,10.1002/aenm.202202503,10.6,1.088,16.45,59.2,10.5953792,0.004620799999999647,False
Cl-2PACz,ClC1=CC2=C(N(CCP(O)(O)=O)C3=C2C=C(Cl)C=C3)C=C1,10.1002/aenm.202303354,18.17,0.84,28.42,76.0,18.143328,0.02667200000000136,False
"4,5-Cl-2PACz",O=P(O)(O)CCn1c2cccc(Cl)c2c2c(Cl)cccc21,10.1002/aenm.202303354,18.67,0.842,28.69,77.17,18.641941466000002,0.02805853399999947,False
"4,5-Cl-2PACz",O=P(O)(O)CCn1c2cccc(Cl)c2c2c(Cl)cccc21,10.1002/aenm.202303354,19.05,0.856,28.56,77.82,19.024935552,0.02506444800000196,False
4PADCB,C1=CC=C2C(=C1)C=CC3=C2C4=C(N3CCCCP(=O)(O)O)C=CC5=CC=CC=C54,10.1002/aenm.202304000,19.02,0.922,25.7,80.27,19.020297579999998,0.0002975799999980211,False
2PACz,O=P(O)(O)CCn1c2ccccc2c2ccccc21,10.1002/aenm.202401262,16.86,0.86,26.63,73.61,16.858014979999997,0.0019850200000028906,False
Br-2PACz,O=P(O)(O)CCn1c2ccc(Br)cc2c2cc(Br)ccc21,10.1002/aenm.202401262,15.47,0.859,24.02,74.98,15.470758364,0.0007583639999992897,False
Me-4PACz,Cc1ccc2c(c1)c1ccc(C)cc1n2CCCCP(=O)(O)O,10.1002/aenm.202401262,15.78,0.839,26.17,71.94,15.795599622,0.015599621999999869,False
2PACz,O=P(O)(O)CCn1c2ccccc2c2ccccc21,10.1002/aenm.202401262,16.2,0.86,25.8,72.7,16.130676,0.06932399999999816,False
2PACz,O=P(O)(O)CCn1c2ccccc2c2ccccc21,10.1002/aenm.202401262,16.8,0.861,26.4,73.7,16.7523048,0.047695199999999716,False
2PACz,O=P(O)(O)CCn1c2ccccc2c2ccccc21,10.1002/aenm.202401262,16.7,0.859,26.8,72.6,16.7133912,0.013391200000000936,False
2PACz,O=P(O)(O)CCn1c2ccccc2c2ccccc21,10.1002/aenm.202401262,13.21,0.733,26.36,68.38,13.212301543999999,0.002301543999998046,False
2PACz,O=P(O)(O)CCn1c2ccccc2c2ccccc21,10.1002/aenm.202401262,12.49,0.71,26.14,67.29,12.48862026,0.0013797400000008508,False
2PACz,O=P(O)(O)CCn1c2ccccc2c2ccccc21,10.1002/aenm.202401262,16.42,0.847,26.12,74.2,16.41574088,0.004259120000000394,False
4PA-SAcF,O=P(O)(O)CCCCN1c2ccccc2C2(c3ccccc3-c3ccccc32)c2ccccc21,10.1002/aenm.202504541,19.52,0.856,27.83,81.89,19.508228872,0.011771127999999464,False
4PA-DMAc,CC1(C)c2ccccc2N(CCCCP(=O)(O)O)c2ccccc21,10.1002/aenm.202504541,16.83,0.805,27.6,75.74,16.8279132,0.0020867999999971687,False
4PA-SAcF,O=P(O)(O)CCCCN1c2ccccc2C2(c3ccccc3-c3ccccc32)c2ccccc21,10.1002/aenm.202504541,19.89,0.849,28.51,82.2,19.896501780000005,0.006501780000004231,False
4PA-SAcF,O=P(O)(O)CCCCN1c2ccccc2C2(c3ccccc3-c3ccccc32)c2ccccc21,10.1002/aenm.202504541,19.9,0.91,26.43,82.73,19.89764049,0.0023595099999980107,False
4PA-SAcF,O=P(O)(O)CCCCN1c2ccccc2C2(c3ccccc3-c3ccccc32)c2ccccc21,10.1002/aenm.202504541,18.03,0.925,24.58,79.26,18.0209499,0.009050099999999617,False
4PA-SAcF,O=P(O)(O)CCCCN1c2ccccc2C2(c3ccccc3-c3ccccc32)c2ccccc21,10.1002/aenm.202504541,18.03,0.947,24.13,78.89,18.027240679,0.002759321000002757,False
4PA-SAcF,O=P(O)(O)CCCCN1c2ccccc2C2(c3ccccc3-c3ccccc32)c2ccccc21,10.1002/aenm.202504541,20.37,0.882,28.35,81.47,20.37132909,0.0013290899999987005,False
2-Br-4PACz,O=P(O)(O)CCCCn1c2ccccc2c2ccc(Br)cc21,10.1002/anie.202401518,18.56,0.846,29.02,75.6,18.560495519999996,0.0004955199999976401,False
BrBACz,O=P(O)(O)CCCCn1c2ccc(Br)cc2c2ccc3ccccc3c21,10.1002/anie.202401518,19.7,0.856,29.2,78.8,19.6962176,0.0037823999999986313,False
BrBACz,O=P(O)(O)CCCCn1c2ccc(Br)cc2c2ccc3ccccc3c21,10.1002/anie.202401518,18.61,0.835,29.13,76.5,18.607515749999997,0.002484250000001964,False
BrBACz,O=P(O)(O)CCCCn1c2ccc(Br)cc2c2ccc3ccccc3c21,10.1002/anie.202401518,19.33,0.903,27.06,79.1,19.328227379999998,0.0017726200000005576,False
BrBACz,O=P(O)(O)CCCCn1c2ccc(Br)cc2c2ccc3ccccc3c21,10.1002/anie.202401518,19.22,0.861,28.8,77.5,19.21752,0.0024799999999984834,False
4PADCB,C1=CC=C2C(=C1)C=CC3=C2C4=C(N3CCCCP(=O)(O)O)C=CC5=CC=CC=C54,10.1002/anie.202502215,18.41,0.847,28.18,77.1,18.402582659999997,0.007417340000003492,False
JJ25,OP(O)(=O)CCCCN1C2=C(C3=CC=CC=C3C(Br)=C2)C2=C1C=C(Br)C1=CC=CC=C12,10.1002/anie.202502215,19.05,0.856,28.84,77.15,19.04605136,0.003948640000000836,False
JJ26,BrC1=CC=C2C3=C(N(CCCCP(O)(O)=O)C4=C3C5=CC=C(Br)C=C5C=C4)C=CC2=C1,10.1002/anie.202502215,19.27,0.862,28.8,77.63,19.27211328,0.002113279999999662,False
4PADCB,C1=CC=C2C(=C1)C=CC3=C2C4=C(N3CCCCP(=O)(O)O)C=CC5=CC=CC=C54,10.1002/anie.202502215,15.89,0.834,27.6,69.01,15.88499784,0.005002160000000089,False
JJ25,OP(O)(=O)CCCCN1C2=C(C3=CC=CC=C3C(Br)=C2)C2=C1C=C(Br)C1=CC=CC=C12,10.1002/anie.202502215,18.01,0.869,28.27,73.3,18.00733979,0.002660210000001939,False
JJ26,BrC1=CC=C2C3=C(N(CCCCP(O)(O)=O)C4=C3C5=CC=C(Br)C=C5C=C4)C=CC2=C1,10.1002/anie.202502215,18.53,0.874,28.56,74.23,18.528876912,0.0011230879999999388,False
4PADCB,C1=CC=C2C(=C1)C=CC3=C2C4=C(N3CCCCP(=O)(O)O)C=CC5=CC=CC=C54,10.1002/anie.202502215,17.22,0.868,26.72,74.2,17.209176319999997,0.010823680000001445,False
JJ25,OP(O)(=O)CCCCN1C2=C(C3=CC=CC=C3C(Br)=C2)C2=C1C=C(Br)C1=CC=CC=C12,10.1002/anie.202502215,17.87,0.908,26.44,74.48,17.880800896000004,0.01080089600000278,False
JJ26,BrC1=CC=C2C3=C(N(CCCCP(O)(O)=O)C4=C3C5=CC=C(Br)C=C5C=C4)C=CC2=C1,10.1002/anie.202502215,19.35,0.916,27.47,76.96,19.365075391999998,0.015075391999996413,False
2PACz,O=P(O)(O)CCn1c2ccccc2c2ccccc21,10.1002/anie.202507273,16.68,0.877,25.74,73.87,16.675399026,0.004600973999998814,False
2PACz,O=P(O)(O)CCn1c2ccccc2c2ccccc21,10.1002/anie.202507273,17.1,0.895,25.8,74.05,17.0988855,0.0011144999999999072,False
JJ32,O=P(O)(O)CCCCN1c2ccccc2Sc2nc3ccccc3nc21,10.1002/anie.202507273,18.35,0.907,26.16,77.17,18.310218503999998,0.03978149600000336,False
JJ32,O=P(O)(O)CCCCN1c2ccccc2Sc2nc3ccccc3nc21,10.1002/anie.202507273,19.62,0.925,27.34,77.6,19.624651999999998,0.004651999999996548,False
JJ32,O=P(O)(O)CCCCN1c2ccccc2Sc2nc3ccccc3nc21,10.1002/anie.202507273,19.62,0.923,26.67,79.67,19.611893847,0.00810615299999995,False
JJ32,O=P(O)(O)CCCCN1c2ccccc2Sc2nc3ccccc3nc21,10.1002/anie.202507273,19.85,0.922,26.94,79.87,19.838653716000003,0.011346283999998263,False
JJ32,O=P(O)(O)CCCCN1c2ccccc2Sc2nc3ccccc3nc21,10.1002/anie.202507273,19.28,0.916,26.9,78.29,19.290969160000003,0.01096916000000192,False
JJ32,O=P(O)(O)CCCCN1c2ccccc2Sc2nc3ccccc3nc21,10.1002/anie.202507273,18.58,0.911,26.18,77.9,18.579134420000003,0.0008655799999957026,False
m-PhACz,O=P(O)(O)c1cccc(-n2c3ccccc3c3ccccc32)c1,10.1002/cjoc.70241,19.44,0.918,26.5,79.95,19.4494365,0.009436499999999626,False
p-PhACz,O=P(O)(O)c1ccc(-n2c3ccccc3c3ccccc32)cc1,10.1002/cjoc.70241,18.3,0.907,26.39,76.38,18.282110573999997,0.01788942600000354,False
p-DPAPCz,O=P(O)(O)c1ccc(N(c2ccccc2)c2ccccc2)cc1,10.1002/cjoc.70241,17.38,0.903,26.04,73.87,17.369880444,0.010119555999999363,False
Br-2PACz,O=P(O)(O)CCn1c2ccc(Br)cc2c2cc(Br)ccc21,10.1021/acsenergylett.4c01564,17.66,0.857,26.88,76.63,17.652609408,0.00739059200000014,False
MeO-2PACz,COc1ccc2c(c1)c1cc(OC)ccc1n2CCP(=O)(O)O,10.1002/cssc.202100707,14.5,0.776,26.21,71.3,14.50167848,0.0016784800000007039,False
2PACz,O=P(O)(O)CCn1c2ccccc2c2ccccc21,10.1002/ente.202501733,6.44,0.81,12.91,61.18,6.397653780000001,0.04234621999999977,False
2PACz,O=P(O)(O)CCn1c2ccccc2c2ccccc21,10.1002/ente.202501733,8.28,0.71,22.61,51.22,8.22239782,0.05760217999999995,False
Br-2PACz,O=P(O)(O)CCn1c2ccc(Br)cc2c2cc(Br)ccc21,10.1021/acssuschemeng.6c01237,15.38,0.849,24.25,74.74,15.387658049999997,0.007658049999996308,False
Br-2PACz,O=P(O)(O)CCn1c2ccc(Br)cc2c2cc(Br)ccc21,10.1021/acssuschemeng.6c01237,16.55,0.846,25.86,75.62,16.543810871999998,0.006189128000002597,False
"2,6-diMeO-2PACz",COc1ccc2c(c1)c1ccc(OC)cc1n2CCP(=O)(O)O,10.1002/ente.202501733,6.56,0.81,12.93,62.27,6.52172391,0.03827608999999921,False
"2,6-diMeO-2PACz",COc1ccc2c(c1)c1ccc(OC)cc1n2CCP(=O)(O)O,10.1002/ente.202501733,8.65,0.72,22.14,53.92,8.59527936,0.0547206400000011,False
Me-4PACz,Cc1ccc2c(c1)c1ccc(C)cc1n2CCCCP(=O)(O)O,10.1002/ente.202501733,6.36,0.81,13.06,59.76,6.3217713600000005,0.038228639999999814,False
Me-4PACz,Cc1ccc2c(c1)c1ccc(C)cc1n2CCCCP(=O)(O)O,10.1002/ente.202501733,8.08,0.68,22.32,52.89,8.02743264,0.0525673599999994,False
27-4p-PANI,[*]c1ccc2c(c1)n(CCCCP(=O)(O)O)c1ccc(Nc3c(C)cc(C)c(N[*])c3)cc12,10.1002/marc.202401145,8.59,0.58,24.78,59.81,8.59613244,0.006132440000000017,False
36-4p-PANI,[*]c1cc2c(cc1)n(CCCCP(=O)(O)O)c1cc(Nc3c(C)cc(C)c(N[*])c3)ccc12,10.1002/marc.202401145,11.36,0.665,25.83,66.12,11.357399340000002,0.002600659999997035,False
36-2p-PANI,[*]c1cc2c(cc1)n(CCP(=O)(O)O)c1cc(Nc3c(C)cc(C)c(N[*])c3)ccc12,10.1002/marc.202401145,12.46,0.703,26.45,67.05,12.467511674999999,0.007511674999998164,False
36-Ph-PANI,[*]c1cc2c(cc1)n(c1ccc(P(=O)(O)O)cc1)c1cc(Nc3c(C)cc(C)c(N[*])c3)ccc12,10.1002/marc.202401145,15.08,0.812,26.94,68.95,15.083005560000004,0.0030055600000036264,False
2PACz,O=P(O)(O)CCn1c2ccccc2c2ccccc21,10.1002/smll.202403233,16.18,0.769,28.7,73.3,16.1775299,0.0024701000000000306,False
4PADCB,C1=CC=C2C(=C1)C=CC3=C2C4=C(N3CCCCP(=O)(O)O)C=CC5=CC=CC=C54,10.1002/smll.202403233,17.26,0.833,28.37,73.03,17.258602963,0.0013970370000002674,False
Cbz-2Ph,O=P(O)(O)CCCCn1c2ccc(-c3ccccc3)cc2c2cc(-c3ccccc3)ccc21,10.1002/smll.202403233,19.18,0.847,28.98,78.14,19.180291284,0.00029128399999933663,False
Cbz-2Ph,O=P(O)(O)CCCCn1c2ccc(-c3ccccc3)cc2c2cc(-c3ccccc3)ccc21,10.1002/smll.202403233,19.3,0.859,28.98,77.1,19.19313522,0.10686478000000221,False
Cbz-2Ph,O=P(O)(O)CCCCn1c2ccc(-c3ccccc3)cc2c2cc(-c3ccccc3)ccc21,10.1002/smll.202403233,16.96,0.825,27.99,73.45,16.960890374999998,0.0008903749999973343,False
P3HT-COOH,[*]c1cc(CCCCCCC(=O)O)sc1[*],10.1002/smll.202410990,8.61,0.85,14.5,69.76,8.59792,0.012079999999999202,False
P3HT-COOH,[*]c1cc(CCCCCCC(=O)O)sc1[*],10.1002/smll.202410990,13.63,0.833,23.52,69.55,13.62634728,0.003652720000001608,False
Me-4PACz,Cc1ccc2c(c1)c1ccc(C)cc1n2CCCCP(=O)(O)O,10.1002/smll.202411457,17.563,0.883,26.615,74.695,17.554105562749996,0.008894437250003051,False
2PACz,O=P(O)(O)CCn1c2ccccc2c2ccccc21,10.1002/smll.202500230,18.69,0.884,26.76,79.0,18.6881136,0.0018864000000000658,False
2PACz,O=P(O)(O)CCn1c2ccccc2c2ccccc21,10.1002/smll.202500230,19.26,0.866,27.88,79.7,19.242831759999998,0.01716824000000372,False
2PACz,O=P(O)(O)CCn1c2ccccc2c2ccccc21,10.1002/smll.202500230,8.72,1.025,14.22,58.5,8.5266675,0.19333250000000035,False
2PACz,O=P(O)(O)CCn1c2ccccc2c2ccccc21,10.1002/smll.202500230,16.95,0.85,25.87,77.1,16.9539045,0.0039045000000008656,False
2PACz,O=P(O)(O)CCn1c2ccccc2c2ccccc21,10.1002/smll.202500230,18.65,0.85,27.61,79.5,18.6574575,0.007457500000001005,False
BnPA,O=P(O)(O)Cc1ccccc1,10.1002/solr.202201106,17.4,0.838,28.6,72.7,17.4238636,0.023863600000002094,False
F5BnPA,O=P(O)(O)Cc1c(F)c(F)c(F)c(F)c1F,10.1002/solr.202201106,17.8,0.837,28.4,75.1,17.851870799999997,0.05187079999999611,False
BnPA,O=P(O)(O)Cc1ccccc1,10.1002/solr.202201106,14.9,0.856,28.7,60.7,14.9122904,0.01229039999999948,False
F5BnPA,O=P(O)(O)Cc1c(F)c(F)c(F)c(F)c1F,10.1002/solr.202201106,15.0,0.851,28.6,62.2,15.138609200000001,0.1386092000000012,False
2PACz-D1,O=P(O)(O)CCn1c2ccccc2c2cc3c(cc21)c1ccccc1n3CCP(=O)(O)O,10.1007/s10118-025-3512-6,19.44,0.885,27.12,81.0,19.440972000000002,0.0009720000000008611,False
2PACz-D2,CCn1c2ccccc2c2ccc3c4ccccc4n(CCP(=O)(O)O)c3c21,10.1007/s10118-025-3512-6,16.05,0.841,25.79,74.0,16.0501486,0.0001485999999992771,False
2PACz,O=P(O)(O)CCn1c2ccccc2c2ccccc21,10.1007/s11426-024-2054-8,14.4,0.832,25.6,67.8,14.4408576,0.04085759999999894,False
2PACz,O=P(O)(O)CCn1c2ccccc2c2ccccc21,10.1007/s11426-024-2054-8,16.0,0.852,26.0,72.1,15.971592000000001,0.02840799999999888,False
2PACz,O=P(O)(O)CCn1c2ccccc2c2ccccc21,10.1007/s11426-024-2054-8,16.7,0.854,26.4,74.0,16.683743999999997,0.016256000000002047,False
2PACz,O=P(O)(O)CCn1c2ccccc2c2ccccc21,10.1007/s11426-024-2054-8,17.1,0.85,26.6,75.6,17.093159999999997,0.006840000000003954,False
2PACz,O=P(O)(O)CCn1c2ccccc2c2ccccc21,10.1007/s11426-024-2054-8,17.5,0.852,26.7,77.2,17.561764800000002,0.061764800000002396,False
2PACz,O=P(O)(O)CCn1c2ccccc2c2ccccc21,10.1007/s11426-024-2054-8,16.3,0.845,25.7,75.0,16.287375,0.012624999999999886,False
Poly-2PACz,[*]c1cc2c(cc1)n(CCP(=O)(O)O)c1ccc([*])cc12,10.1007/s11426-024-2054-8,17.0,0.861,26.3,75.2,17.0285136,0.02851360000000014,False
Poly-2PACz,[*]c1cc2c(cc1)n(CCP(=O)(O)O)c1ccc([*])cc12,10.1007/s11426-024-2054-8,17.5,0.865,26.4,76.6,17.492375999999997,0.007624000000003406,False
Poly-2PACz,[*]c1cc2c(cc1)n(CCP(=O)(O)O)c1ccc([*])cc12,10.1007/s11426-024-2054-8,18.4,0.868,26.6,79.6,18.378684800000002,0.021315199999996537,False
Poly-2PACz,[*]c1cc2c(cc1)n(CCP(=O)(O)O)c1ccc([*])cc12,10.1007/s11426-024-2054-8,18.8,0.869,26.7,81.0,18.793862999999998,0.0061370000000025016,False
Poly-2PACz,[*]c1cc2c(cc1)n(CCP(=O)(O)O)c1ccc([*])cc12,10.1007/s11426-024-2054-8,19.1,0.87,27.0,81.2,19.07388,0.026120000000002364,False
Poly-2PACz,[*]c1cc2c(cc1)n(CCP(=O)(O)O)c1ccc([*])cc12,10.1007/s11426-024-2054-8,18.3,0.865,26.8,78.9,18.290598,0.009402000000001465,False
Poly-2PACz,[*]c1cc2c(cc1)n(CCP(=O)(O)O)c1ccc([*])cc12,10.1007/s11426-024-2054-8,17.8,0.853,26.8,77.8,17.7853912,0.01460880000000131,False
Poly-2PACz,[*]c1cc2c(cc1)n(CCP(=O)(O)O)c1ccc([*])cc12,10.1007/s11426-024-2054-8,17.2,0.845,26.4,76.9,17.154852,0.04514799999999752,False
3DBCP,O=P(O)(O)CCCn1c2cc3ccccc3cc2c2cc3ccccc3cc21,10.1007/s11426-025-2745-0,18.0,0.842,27.6,77.5,18.01038,0.010380000000001388,False
3BCP,O=P(O)(O)CCCn1c2ccccc2c2cc3ccccc3cc21,10.1007/s11426-025-2745-0,19.2,0.851,28.2,80.0,19.198559999999997,0.0014400000000023283,False
4BCP,O=P(O)(O)CCCCn1c2ccccc2c2cc3ccccc3cc21,10.1007/s11426-025-2745-0,19.7,0.85,28.6,80.9,19.666790000000002,0.03320999999999685,False
4DBCP,O=P(O)(O)CCCCn1c2cc3ccccc3cc2c2cc3ccccc3cc21,10.1007/s11426-025-2745-0,19.0,0.851,28.6,78.2,19.0327852,0.03278519999999929,False
4BCP,O=P(O)(O)CCCCn1c2ccccc2c2cc3ccccc3cc21,10.1007/s11426-025-2745-0,19.1,0.878,27.1,80.4,19.130215200000002,0.030215200000000664,False
4BCP,O=P(O)(O)CCCCn1c2ccccc2c2cc3ccccc3cc21,10.1007/s11426-025-2745-0,19.1,0.902,26.2,80.7,19.0713468,0.028653200000000822,False
4BCP,O=P(O)(O)CCCCn1c2ccccc2c2cc3ccccc3cc21,10.1007/s11426-025-2745-0,17.6,0.897,26.1,75.1,17.5821867,0.017813300000000254,False
4BCP,O=P(O)(O)CCCCn1c2ccccc2c2cc3ccccc3cc21,10.1007/s11426-025-2745-0,17.2,0.876,26.4,74.4,17.206041600000002,0.0060416000000032,False
4Cl-PACz,O=P(O)(O)CCn1c2c(Cl)cc(Cl)cc2c2cc(Cl)cc(Cl)c21,10.1016/j.cej.2022.140138,16.8,0.85,25.2,78.3,16.771859999999997,0.02814000000000405,False
4Cl-PACz,O=P(O)(O)CCn1c2c(Cl)cc(Cl)cc2c2cc(Cl)cc(Cl)c21,10.1016/j.cej.2022.140138,18.2,0.9,25.6,78.8,18.155520000000003,0.04447999999999652,False
1Cl-PACz,O=P(O)(O)CCn1c2ccccc2c2cc(Cl)ccc21,10.1016/j.cej.2024.149035,19.0,0.9,26.2,80.5,18.9819,0.01810000000000045,False
2PACz,O=P(O)(O)CCn1c2ccccc2c2ccccc21,10.1016/j.cej.2024.149035,17.0,0.9,24.9,75.8,16.98678,0.013220000000000454,False
pCl-ph,O=P(O)(O)CCCCn1c2cc(-c3ccc(Cl)cc3)ccc2c2ccc(-c3ccc(Cl)cc3)cc21,10.1016/j.cej.2024.158663,15.8,0.87,25.0,72.8,15.833999999999998,0.033999999999997144,False
pCl-ph,O=P(O)(O)CCCCn1c2cc(-c3ccc(Cl)cc3)ccc2c2ccc(-c3ccc(Cl)cc3)cc21,10.1016/j.cej.2024.158663,16.1,0.87,26.0,71.3,16.12806,0.028059999999999974,False
pCl-ph,O=P(O)(O)CCCCn1c2cc(-c3ccc(Cl)cc3)ccc2c2ccc(-c3ccc(Cl)cc3)cc21,10.1016/j.cej.2024.158663,15.5,0.87,25.4,70.1,15.490697999999998,0.009302000000001698,False
pCl-ph,O=P(O)(O)CCCCn1c2cc(-c3ccc(Cl)cc3)ccc2c2ccc(-c3ccc(Cl)cc3)cc21,10.1016/j.cej.2024.158663,12.0,0.85,22.6,62.4,11.98704,0.012959999999999638,False
mCl-ph,O=P(O)(O)CCCCn1c2cc(-c3cccc(Cl)c3)ccc2c2ccc(-c3cccc(Cl)c3)cc21,10.1016/j.cej.2024.158663,18.6,0.87,27.1,79.1,18.649407,0.049406999999998646,False
mCl-ph,O=P(O)(O)CCCCn1c2cc(-c3cccc(Cl)c3)ccc2c2ccc(-c3cccc(Cl)c3)cc21,10.1016/j.cej.2024.158663,19.6,0.87,27.9,80.6,19.564037999999996,0.035962000000004934,False
mCl-ph,O=P(O)(O)CCCCn1c2cc(-c3cccc(Cl)c3)ccc2c2ccc(-c3cccc(Cl)c3)cc21,10.1016/j.cej.2024.158663,19.1,0.87,27.5,79.8,19.09215,0.007850000000001245,False
mCl-ph,O=P(O)(O)CCCCn1c2cc(-c3cccc(Cl)c3)ccc2c2ccc(-c3cccc(Cl)c3)cc21,10.1016/j.cej.2024.158663,18.3,0.87,27.0,78.1,18.345689999999998,0.0456899999999969,False
pCl-ph,O=P(O)(O)CCCCn1c2cc(-c3ccc(Cl)cc3)ccc2c2ccc(-c3ccc(Cl)cc3)cc21,10.1016/j.cej.2024.158663,15.7,0.87,25.8,70.1,15.734646,0.0346460000000004,False
pCl-ph,O=P(O)(O)CCCCn1c2cc(-c3ccc(Cl)cc3)ccc2c2ccc(-c3ccc(Cl)cc3)cc21,10.1016/j.cej.2024.158663,14.6,0.86,24.8,68.6,14.631008,0.031007999999999925,False
mCl-ph,O=P(O)(O)CCCCn1c2cc(-c3cccc(Cl)c3)ccc2c2ccc(-c3cccc(Cl)c3)cc21,10.1016/j.cej.2024.158663,18.8,0.87,27.5,78.5,18.781125,0.018875000000001307,False
mCl-ph,O=P(O)(O)CCCCn1c2cc(-c3cccc(Cl)c3)ccc2c2ccc(-c3cccc(Cl)c3)cc21,10.1016/j.cej.2024.158663,18.6,0.86,27.1,79.6,18.551576,0.04842400000000069,False
pCl-ph,O=P(O)(O)CCCCn1c2cc(-c3ccc(Cl)cc3)ccc2c2ccc(-c3ccc(Cl)cc3)cc21,10.1016/j.cej.2024.158663,14.7,0.94,22.1,70.7,14.687218,0.012781999999999627,False
mCl-ph,O=P(O)(O)CCCCn1c2cc(-c3cccc(Cl)c3)ccc2c2ccc(-c3cccc(Cl)c3)cc21,10.1016/j.cej.2024.158663,16.8,0.94,23.5,76.1,16.810489999999998,0.010489999999997224,False
pCl-ph,O=P(O)(O)CCCCn1c2cc(-c3ccc(Cl)cc3)ccc2c2ccc(-c3ccc(Cl)cc3)cc21,10.1016/j.cej.2024.158663,8.79,0.96,14.7,62.3,8.791775999999999,0.0017759999999995557,False
mCl-ph,O=P(O)(O)CCCCn1c2cc(-c3cccc(Cl)c3)ccc2c2ccc(-c3cccc(Cl)c3)cc21,10.1016/j.cej.2024.158663,11.5,0.96,17.4,68.8,11.492351999999999,0.007648000000001431,False
N1-PACz,O=P(O)(O)CCCCn1c2cc(-c3cccc4ccccc34)ccc2c2ccc(-c3cccc4ccccc34)cc21,10.1016/j.cej.2025.171962,20.0,0.917,27.2,79.95,19.9414488,0.058551200000000136,False
N2-PACz,O=P(O)(O)CCCCn1c2cc(-c3ccc4ccccc4c3)ccc2c2ccc(-c3ccc4ccccc4c3)cc21,10.1016/j.cej.2025.171962,19.0,0.92,26.3,78.31,18.9478876,0.052112399999998615,False
ThBr-4PACz,O=P(O)(O)CCCCn1c2ccccc2c2ccc(-c3csc(Br)c3)cc21,10.1016/j.dyepig.2026.113829,19.5,0.898,27.244,79.718,19.50309798416,0.003097984160000067,False
4PACz,O=P(O)(O)CCCCn1c2ccccc2c2ccccc21,10.1016/j.dyepig.2026.113829,18.4,0.9,26.4,77.006,18.2966256,0.10337439999999987,False
"2,7-diBr-2PACz",O=P(O)(O)CCn1c2cc(Br)ccc2c2ccc(Br)cc21,10.1016/j.joule.2024.03.009,17.7,0.858,27.9,73.6,17.618515199999997,0.08148480000000191,False
"2,6-diBr-2PACz",O=P(O)(O)CCn1c2ccc(Br)cc2c2ccc(Br)cc21,10.1002/ente.202501733,7.75,0.8,15.48,62.23,7.7065632,0.043436800000000275,False
"2,7-diBr-2PACz",O=P(O)(O)CCn1c2cc(Br)ccc2c2ccc(Br)cc21,10.1016/j.joule.2024.03.009,17.63,0.855,27.01,76.38,17.63885349,0.008853489999999908,False
"2,7-diBr-2PACz",O=P(O)(O)CCn1c2cc(Br)ccc2c2ccc(Br)cc21,10.1016/j.joule.2024.03.009,19.1,0.869,28.2,77.5,18.991995,0.10800500000000213,False
"2,7-diBr-2PACz",O=P(O)(O)CCn1c2cc(Br)ccc2c2ccc(Br)cc21,10.1016/j.joule.2024.03.009,18.9,0.871,28.0,77.4,18.876312,0.02368799999999993,False
"2,7-diBr-2PACz",O=P(O)(O)CCn1c2cc(Br)ccc2c2ccc(Br)cc21,10.1016/j.joule.2024.03.009,16.49,0.85,26.12,74.26,16.487205200000002,0.0027947999999966555,False
"2,7-diBr-2PACz",O=P(O)(O)CCn1c2cc(Br)ccc2c2ccc(Br)cc21,10.1016/j.joule.2024.03.009,16.11,0.861,25.17,74.36,16.114830732,0.004830732000002058,False
"2,7-diBr-2PACz",O=P(O)(O)CCn1c2cc(Br)ccc2c2ccc(Br)cc21,10.1016/j.joule.2024.03.009,16.38,0.859,25.66,74.36,16.390386584,0.010386584000002586,False
"2,6-diBr-2PACz",O=P(O)(O)CCn1c2ccc(Br)cc2c2ccc(Br)cc21,10.1002/ente.202501733,10.84,0.75,23.59,60.9,10.7747325,0.06526749999999915,False
"2,7-diBr-2PACz",O=P(O)(O)CCn1c2cc(Br)ccc2c2ccc(Br)cc21,10.1016/j.joule.2024.03.009,17.23,0.859,27.63,72.62,17.235754254,0.0057542539999992925,False
"2,7-diBr-2PACz",O=P(O)(O)CCn1c2cc(Br)ccc2c2ccc(Br)cc21,10.1039/d2mh01575g,18.73,0.863,27.05,80.3,18.74535245,0.015352449999998186,False
"2,7-diBr-2PACz",O=P(O)(O)CCn1c2cc(Br)ccc2c2ccc(Br)cc21,10.1016/j.joule.2024.03.009,18.61,0.868,27.91,76.77,18.598208076,0.01179192400000062,False
BPC-M,O=P(O)(O)CCn1c2cc(-c3ccc(C)cc3)ccc2c2ccc(-c3ccc(C)cc3)cc21,10.1016/j.joule.2024.03.013,18.7,0.856,27.6,79.3,18.7351008,0.03510080000000215,False
BPC-M,O=P(O)(O)CCn1c2cc(-c3ccc(C)cc3)ccc2c2ccc(-c3ccc(C)cc3)cc21,10.1016/j.joule.2024.03.013,19.3,0.856,27.8,80.9,19.251611200000003,0.0483887999999979,False
Ph-2PACz,O=P(O)(O)CCn1c2cc(-c3ccccc3)ccc2c2ccc(-c3ccccc3)cc21,10.1016/j.joule.2024.03.013,18.5,0.857,27.7,78.0,18.516341999999998,0.01634199999999808,False
Ph-2PACz,O=P(O)(O)CCn1c2cc(-c3ccccc3)ccc2c2ccc(-c3ccccc3)cc21,10.1016/j.joule.2024.03.013,18.1,0.842,27.6,77.8,18.0800976,0.019902400000002984,False
BPC-F,O=P(O)(O)CCn1c2cc(-c3ccc(F)cc3)ccc2c2ccc(-c3ccc(F)cc3)cc21,10.1016/j.joule.2024.03.013,14.5,0.818,24.8,71.3,14.4642032,0.03579679999999996,False
BPC-F,O=P(O)(O)CCn1c2cc(-c3ccc(F)cc3)ccc2c2ccc(-c3ccc(F)cc3)cc21,10.1016/j.joule.2024.03.013,12.9,0.775,24.7,67.3,12.882902499999998,0.017097500000001986,False
BPC-M,O=P(O)(O)CCn1c2cc(-c3ccc(C)cc3)ccc2c2ccc(-c3ccc(C)cc3)cc21,10.1016/j.joule.2024.03.013,14.9,0.868,22.1,77.6,14.8858528,0.014147200000000026,False
BPC-M,O=P(O)(O)CCn1c2cc(-c3ccc(C)cc3)ccc2c2ccc(-c3ccc(C)cc3)cc21,10.1016/j.joule.2024.03.013,18.4,0.851,27.4,79.1,18.444063399999997,0.044063399999998865,False
BPC-M,O=P(O)(O)CCn1c2cc(-c3ccc(C)cc3)ccc2c2ccc(-c3ccc(C)cc3)cc21,10.1016/j.joule.2024.03.013,18.6,0.88,26.5,79.6,18.56272,0.037280000000002644,False
DM-BZCz,COc1cc(OC)cc(-c2ccc3c(c2)c2c4ccccc4ccc2n3CCP(=O)(O)O)c1,10.1016/j.mattod.2026.103252,19.79,0.86,28.82,79.58,19.72406216,0.06593784000000014,False
BZCz,O=P(O)(O)CCn1c2ccccc2c2c3ccccc3ccc21,10.1016/j.mattod.2026.103252,18.7,0.86,28.56,76.05,18.679096799999996,0.020903200000002897,False
DM-BZCz,COc1cc(OC)cc(-c2ccc3c(c2)c2c4ccccc4ccc2n3CCP(=O)(O)O)c1,10.1016/j.mattod.2026.103252,20.54,0.92,27.35,81.67,20.549805400000004,0.009805400000004738,False
DM-BZCz,COc1cc(OC)cc(-c2ccc3c(c2)c2c4ccccc4ccc2n3CCP(=O)(O)O)c1,10.1016/j.mattod.2026.103252,18.96,0.84,28.59,78.96,18.962717759999997,0.0027177599999959057,False
DM-BZCz,COc1cc(OC)cc(-c2ccc3c(c2)c2c4ccccc4ccc2n3CCP(=O)(O)O)c1,10.1016/j.mattod.2026.103252,19.71,0.9,26.7,81.65,19.620495000000002,0.08950499999999906,False
Ph-DIACz,O=P(O)(O)CCCn1c2ccccc2c2ccc3c4ccccc4n(-c4ccccc4)c3c21,10.1016/j.mser.2025.101171,20.14,0.862,29.52,79.17,20.145788208,0.005788207999998463,False
Ph-DIBCz,O=P(O)(O)CCCn1c2ccccc2c2cc3c4ccccc4n(-c4ccccc4)c3cc21,10.1016/j.mser.2025.101171,18.7,0.852,28.39,76.84,18.586274352,0.11372564799999907,False
Ph-DIACz,O=P(O)(O)CCCn1c2ccccc2c2ccc3c4ccccc4n(-c4ccccc4)c3c21,10.1016/j.mser.2025.101171,18.48,0.85,28.5,76.52,18.536969999999997,0.05696999999999619,False
Ph-DIBCz,O=P(O)(O)CCCn1c2ccccc2c2cc3c4ccccc4n(-c4ccccc4)c3cc21,10.1016/j.mser.2025.101171,17.24,0.84,27.96,73.75,17.32122,0.08122000000000185,False
Ph-DIACz,O=P(O)(O)CCCn1c2ccccc2c2ccc3c4ccccc4n(-c4ccccc4)c3c21,10.1016/j.mser.2025.101171,19.57,0.9,27.45,79.33,19.5984765,0.028476500000000016,False
Ph-DIBCz,O=P(O)(O)CCCn1c2ccccc2c2cc3c4ccccc4n(-c4ccccc4)c3cc21,10.1016/j.mser.2025.101171,18.74,0.88,26.97,78.26,18.57391536,0.16608463999999756,False
"2,7-diMeO-2PACz",COc1ccc2c3ccc(OC)cc3n(CCP(=O)(O)O)c2c1,10.1016/j.mtener.2026.102195,15.8,0.84,26.3,71.7,15.839964,0.039963999999999444,False
BrPZPA,O=P(O)(O)CCCCN1c2cc(Br)ccc2Sc2ccc(Br)cc21,10.1016/j.mtener.2026.102195,17.5,0.85,27.5,74.7,17.461125,0.03887500000000088,False
PZPA,O=P(O)(O)CCCCN1c2ccccc2Sc2ccccc21,10.1016/j.mtener.2026.102195,18.2,0.85,28.5,75.3,18.241424999999996,0.041424999999996714,False
"2,7-diMeO-2PACz",COc1ccc2c3ccc(OC)cc3n(CCP(=O)(O)O)c2c1,10.1016/j.mtener.2026.102195,16.8,0.86,26.6,73.5,16.813860000000002,0.013860000000001094,False
BrPZPA,O=P(O)(O)CCCCN1c2cc(Br)ccc2Sc2ccc(Br)cc21,10.1016/j.mtener.2026.102195,18.8,0.87,27.9,77.7,18.860121000000003,0.06012100000000231,False
PZPA,O=P(O)(O)CCCCN1c2ccccc2Sc2ccccc21,10.1016/j.mtener.2026.102195,19.7,0.88,28.5,78.6,19.71288,0.012879999999999114,False
2PACz,O=P(O)(O)CCn1c2ccccc2c2ccccc21,10.1002/adfm.202505515,19.6,0.868,28.4,79.4,19.5730528,0.02694720000000217,False
2PACz,O=P(O)(O)CCn1c2ccccc2c2ccccc21,10.1002/adfm.202505515,19.9,0.869,28.3,80.9,19.895494300000003,0.004505699999995727,False
2PACz,O=P(O)(O)CCn1c2ccccc2c2ccccc21,10.1002/adfm.202505515,18.9,0.853,28.2,78.5,18.882861,0.017139000000000237,False
2PACz,O=P(O)(O)CCn1c2ccccc2c2ccccc21,10.1002/adfm.202505515,19.5,0.912,26.6,80.6,19.5529152,0.05291520000000105,False
2PACz,O=P(O)(O)CCn1c2ccccc2c2ccccc21,10.1002/adfm.202505515,19.3,0.867,27.7,80.4,19.308783599999998,0.008783599999997449,False
2PACz,O=P(O)(O)CCn1c2ccccc2c2ccccc21,10.1002/adfm.202300147,17.7,0.83,26.9,79.1,17.660656999999997,0.03934300000000235,False
Me-4PACz,Cc1ccc2c(c1)c1ccc(C)cc1n2CCCCP(=O)(O)O,10.1002/smll.202411457,18.35,0.905,26.6,76.16,18.3339968,0.016003200000000106,False
Me-4PACz,Cc1ccc2c(c1)c1ccc(C)cc1n2CCCCP(=O)(O)O,10.1002/smll.202411457,18.08,0.897,26.16,77.0,18.068450400000003,0.011549599999995053,False
2PACz,O=P(O)(O)CCn1c2ccccc2c2ccccc21,10.1002/aenm.202401262,15.6,0.857,24.21,75.13,15.587949860999997,0.012050139000002957,False
"2,7-diBr-2PACz",O=P(O)(O)CCn1c2cc(Br)ccc2c2ccc(Br)cc21,10.1002/aenm.202202503,18.0,0.87,26.57,77.9,18.0072861,0.007286100000001738,False
2PACz,O=P(O)(O)CCn1c2ccccc2c2ccccc21,10.1016/j.nanoen.2021.106814,16.8,0.827,27.2,74.7,16.8033168,0.0033168000000003417,False
2PACz,O=P(O)(O)CCn1c2ccccc2c2ccccc21,10.1016/j.nanoen.2021.106814,17.8,0.832,27.3,78.4,17.807462400000002,0.0074624000000014235,False
2PACz,O=P(O)(O)CCn1c2ccccc2c2ccccc21,10.1016/j.nanoen.2021.106814,16.8,0.838,27.1,74.1,16.8279618,0.027961799999999926,False
2PACz,O=P(O)(O)CCn1c2ccccc2c2ccccc21,10.1016/j.nanoen.2021.106814,17.5,0.841,27.3,76.2,17.4949866,0.0050133999999992795,False
2PACz,O=P(O)(O)CCn1c2ccccc2c2ccccc21,10.1016/j.nanoen.2021.106814,16.6,0.857,26.2,73.9,16.5930626,0.006937400000001759,False
2PACz,O=P(O)(O)CCn1c2ccccc2c2ccccc21,10.1016/j.nanoen.2021.106814,17.6,0.861,26.7,76.4,17.563366799999997,0.03663320000000425,False
2PACz,O=P(O)(O)CCn1c2ccccc2c2ccccc21,10.1016/j.nanoen.2021.106814,16.8,0.828,27.4,74.1,16.811215199999996,0.011215199999995207,False
NBA,O=C(O)c1ccc([N+](=O)[O-])cc1,10.1016/j.solener.2022.05.002,2.968,0.55,10.221,52.8,2.9681784000000007,0.00017840000000068912,False
NBA,O=C(O)c1ccc([N+](=O)[O-])cc1,10.1016/j.solener.2022.05.002,4.546,0.825,9.063,60.8,4.5460008,7.999999995789153e-07,False
C8-BA,CCCCCCCCB(O)O,10.1016/j.mee.2020.111394,3.068,0.589,8.237,50.59,2.4544208987,0.6135791013,False
C10-BA,CCCCCCCCCCB(O)O,10.1016/j.mee.2020.111394,3.382,0.594,9.07,50.22,2.705642676,0.676357324,False
C12-BA,CCCCCCCCCCCCB(O)O,10.1016/j.mee.2020.111394,3.434,0.591,8.858,52.48,2.7473689343999994,0.6866310656000008,False
MNA,COc1ccc(N(c2ccc(-c3ccc(C(=O)O)cc3)cc2)c2ccc3ccccc3c2)cc1,10.1016/j.jscs.2022.101575,5.12,0.56,24.1,38.0,5.128480000000001,0.008480000000000487,False
MNA,COc1ccc(N(c2ccc(-c3ccc(C(=O)O)cc3)cc2)c2ccc3ccccc3c2)cc1,10.1016/j.jscs.2022.101575,6.91,0.58,33.1,36.0,6.9112800000000005,0.001280000000000392,False
MNA,COc1ccc(N(c2ccc(-c3ccc(C(=O)O)cc3)cc2)c2ccc3ccccc3c2)cc1,10.1016/j.jscs.2022.101575,7.41,0.62,26.0,46.0,7.415200000000001,0.005200000000001204,False
MNA,COc1ccc(N(c2ccc(-c3ccc(C(=O)O)cc3)cc2)c2ccc3ccccc3c2)cc1,10.1016/j.jscs.2022.101575,8.04,0.62,29.5,44.0,8.0476,0.007600000000000051,False
TDPA-Cl,O=P(O)(O)CCCCN1c2ccc(Cl)cc2Sc2cc(Cl)ccc21,10.1021/acs.langmuir.3c03610,17.3,0.86,26.6,75.7,17.317132,0.017132000000000147,False
TDPA-Cl,O=P(O)(O)CCCCN1c2ccc(Cl)cc2Sc2cc(Cl)ccc21,10.1021/acs.langmuir.3c03610,17.4,0.832,27.6,75.6,17.3601792,0.03982079999999755,False
"2,6-diBr-2PACz",O=P(O)(O)CCn1c2ccc(Br)cc2c2ccc(Br)cc21,10.1021/acsaem.3c02946,16.5,0.859,26.6,72.5,16.565815,0.06581500000000062,False
F-4PACz,O=P(O)(O)CCCCn1c2ccc(F)cc2c2ccc(F)cc21,10.1021/acsaem.3c02946,13.8,0.847,26.5,61.7,13.8488735,0.048873499999999126,False
Cz-Cl-4,O=P(O)(O)CCCCn1c2ccc(Cl)cc2c2ccc(Cl)cc21,10.1021/acsaem.3c02946,14.3,0.853,26.7,63.0,14.348312999999997,0.04831299999999672,False
Cz-Br-4,O=P(O)(O)CCCCn1c2ccc(Br)cc2c2ccc(Br)cc21,10.1021/acsaem.3c02946,15.4,0.856,26.6,67.6,15.3922496,0.007750400000000823,False
Cz-I-2,O=P(O)(O)CCn1c2ccc(I)cc2c2ccc(I)cc21,10.1021/acsaem.3c02946,17.6,0.865,26.9,75.8,17.637522999999998,0.03752299999999664,False
Cz-I-3,O=P(O)(O)CCCn1c2ccc(I)cc2c2ccc(I)cc21,10.1021/acsaem.3c02946,17.3,0.863,26.8,74.6,17.2537864,0.04621360000000152,False
Cz-I-4,O=P(O)(O)CCCCn1c2ccc(I)cc2c2ccc(I)cc21,10.1021/acsaem.3c02946,16.0,0.855,26.8,70.0,16.0398,0.03979999999999961,False
Cz-I-2,O=P(O)(O)CCn1c2ccc(I)cc2c2ccc(I)cc21,10.1021/acsaem.3c02946,18.1,0.854,27.3,77.5,18.068505000000002,0.03149499999999961,False
2PACz,O=P(O)(O)CCn1c2ccccc2c2ccccc21,10.1021/acsaem.4c02990,14.35,0.85,23.7,70.9,14.282805000000002,0.06719499999999812,False
2PACz,O=P(O)(O)CCn1c2ccccc2c2ccccc21,10.1021/acsaem.4c02990,14.54,0.84,24.14,72.0,14.599872,0.05987200000000037,False
2PACz,O=P(O)(O)CCn1c2ccccc2c2ccccc21,10.1021/acsaem.4c02990,15.37,0.86,25.91,69.2,15.419559199999998,0.04955919999999914,False
2PACz,O=P(O)(O)CCn1c2ccccc2c2ccccc21,10.1021/acsaem.4c02990,14.99,0.84,25.07,71.0,14.951747999999998,0.03825200000000173,False
2PACz,O=P(O)(O)CCn1c2ccccc2c2ccccc21,10.1021/acsaem.4c02990,11.78,0.84,22.41,62.3,11.727601199999999,0.052398800000000634,False
2PACz,O=P(O)(O)CCn1c2ccccc2c2ccccc21,10.1021/acsaem.4c02990,13.79,0.85,24.32,66.4,13.726208000000002,0.06379199999999763,False
2PACz,O=P(O)(O)CCn1c2ccccc2c2ccccc21,10.1021/acsaem.4c02990,14.58,0.85,25.0,68.5,14.55625,0.023749999999999716,False
2PACz,O=P(O)(O)CCn1c2ccccc2c2ccccc21,10.1021/acsaem.4c02990,13.41,0.85,23.54,66.7,13.346003000000001,0.06399699999999875,False
2PACz,O=P(O)(O)CCn1c2ccccc2c2ccccc21,10.1021/acsaem.4c02990,14.48,0.87,24.65,67.8,14.540049,0.06004899999999935,False
2PACz,O=P(O)(O)CCn1c2ccccc2c2ccccc21,10.1021/acsaem.4c02990,14.29,0.85,23.97,70.2,14.302899,0.012899000000000882,False
2PACz,O=P(O)(O)CCn1c2ccccc2c2ccccc21,10.1021/acsaem.4c02990,15.01,0.86,23.81,73.2,14.988871199999998,0.02112880000000139,False
2PACz,O=P(O)(O)CCn1c2ccccc2c2ccccc21,10.1021/acsaem.4c02990,15.38,0.86,24.73,72.6,15.440422799999999,0.06042279999999778,False
2PACz,O=P(O)(O)CCn1c2ccccc2c2ccccc21,10.1021/acsaem.4c02990,15.92,0.87,25.23,72.9,16.0016229,0.08162290000000105,False
2PACz,O=P(O)(O)CCn1c2ccccc2c2ccccc21,10.1021/acsaem.4c02990,15.14,0.84,25.46,70.6,15.098798399999998,0.041201600000002614,False
2PACz,O=P(O)(O)CCn1c2ccccc2c2ccccc21,10.1021/acsaem.4c02990,15.63,0.85,25.58,72.0,15.654959999999999,0.024959999999998317,False
2PACz,O=P(O)(O)CCn1c2ccccc2c2ccccc21,10.1021/acsaem.4c02990,14.9,0.86,23.62,73.6,14.9505152,0.05051519999999954,False
2PACz,O=P(O)(O)CCn1c2ccccc2c2ccccc21,10.1021/acsaem.4c02990,15.01,0.86,24.51,71.0,14.965806,0.04419399999999918,False
2PACz,O=P(O)(O)CCn1c2ccccc2c2ccccc21,10.1021/acsaem.4c02990,16.33,0.86,25.36,74.5,16.248152,0.08184799999999726,False
2PACz,O=P(O)(O)CCn1c2ccccc2c2ccccc21,10.1021/acsaem.4c02990,15.02,0.85,25.01,70.8,15.051018000000001,0.031018000000001322,False
2PACz,O=P(O)(O)CCn1c2ccccc2c2ccccc21,10.1021/acsaem.4c02990,15.13,0.85,26.14,68.5,15.220015,0.09001499999999929,False
2PACz,O=P(O)(O)CCn1c2ccccc2c2ccccc21,10.1021/acsaem.4c02990,15.77,0.87,24.55,73.8,15.762573,0.00742699999999985,False
2PACz,O=P(O)(O)CCn1c2ccccc2c2ccccc21,10.1021/acsaem.4c02990,15.93,0.87,25.78,71.1,15.946734599999997,0.016734599999997712,False
2PACz,O=P(O)(O)CCn1c2ccccc2c2ccccc21,10.1021/acsaem.4c02990,16.07,0.87,25.28,73.0,16.055328,0.014672000000000907,False
2PACz,O=P(O)(O)CCn1c2ccccc2c2ccccc21,10.1021/acsaem.4c02990,15.35,0.84,25.53,71.3,15.290427599999997,0.05957240000000219,False
2PACz,O=P(O)(O)CCn1c2ccccc2c2ccccc21,10.1021/acsaem.4c02990,14.3,0.85,23.91,70.5,14.3280675,0.028067499999998802,False
2PACz,O=P(O)(O)CCn1c2ccccc2c2ccccc21,10.1021/acsami.2c01900,16.5,0.86,25.2,76.0,16.47072,0.029279999999999973,False
3PACz,C1=CC=C2C(=C1)C3=CC=CC=C3N2CCCP(=O)(O)O,10.1021/acsami.2c01900,17.0,0.86,25.3,78.0,16.97124,0.028759999999998342,False
4PACz,O=P(O)(O)CCCCn1c2ccccc2c2ccccc21,10.1021/acsami.2c01900,16.3,0.86,25.3,75.0,16.3185,0.018499999999999517,False
2PACz,O=P(O)(O)CCn1c2ccccc2c2ccccc21,10.1021/acsami.2c01900,16.0,0.86,24.4,76.0,15.94784,0.05216000000000065,False
3PACz,C1=CC=C2C(=C1)C3=CC=CC=C3N2CCCP(=O)(O)O,10.1021/acsami.2c01900,16.1,0.86,24.6,77.0,16.29012,0.1901200000000003,False
4PACz,O=P(O)(O)CCCCn1c2ccccc2c2ccccc21,10.1021/acsami.2c01900,15.7,0.86,24.3,75.0,15.673499999999999,0.026500000000000412,False
2PACz,O=P(O)(O)CCn1c2ccccc2c2ccccc21,10.1021/acsami.2c01900,16.6,0.87,24.7,77.0,16.54653,0.053470000000000795,False
3PACz,C1=CC=C2C(=C1)C3=CC=CC=C3N2CCCP(=O)(O)O,10.1021/acsami.2c01900,16.9,0.87,24.9,78.0,16.89714,0.0028599999999983083,False
4PACz,O=P(O)(O)CCCCn1c2ccccc2c2ccccc21,10.1021/acsami.2c01900,16.4,0.87,24.8,76.0,16.39776,0.002239999999996911,False
2PACz,O=P(O)(O)CCn1c2ccccc2c2ccccc21,10.1021/acsami.2c01900,16.6,0.86,24.9,78.0,16.70292,0.10291999999999746,False
3PACz,C1=CC=C2C(=C1)C3=CC=CC=C3N2CCCP(=O)(O)O,10.1021/acsami.2c01900,16.8,0.86,24.8,79.0,16.84912,0.0491199999999985,False
4PACz,O=P(O)(O)CCCCn1c2ccccc2c2ccccc21,10.1021/acsami.2c01900,16.3,0.86,24.9,76.0,16.274639999999998,0.025360000000002714,False
4PADCB,C1=CC=C2C(=C1)C=CC3=C2C4=C(N3CCCCP(=O)(O)O)C=CC5=CC=CC=C54,10.1021/acsami.5c17695,16.13,0.859,26.09,72.0,16.136143200000003,0.006143200000003901,False
2PACz,O=P(O)(O)CCn1c2ccccc2c2ccccc21,10.1021/acsami.5c17695,17.09,0.868,26.51,73.9,17.004892520000002,0.08510747999999779,False
2PACz,O=P(O)(O)CCn1c2ccccc2c2ccccc21,10.1021/acsami.5c17695,16.99,0.862,26.82,73.5,16.9923474,0.0023474000000014428,False
4PADCB,C1=CC=C2C(=C1)C=CC3=C2C4=C(N3CCCCP(=O)(O)O)C=CC5=CC=CC=C54,10.1021/acsami.6c00619,16.52,0.859,26.51,72.51,16.512042459,0.00795754099999968,False
pPhPADCB,O=P(O)(O)c1ccc(-n2c3cc4ccccc4cc3c3c4ccccc4ccc32)cc1,10.1021/acsami.6c00619,17.42,0.865,27.15,74.22,17.43038145,0.010381449999997017,False
pPhPADCB,O=P(O)(O)c1ccc(-n2c3cc4ccccc4cc3c3c4ccccc4ccc32)cc1,10.1021/acsami.6c00619,19.28,0.894,28.91,74.62,19.285941948,0.005941948000000252,False
pPhPADCB,O=P(O)(O)c1ccc(-n2c3cc4ccccc4cc3c3c4ccccc4ccc32)cc1,10.1021/acsami.6c00619,19.47,0.913,28.05,76.0,19.463334000000003,0.00666599999999562,False
pPhPADCB,O=P(O)(O)c1ccc(-n2c3cc4ccccc4cc3c3c4ccccc4ccc32)cc1,10.1021/acsami.6c00619,13.6,0.825,26.19,62.9,13.590645749999998,0.00935425000000123,False
CBA,O=C(O)c1ccc(Cl)cc1,10.1021/acsami.7b00850,8.8,0.79,16.85,65.5,8.719032500000003,0.08096749999999808,False
3-CBA,O=C(O)c1cccc(Cl)c1,10.1021/acsami.7b00850,8.2,0.78,16.45,64.1,8.224670999999999,0.024670999999999665,False
2-CBA,O=C(O)c1ccccc1Cl,10.1021/acsami.7b00850,7.4,0.74,16.29,61.0,7.353305999999999,0.046694000000001346,False
"3,4-CBA",O=C(O)c1cc(Cl)c(Cl)cc1,10.1021/acsami.7b00850,8.7,0.79,16.85,64.9,8.639163500000002,0.060836499999997073,False
"2,3,4,5-CBA",O=C(O)c1c(Cl)c(Cl)c(Cl)c(Cl)c1,10.1021/acsami.7b00850,9.1,0.8,16.96,67.1,9.104128000000001,0.004128000000001464,False
2PACz,O=P(O)(O)CCn1c2ccccc2c2ccccc21,10.1021/acsenergylett.0c01421,16.6,0.84,26.53,74.5,16.602474,0.002473999999999421,False
2PACz,O=P(O)(O)CCn1c2ccccc2c2ccccc21,10.1021/acsenergylett.0c01421,18.03,0.845,26.94,79.2,18.0293256,0.0006744000000011852,False
4PADCB,C1=CC=C2C(=C1)C=CC3=C2C4=C(N3CCCCP(=O)(O)O)C=CC5=CC=CC=C54,10.1021/acsenergylett.4c01564,18.43,0.854,27.7,77.95,18.439696100000003,0.009696100000002872,False
4PADCB,C1=CC=C2C(=C1)C=CC3=C2C4=C(N3CCCCP(=O)(O)O)C=CC5=CC=CC=C54,10.1021/acsenergylett.4c01564,17.49,0.863,26.96,75.15,17.484759720000003,0.005240279999995323,False
4PADCB,C1=CC=C2C(=C1)C=CC3=C2C4=C(N3CCCCP(=O)(O)O)C=CC5=CC=CC=C54,10.1021/acsenergylett.4c01564,15.99,0.869,25.57,71.96,15.989749468,0.00025053200000080267,False
4PADCB,C1=CC=C2C(=C1)C=CC3=C2C4=C(N3CCCCP(=O)(O)O)C=CC5=CC=CC=C54,10.1021/acsenergylett.4c01564,17.03,0.84,27.16,74.6,17.0195424,0.010457600000002287,False
4PADCB,C1=CC=C2C(=C1)C=CC3=C2C4=C(N3CCCCP(=O)(O)O)C=CC5=CC=CC=C54,10.1021/acsenergylett.4c01564,18.17,0.901,25.52,79.0,18.164880800000002,0.005119199999999324,False
"2,7-diBr-2PACz",O=P(O)(O)CCn1c2cc(Br)ccc2c2ccc(Br)cc21,10.1016/j.joule.2024.03.009,15.08,0.852,23.58,75.08,15.083692127999997,0.0036921279999972967,False
Cl-2PACz,ClC1=CC2=C(N(CCP(O)(O)=O)C3=C2C=C(Cl)C=C3)C=C1,10.1021/acsenergylett.4c01564,17.97,0.851,27.07,78.0,17.968524600000002,0.001475399999996796,False
Me-4PACz,Cc1ccc2c(c1)c1ccc(C)cc1n2CCCCP(=O)(O)O,10.1021/acsenergylett.4c01564,17.72,0.846,27.69,75.63,17.716887162,0.00311283799999984,False
2PACz,O=P(O)(O)CCn1c2ccccc2c2ccccc21,10.1021/acsenergylett.4c01564,18.14,0.852,27.48,77.51,18.147385296,0.007385295999998931,False
1F-2PACz,O=P(O)(O)CCn1c2ccccc2c2ccc(F)cc21,10.1021/acsenergylett.5c02585,17.62,0.894,25.72,76.6,17.613158879999997,0.006841120000004253,False
1Cl-2PACz,O=P(O)(O)CCn1c2ccccc2c2ccc(Cl)cc21,10.1021/acsenergylett.5c02585,19.03,0.9,26.21,80.7,19.036323000000003,0.006323000000001855,False
2-Br-2PACz,O=P(O)(O)CCn1c2ccccc2c2ccc(Br)cc21,10.1021/acsenergylett.5c02585,18.98,0.898,25.98,81.4,18.99065256,0.010652560000000477,False
1I-2PACz,O=P(O)(O)CCn1c2ccccc2c2ccc(I)cc21,10.1021/acsenergylett.5c02585,18.72,0.895,26.02,80.4,18.723471600000003,0.003471600000004571,False
1CF3-2PACz,O=P(O)(O)CCn1c2ccccc2c2ccc(C(F)(F)F)cc21,10.1021/acsenergylett.5c02585,17.39,0.895,26.04,74.4,17.339515200000005,0.050484799999996,False
"2,6-diCl-2PACz",O=P(O)(O)CCn1c2ccc(Cl)cc2c2ccc(Cl)cc21,10.1021/acsenergylett.5c02585,17.36,0.893,25.63,75.9,17.37168081,0.01168081000000143,False
1Cl-2PACz,O=P(O)(O)CCn1c2ccccc2c2ccc(Cl)cc21,10.1021/acsenergylett.5c02585,20.12,0.903,27.29,81.7,20.13322479,0.013224789999998876,False
2-Br-2PACz,O=P(O)(O)CCn1c2ccccc2c2ccc(Br)cc21,10.1021/acsenergylett.5c02585,20.05,0.901,27.45,81.1,20.05801695,0.008016949999998246,False
2PACz,O=P(O)(O)CCn1c2ccccc2c2ccccc21,10.1021/acssuschemeng.6c01237,18.26,0.856,27.73,76.96,18.267902848,0.007902847999996965,False
2PACz,O=P(O)(O)CCn1c2ccccc2c2ccccc21,10.1021/acssuschemeng.6c01237,18.44,0.852,27.85,77.69,18.434438580000002,0.005561419999999373,False
2PACz,O=P(O)(O)CCn1c2ccccc2c2ccccc21,10.1021/acssuschemeng.6c01237,19.33,0.851,28.15,80.72,19.33700068,0.0070006800000008695,False
2PACz,O=P(O)(O)CCn1c2ccccc2c2ccccc21,10.1021/acssuschemeng.6c01237,18.65,0.859,27.71,78.34,18.647184026,0.0028159739999971123,False
2PACz,O=P(O)(O)CCn1c2ccccc2c2ccccc21,10.1021/acssuschemeng.6c01237,16.78,0.855,26.69,73.52,16.77722724,0.0027727600000027053,False
Cbz-2Ph,O=P(O)(O)CCCCn1c2ccc(-c3ccccc3)cc2c2cc(-c3ccccc3)ccc21,10.1021/acssuschemeng.6c01237,18.88,0.846,27.96,79.88,18.894943008,0.01494300799999948,False
Cbz-2Ph,O=P(O)(O)CCCCn1c2ccc(-c3ccccc3)cc2c2cc(-c3ccccc3)ccc21,10.1021/acssuschemeng.6c01237,19.44,0.855,28.24,80.51,19.439300520000003,0.0006994799999979762,False
3-BPIC-F,O=P(O)(O)CCCn1c2ccc(F)cc2c2ccc3c4cc(F)ccc4n(CCCP(=O)(O)O)c3c21,10.1021/acssuschemeng.6c01237,17.99,0.854,27.53,76.51,17.987975362,0.002024637999998191,False
3-BPIC-F,O=P(O)(O)CCCn1c2ccc(F)cc2c2ccc3c4cc(F)ccc4n(CCCP(=O)(O)O)c3c21,10.1021/acssuschemeng.6c01237,18.48,0.848,27.56,79.09,18.484028992000002,0.004028992000002063,False
DB-Br,O=P(O)(O)CCCCn1c2ccc(Br)cc2c2cc(Br)ccc21,10.1021/acssuschemeng.6c01237,17.05,0.86,26.62,74.53,17.06230196,0.012301959999998502,False
DB-Br,O=P(O)(O)CCCCn1c2ccc(Br)cc2c2cc(Br)ccc21,10.1021/acssuschemeng.6c01237,18.19,0.859,27.3,77.59,18.19539813,0.005398129999999668,False
"2,7-diBr-2PACz",O=P(O)(O)CCn1c2cc(Br)ccc2c2ccc(Br)cc21,10.1016/j.joule.2024.03.009,15.91,0.856,26.95,68.94,15.903906479999998,0.006093520000002073,False
"2,7-diBr-2PACz",O=P(O)(O)CCn1c2cc(Br)ccc2c2ccc(Br)cc21,10.1016/j.joule.2024.03.009,17.37,0.84,27.06,76.42,17.37057168,0.0005716800000001854,False
Cbz-2Ph,O=P(O)(O)CCCCn1c2ccc(-c3ccccc3)cc2c2cc(-c3ccccc3)ccc21,10.1021/acssuschemeng.6c01237,19.37,0.912,27.1,78.38,19.37177376,0.0017737599999989584,False
Cbz-2Ph,O=P(O)(O)CCCCn1c2ccc(-c3ccccc3)cc2c2cc(-c3ccccc3)ccc21,10.1021/acssuschemeng.6c01237,20.02,0.916,27.3,80.06,20.02044408,0.0004440800000011791,False
C3F4PAPTSi,Cl[Si](Cl)(Cl)CCCN(c1cc(F)c(F)cc1)c1cc(F)c(F)cc1,10.1021/ja508453n,6.25,0.68,15.2,60.8,6.284288,0.034288000000000096,False
C6F4PAPTSi,Cl[Si](Cl)(Cl)CCCCCCN(c1cc(F)c(F)cc1)c1cc(F)c(F)cc1,10.1021/ja508453n,5.3,0.591,14.3,58.7,4.9609131,0.33908689999999986,False
C10F4PAPTSi,Cl[Si](Cl)(Cl)CCCCCCCCCCN(c1cc(F)c(F)cc1)c1cc(F)c(F)cc1,10.1021/ja508453n,4.95,0.547,14.6,61.7,4.9274854,0.02251460000000005,False
C18F4PAPTSi,Cl[Si](Cl)(Cl)CCCCCCCCCCCCCCCCCCN(c1cc(F)c(F)cc1)c1cc(F)c(F)cc1,10.1021/ja508453n,3.79,0.493,14.3,53.5,3.7716965,0.018303500000000028,False
3-BPIC(i),O=P(O)(O)CCCn1c2ccccc2c2cc3c(cc21)c1ccccc1n3CCCP(=O)(O)O,10.1021/jacs.4c03917,13.54,0.692,27.68,70.71,13.544189375999999,0.004189375999999356,False
3-BPIC-F,O=P(O)(O)CCCn1c2ccc(F)cc2c2ccc3c4cc(F)ccc4n(CCCP(=O)(O)O)c3c21,10.1021/jacs.4c03917,19.71,0.872,28.12,80.43,19.721950752,0.01195075200000062,False
3-BPIC-F,O=P(O)(O)CCCn1c2ccc(F)cc2c2ccc3c4cc(F)ccc4n(CCCP(=O)(O)O)c3c21,10.1021/jacs.4c03917,17.25,0.871,26.53,74.63,17.245224269,0.0047757309999987285,False
3-BPIC-F,O=P(O)(O)CCCn1c2ccc(F)cc2c2ccc3c4cc(F)ccc4n(CCCP(=O)(O)O)c3c21,10.1021/jacs.4c03917,18.87,0.906,25.93,80.36,18.878637288,0.008637287999999188,False
3-BPIC-F,O=P(O)(O)CCCn1c2ccc(F)cc2c2ccc3c4cc(F)ccc4n(CCCP(=O)(O)O)c3c21,10.1021/jacs.4c03917,18.46,0.861,27.0,79.43,18.465092100000003,0.005092100000002375,False
3-BPIC-F,O=P(O)(O)CCCn1c2ccc(F)cc2c2ccc3c4cc(F)ccc4n(CCCP(=O)(O)O)c3c21,10.1021/jacs.4c03917,19.24,0.887,27.28,79.55,19.24899988,0.00899988000000107,False
3-BPIC-F,O=P(O)(O)CCCn1c2ccc(F)cc2c2ccc3c4cc(F)ccc4n(CCCP(=O)(O)O)c3c21,10.1021/jacs.4c03917,19.2,0.868,27.74,79.77,19.207275864,0.007275864000000354,False
4PADCB,C1=CC=C2C(=C1)C=CC3=C2C4=C(N3CCCCP(=O)(O)O)C=CC5=CC=CC=C54,10.1021/jacs.5c05341,16.46,0.862,26.82,71.2,16.46061408,0.000614079999998296,False
4PADCB,C1=CC=C2C(=C1)C=CC3=C2C4=C(N3CCCCP(=O)(O)O)C=CC5=CC=CC=C54,10.1021/jacs.5c05341,17.18,0.852,26.34,76.54,17.176861872,0.0031381279999997957,False
4PADCB,C1=CC=C2C(=C1)C=CC3=C2C4=C(N3CCCCP(=O)(O)O)C=CC5=CC=CC=C54,10.1021/jacs.5c05341,18.12,0.88,26.74,77.05,18.1307896,0.010789599999998956,False
2PACz,O=P(O)(O)CCn1c2ccccc2c2ccccc21,10.1021/jacs.5c08124,18.0,0.843,27.42,77.89,18.004320233999998,0.0043202339999979245,False
Th-Cz,O=P(O)(O)CCn1c2ccc(-c3cccs3)cc2c2cc(-c3cccs3)ccc21,10.1021/jacs.5c08124,19.34,0.864,27.83,80.42,19.337085504,0.002914495999998934,False
Th-Cz,O=P(O)(O)CCn1c2ccc(-c3cccs3)cc2c2cc(-c3cccs3)ccc21,10.1021/jacs.5c08124,18.25,0.847,27.42,78.55,18.24303327,0.006966729999998478,False
Ph-Cz,O=P(O)(O)CCn1c2ccc(-c3ccccc3)cc2c2cc(-c3ccccc3)ccc21,10.1021/jacs.5c08124,18.51,0.858,27.59,78.21,18.514043261999998,0.004043261999996162,False
m-PhPACz,COc1cccc(-c2ccc3c(c2)c2ccc(-c4cccc(OC)c4)cc2n3CCP(=O)(O)O)c1,10.1021/jacs.5c08124,19.09,0.858,27.95,79.55,19.07696505,0.013034950000001544,False
2PACz,O=P(O)(O)CCn1c2ccccc2c2ccccc21,10.1021/jacs.5c08124,18.18,0.891,26.65,76.51,18.167414265,0.012585734999998266,False
Th-Cz,O=P(O)(O)CCn1c2ccc(-c3cccs3)cc2c2cc(-c3cccs3)ccc21,10.1021/jacs.5c08124,18.93,0.894,26.73,79.26,18.940461012000004,0.010461012000003933,False
2PACz,O=P(O)(O)CCn1c2ccccc2c2ccccc21,10.1021/jacs.5c08124,18.38,0.857,27.95,76.69,18.369670734999996,0.010329265000002863,False
Th-Cz,O=P(O)(O)CCn1c2ccc(-c3cccs3)cc2c2cc(-c3cccs3)ccc21,10.1021/jacs.5c08124,19.27,0.871,27.95,79.26,19.29541107,0.025411070000000535,False
2PACz,O=P(O)(O)CCn1c2ccccc2c2ccccc21,10.1021/jacs.5c08124,20.31,0.873,28.83,80.68,20.306018412,0.0039815879999984816,False
Th-Cz,O=P(O)(O)CCn1c2ccc(-c3cccs3)cc2c2cc(-c3cccs3)ccc21,10.1021/jacs.5c08124,20.91,0.898,28.87,80.65,20.908722190000002,0.0012778099999977144,False
Th-Cz,O=P(O)(O)CCn1c2ccc(-c3cccs3)cc2c2cc(-c3cccs3)ccc21,10.1021/jacs.5c08124,20.67,0.905,28.61,79.83,20.669623514999998,0.00037648500000386775,False
2PACz,O=P(O)(O)CCn1c2ccccc2c2ccccc21,10.1021/jacs.5c08124,18.67,0.851,28.34,77.43,18.674056362,0.0040563620000000356,False
Th-Cz,O=P(O)(O)CCn1c2ccc(-c3cccs3)cc2c2cc(-c3cccs3)ccc21,10.1021/jacs.5c08124,19.63,0.873,28.37,79.24,19.625378723999997,0.004621276000001728,False
MeO-4PACz,COc1ccc2c(c1)c1ccc(OC)cc1n2CCCCP(=O)(O)O,10.31635/ccschem.024.202404707,14.68,0.724,27.95,72.55,14.681072899999997,0.0010728999999969346,False
MeOF-4PACz,COc1ccc2c3cc(F)ccc3n(CCCCP(=O)(O)O)c2c1,10.31635/ccschem.024.202404707,19.16,0.855,28.36,79.03,19.163036339999998,0.0030363399999977503,False
F-4PACz,O=P(O)(O)CCCCn1c2ccc(F)cc2c2ccc(F)cc21,10.31635/ccschem.024.202404707,12.6,0.837,27.95,53.88,12.604768020000002,0.004768020000001982,False
F-4PACz,O=P(O)(O)CCCCn1c2ccc(F)cc2c2ccc(F)cc21,10.31635/ccschem.024.202404707,13.98,0.837,27.88,59.65,13.919661539999998,0.060338460000002314,False
F-4PACz,O=P(O)(O)CCCCn1c2ccc(F)cc2c2ccc(F)cc21,10.31635/ccschem.024.202404707,14.44,0.838,28.01,61.52,14.440208176,0.00020817600000100356,False
F-4PACz,O=P(O)(O)CCCCn1c2ccc(F)cc2c2ccc(F)cc21,10.31635/ccschem.024.202404707,14.8,0.839,28.13,62.73,14.804951211,0.004951210999999844,False
F-4PACz,O=P(O)(O)CCCCn1c2ccc(F)cc2c2ccc(F)cc21,10.31635/ccschem.024.202404707,15.08,0.837,28.17,63.98,15.085389941999999,0.005389941999998982,False
MeOF-4PACz,COc1ccc2c3cc(F)ccc3n(CCCCP(=O)(O)O)c2c1,10.31635/ccschem.024.202404707,19.48,0.851,28.69,79.78,19.478438582,0.0015614180000014244,False
MeOF-4PACz,COc1ccc2c3cc(F)ccc3n(CCCCP(=O)(O)O)c2c1,10.31635/ccschem.024.202404707,18.33,0.824,28.9,76.96,18.326946559999996,0.0030534400000021833,False
JJ36,O=P(O)(O)CCCCn1c2cc(-c3ccccc3)ccc2c2ccc(-c3ccccc3)cc21,10.1039/d4ee04479g,17.12,0.846,27.86,72.64,17.120928384,0.0009283839999980614,False
JJ36,O=P(O)(O)CCCCn1c2cc(-c3ccccc3)ccc2c2ccc(-c3ccccc3)cc21,10.1039/d4ee04479g,18.89,0.859,28.62,76.83,18.888332813999998,0.0016671860000023742,False
JJ36,O=P(O)(O)CCCCn1c2cc(-c3ccccc3)ccc2c2ccc(-c3ccccc3)cc21,10.1039/d4ee04479g,17.52,0.867,28.99,69.75,17.531195174999997,0.011195174999997448,False
JJ36,O=P(O)(O)CCCCn1c2cc(-c3ccccc3)ccc2c2ccc(-c3ccccc3)cc21,10.1039/d4ee04479g,17.76,0.869,28.71,71.18,17.758691082000002,0.0013089179999994371,False
JJ36,O=P(O)(O)CCCCn1c2cc(-c3ccccc3)ccc2c2ccc(-c3ccccc3)cc21,10.1039/d4ee04479g,18.04,0.866,28.02,74.28,18.024279695999997,0.015720304000002017,False
JJ36,O=P(O)(O)CCCCn1c2cc(-c3ccccc3)ccc2c2ccc(-c3ccccc3)cc21,10.1039/d4ee04479g,19.1,0.873,28.29,77.3,19.090912409999998,0.009087590000003587,False
JJ36,O=P(O)(O)CCCCn1c2cc(-c3ccccc3)ccc2c2ccc(-c3ccccc3)cc21,10.1039/d4ee04479g,17.91,0.856,27.6,75.79,17.905842240000005,0.004157759999994681,False
JJ36,O=P(O)(O)CCCCn1c2cc(-c3ccccc3)ccc2c2ccc(-c3ccccc3)cc21,10.1039/d4ee04479g,15.48,0.845,25.38,72.2,15.4840842,0.004084199999999427,False
JJ36,O=P(O)(O)CCCCn1c2cc(-c3ccccc3)ccc2c2ccc(-c3ccccc3)cc21,10.1039/d4ee04479g,18.77,0.858,28.57,76.54,18.762296124000002,0.007703875999997223,False
"2,6-diMeO-2PACz",COc1ccc2c(c1)c1ccc(OC)cc1n2CCP(=O)(O)O,10.1039/d4ta09141h,15.8,0.84,26.3,71.7,15.839964,0.039963999999999444,False
CBZC4,CC(C)(C)c1ccc2c(c1)c1ccc(C(C)(C)C)cc1n2CCCCP(=O)(O)O,10.1039/d4ta09141h,16.2,0.85,26.8,71.2,16.21936,0.019360000000002486,False
CBZC2,CC(C)(C)c1ccc2c(c1)c1ccc(C(C)(C)C)cc1n2CCP(=O)(O)O,10.1039/d4ta09141h,16.4,0.85,26.5,73.0,16.44325,0.043250000000000455,False
MeO-2PACz,COc1ccc2c(c1)c1cc(OC)ccc1n2CCP(=O)(O)O,10.1039/d5ta02572a,12.5,0.673,27.0,68.8,12.501648,0.0016479999999994277,False
Br-2EPSe,O=P(O)(O)CCN1c2ccc(Br)cc2[Se]c2cc(Br)ccc21,10.1039/d6el00010j,18.41,0.877,26.695,78.68,18.420180002000002,0.01018000200000202,False
4PACz,O=P(O)(O)CCCCn1c2ccccc2c2ccccc21,10.20517/energymater.2026.25,18.28,0.865,27.421,76.54,18.154648891,0.12535110900000035,False
P-4PACz,O=P(O)(O)CCCCn1c2ccccc2c2cc(-c3ccccc3)ccc21,10.20517/energymater.2026.25,19.03,0.866,27.872,78.86,19.0345580672,0.004558067199997851,False
4PACz,O=P(O)(O)CCCCn1c2ccccc2c2ccccc21,10.20517/energymater.2026.25,16.21,0.8641,25.8403,72.61,16.212798805303,0.00279880530299792,False
P-4PACz,O=P(O)(O)CCCCn1c2ccccc2c2cc(-c3ccccc3)ccc21,10.20517/energymater.2026.25,16.73,0.8602,26.1617,74.35,16.731942841789998,0.0019428417899973738,False
2PACz,O=P(O)(O)CCn1c2ccccc2c2ccccc21,10.20517/energymater.2026.25,16.24,0.8587,25.7308,73.51,16.242062404396002,0.002062404396003359,False
4PACz,O=P(O)(O)CCCCn1c2ccccc2c2ccccc21,10.20517/energymater.2026.25,15.4,0.9394,23.8707,68.71,15.407623557017995,0.007623557017994997,False
P-4PACz,O=P(O)(O)CCCCn1c2ccccc2c2cc(-c3ccccc3)ccc21,10.20517/energymater.2026.25,16.35,0.9503,23.9253,71.92,16.351884094728,0.0018840947279983311,False
2PACz,O=P(O)(O)CCn1c2ccccc2c2ccccc21,10.20517/energymater.2026.25,15.61,0.9386,23.7043,70.18,15.614247126764,0.004247126764001408,False
4PACz,O=P(O)(O)CCCCn1c2ccccc2c2ccccc21,10.20517/energymater.2026.25,17.44,0.8818,25.2651,78.26,17.435361629868,0.004638370131999636,False
P-4PACz,O=P(O)(O)CCCCn1c2ccccc2c2cc(-c3ccccc3)ccc21,10.20517/energymater.2026.25,18.16,0.8696,26.4909,78.58,18.102071201712,0.05792879828799968,False
2PACz,O=P(O)(O)CCn1c2ccccc2c2ccccc21,10.20517/energymater.2026.25,17.66,0.885,25.6213,77.9,17.663708539500004,0.0037085395000033827,False
6C2A,C1(C(C2(C(=C(C1(C2(Cl)Cl)Cl)Cl)Cl)Cl)C(=O)O)C(=O)O,10.11777/j.issn1000-3304.2024.24312,18.2,0.848,27.7,76.6,17.9930336,0.20696639999999888,False
6C2A,C1(C(C2(C(=C(C1(C2(Cl)Cl)Cl)Cl)Cl)Cl)C(=O)O)C(=O)O,10.11777/j.issn1000-3304.2024.24312,16.2,0.843,26.0,74.1,16.241238,0.041237999999999886,False
Me-4PACz,Cc1ccc2c(c1)c1ccc(C)cc1n2CCCCP(=O)(O)O,10.1063/5.0215972,17.06,0.826,27.08,76.26,17.057897808,0.002102191999998837,False
2PACz,O=P(O)(O)CCn1c2ccccc2c2ccccc21,10.1063/5.0215972,15.67,0.813,27.03,71.29,15.666255531000001,0.003744468999999029,False
3FMBPA,O=P(O)(O)Cc1ccc(C(F)(F)F)cc1,10.1063/1.4916182,3.82,0.56,9.8,63.4,3.4793920000000007,0.34060799999999913,False
BrDECz,COc1ccc(-c2ccc3c4cc(Br)ccc4n(CCP(=O)(O)O)c3c2)cc1OC,10.1039/d4ee04515g,18.29,0.85,28.01,76.46,18.203979099999998,0.08602090000000118,False
DECz,COc1ccc(-c2ccc3c(c2)c2ccc(-c4ccc(OC)c(OC)c4)cc2n3CCP(=O)(O)O)cc1OC,10.1039/d4ee04515g,17.65,0.83,28.01,75.94,17.65475902,0.0047590200000016125,False
"2,7-diBr-2PACz",O=P(O)(O)CCn1c2cc(Br)ccc2c2ccc(Br)cc21,10.1039/d4ee04515g,17.81,0.84,28.04,75.65,17.8182984,0.008298400000001038,False
BrDECz,COc1ccc(-c2ccc3c4cc(Br)ccc4n(CCP(=O)(O)O)c3c2)cc1OC,10.1039/d4ee04515g,18.23,0.89,26.75,76.77,18.27701775,0.047017749999998415,False
DECz,COc1ccc(-c2ccc3c(c2)c2ccc(-c4ccc(OC)c(OC)c4)cc2n3CCP(=O)(O)O)cc1OC,10.1039/d4ee04515g,17.83,0.88,26.2,77.09,17.7738704,0.05612959999999845,False
"2,7-diBr-2PACz",O=P(O)(O)CCn1c2cc(Br)ccc2c2ccc(Br)cc21,10.1039/d4ee04515g,17.52,0.88,26.13,76.68,17.63210592,0.11210592000000119,False
BrDECz,COc1ccc(-c2ccc3c4cc(Br)ccc4n(CCP(=O)(O)O)c3c2)cc1OC,10.1039/d4ee04515g,19.67,0.87,28.85,78.37,19.670478150000005,0.0004781500000028416,False
DECz,COc1ccc(-c2ccc3c(c2)c2ccc(-c4ccc(OC)c(OC)c4)cc2n3CCP(=O)(O)O)cc1OC,10.1039/d4ee04515g,18.74,0.85,28.64,77.0,18.744880000000002,0.004880000000003548,False
"2,7-diBr-2PACz",O=P(O)(O)CCn1c2cc(Br)ccc2c2ccc(Br)cc21,10.1039/d4ee04515g,18.46,0.85,28.4,76.49,18.464685999999997,0.004685999999995971,False
BrDECz,COc1ccc(-c2ccc3c4cc(Br)ccc4n(CCP(=O)(O)O)c3c2)cc1OC,10.1039/d4ee04515g,16.05,0.81,26.63,74.36,16.03967508,0.01032492000000218,False
DECz,COc1ccc(-c2ccc3c(c2)c2ccc(-c4ccc(OC)c(OC)c4)cc2n3CCP(=O)(O)O)cc1OC,10.1039/d4ee04515g,15.59,0.81,26.15,73.43,15.55357545,0.036424549999999556,False
"2,7-diBr-2PACz",O=P(O)(O)CCn1c2cc(Br)ccc2c2ccc(Br)cc21,10.1039/d4ee04515g,15.19,0.81,26.13,71.01,15.029479530000003,0.16052046999999625,False
C3-SAM,NCCC(=O)O,10.1088/1674-1056/27/7/078802,3.04,0.55,9.52,56.43,2.9546748,0.08532520000000021,False
F5BnPA,O=P(O)(O)Cc1c(F)c(F)c(F)c(F)c1F,10.1039/b823148f,3.7,0.399,13.0,55.0,2.85285,0.8471500000000001,False
FOPA,O=P(O)(O)CC(F)(F)C(F)(F)C(F)(F)C(F)(F)C(F)(F)C(F)(F)F,10.1039/b823148f,3.4,0.394,13.0,51.0,2.6122199999999998,0.7877800000000001,False
BA,O=C(O)c1ccccc1,10.1039/c1ee00005e,2.41,0.78,5.89,53.0,2.434926,0.02492599999999978,False
BBA,O=C(O)c1ccc(Br)cc1,10.1039/c1ee00005e,2.72,0.78,6.43,55.0,2.75847,0.03846999999999978,False
CBA,O=C(O)c1ccc(Cl)cc1,10.1039/c1ee00005e,3.25,0.79,6.84,59.0,3.188124,0.06187599999999982,False
FBA,O=C(O)c1ccc(F)cc1,10.1039/c1ee00005e,2.74,0.8,5.96,57.0,2.71776,0.022240000000000038,False
PPA,O=P(O)(O)c1ccccc1,10.1039/c1ee00005e,1.64,0.61,5.59,49.0,1.6708509999999999,0.030850999999999962,False
BPA,O=P(O)(O)c1ccc(Br)cc1,10.1039/c1ee00005e,2.7,0.76,6.27,56.0,2.668512,0.03148799999999996,False
CPA,O=P(O)(O)c1ccc(Cl)cc1,10.1039/c1ee00005e,2.6,0.75,6.29,54.0,2.54745,0.0525500000000001,False
BA,O=C(O)c1ccccc1,10.1039/c1ee00005e,1.6,0.61,4.34,60.0,1.5884399999999999,0.011560000000000237,False
BBA,O=C(O)c1ccc(Br)cc1,10.1039/c1ee00005e,1.7,0.7,4.48,55.0,1.7248,0.024800000000000155,False
CBA,O=C(O)c1ccc(Cl)cc1,10.1039/c1ee00005e,1.7,0.71,4.54,53.0,1.7084019999999998,0.008401999999999799,False
