row_id,pred_pce,unc_pce,pred_voc,unc_voc,pred_jsc,unc_jsc,pred_ff,unc_ff,raw_unc_pce,raw_unc_voc,raw_unc_jsc,raw_unc_ff
1000000,17.780305862426758,0.9591294657476305,0.8681427836418152,0.0210109762303821,26.132381439208984,0.8946711868167188,78.76829528808594,2.3784890723133403,0.3086172044277191,0.004982123617082834,0.31636884808540344,0.5839160084724426
1000001,18.14496612548828,0.8169491894399057,0.8675222992897034,0.020670353467682465,26.742610931396484,1.1297462217839747,78.04149627685547,2.0387905893286935,0.26286813616752625,0.004901355132460594,0.39949482679367065,0.5005204677581787
1000002,18.10776138305664,0.9234839034079242,0.8667020797729492,0.019923339581999697,26.671234130859375,0.9008336739975887,78.039794921875,2.1155270549777936,0.29714760184288025,0.004724223166704178,0.3185479938983917,0.5193591713905334
1000003,17.73168182373047,0.8104414865559376,0.8560142517089844,0.01973841639161168,26.941051483154297,0.8663635255159718,76.94015502929688,1.960990824660384,0.260774165391922,0.004680374171584845,0.30635884404182434,0.48142072558403015
1000004,18.434009552001953,0.955376945433037,0.8836270570755005,0.026863614043689425,26.17218589782715,0.8982630774234132,79.62164306640625,2.2059673193576206,0.30740976333618164,0.006369901355355978,0.31763899326324463,0.5415621399879456
1000005,18.322660446166992,0.8050292991669963,0.8824012875556946,0.02768248413429225,26.107715606689453,1.0329022974853261,79.72584533691406,2.353538995726972,0.2590326964855194,0.0065640718676149845,0.3652493953704834,0.5777907967567444
1000006,18.33920669555664,0.904352764791102,0.8673310279846191,0.023291033116267425,26.981008529663086,0.7850736446962383,78.07388305664062,2.6870358924922657,0.29099181294441223,0.005522770807147026,0.2776135504245758,0.6596638560295105
1000007,18.09457778930664,0.8428825641901199,0.8694484829902649,0.0177316428514621,26.49020767211914,0.7977235149562586,78.44099426269531,1.85496610983096,0.2712126672267914,0.0042045279406011105,0.28208673000335693,0.4553917944431305
1000008,18.10723876953125,0.7394034474438366,0.8698602318763733,0.022388808649664815,26.529451370239258,0.7550871438899809,78.445068359375,2.4812283522008904,0.23791639506816864,0.005308835301548243,0.2670098841190338,0.6091383695602417
1000009,17.960620880126953,0.7247080443977006,0.8594954013824463,0.016909010080109702,26.995824813842773,0.7554634500341628,77.2809066772461,2.136941137291811,0.23318788409233093,0.004009465221315622,0.2671429514884949,0.5246163010597229
1000010,18.289472579956055,0.7694603803065032,0.8707020878791809,0.019871296365640403,26.77136993408203,0.905209275877463,78.4173583984375,1.9962355635056843,0.24758775532245636,0.0047118826769292355,0.3200952708721161,0.4900732636451721
1000011,18.413738250732422,1.057112156743227,0.873548686504364,0.02646633112181095,26.6459903717041,1.0544608891273741,79.12181091308594,2.439780449000919,0.34014490246772766,0.006275697611272335,0.37287282943725586,0.5989629626274109
1000012,18.332489013671875,0.737712937736766,0.8599855303764343,0.019983033844392567,27.44475746154785,0.9966967582277068,77.26017761230469,1.9807637676387824,0.23737244307994843,0.004738377872854471,0.352446585893631,0.48627495765686035
1000013,16.998760223388672,2.8267482212714317,0.8393005728721619,0.08528804827259198,26.46400260925293,2.6788596411589674,75.97087860107422,5.740466733377369,0.9095572233200073,0.020223505795001984,0.9472840428352356,1.4092772006988525
1000014,17.54477310180664,1.2858377866759965,0.8537012338638306,0.0338919540875993,26.562397003173828,1.3963142463205906,77.34169006347656,3.5768318013679057,0.41374149918556213,0.008036461658775806,0.4937571883201599,0.8781076073646545
1000015,11.863312721252441,7.350914158379083,0.728297233581543,0.1942232489344824,22.672073364257812,7.808896091916665,68.051513671875,13.815206343730415,2.3652892112731934,0.04605422541499138,2.7613401412963867,3.391615390777588
1000016,17.8468017578125,0.9069731845057875,0.8584285378456116,0.018544075537316962,26.663557052612305,0.7475796466855946,78.00861358642578,2.030588898686405,0.2918349802494049,0.004397172015160322,0.2643551230430603,0.49850696325302124
1000017,18.709766387939453,0.9327774462529522,0.8777478337287903,0.02399845244596226,26.7513370513916,0.9524177876653245,79.91236114501953,2.769471611749521,0.3001379668712616,0.005690514110028744,0.3367888927459717,0.6799017190933228
1000018,18.050090789794922,0.6801692450947304,0.8536986112594604,0.01960145363403475,27.073299407958984,0.8345184179017312,77.76131439208984,2.0863451478388937,0.21885672211647034,0.004647897556424141,0.2950979471206665,0.5121950507164001
1000019,17.96733856201172,0.9109527177116822,0.8661342263221741,0.018564954880599557,26.79402732849121,0.8442590581973579,77.70360565185547,1.7924340759934423,0.2931154668331146,0.004402122925966978,0.2985423803329468,0.44004026055336
1000020,18.0282039642334,0.7535344210490953,0.86611407995224,0.019973489675059103,26.785457611083984,0.7078948136877147,77.45699310302734,2.4647599031832055,0.24246329069137573,0.004736114758998156,0.25032198429107666,0.605095386505127
1000021,18.038965225219727,0.7111948959623419,0.8545153141021729,0.019621060421406215,27.434162139892578,0.8695338521062725,76.39888000488281,2.140447753968244,0.22883978486061096,0.004652546718716621,0.3074799180030823,0.5254771709442139
1000022,18.940217971801758,1.0207419314653154,0.8801395297050476,0.025892162928285584,26.968584060668945,1.1172896034810897,79.47269439697266,2.2059712039984034,0.32844212651252747,0.006139550823718309,0.3950899839401245,0.541563093662262
1000023,18.804397583007812,0.9022110079169897,0.8801001906394958,0.024936864239377167,26.85342025756836,1.0589538917819057,79.55076599121094,1.8779983878209743,0.29030266404151917,0.005913030356168747,0.3744616210460663,0.4610461890697479
1000024,19.208478927612305,0.8497451889016956,0.8732434511184692,0.021116097596688907,27.800397872924805,1.098992359848316,78.6173324584961,2.3923200930296966,0.2734208405017853,0.00500705000013113,0.3886198103427887,0.5873115062713623
1000025,19.522598266601562,0.8714247810901835,0.8880140781402588,0.027527519030978723,27.279850006103516,0.8684160585138234,80.3031234741211,2.6088519125715535,0.28039664030075073,0.006527326535433531,0.3070846498012543,0.6404697895050049
1000026,19.330825805664062,0.8537557499813504,0.8860531449317932,0.021408453570524774,27.04987335205078,0.9595797405939781,80.2920913696289,2.47222836787778,0.2747113108634949,0.005076373461633921,0.33932146430015564,0.6069288849830627
1000027,19.627094268798828,1.0770873461468413,0.8869343996047974,0.022677833983338225,27.718074798583984,1.1276135393699716,79.88652038574219,2.2671455558824065,0.34657227993011475,0.005377369001507759,0.39874067902565,0.5565813183784485
1000028,19.118083953857422,1.0134083314162177,0.8758163452148438,0.02210310020940791,27.428634643554688,0.9908147518638216,79.67265319824219,2.4942540383250065,0.32608240842819214,0.005241088103502989,0.35036662220954895,0.6123361587524414
1000029,18.723711013793945,0.8357871841150843,0.8583466410636902,0.026342278522505258,27.90595245361328,0.955978579287203,78.52156829833984,2.3780265572701635,0.2689296007156372,0.0062462822534143925,0.3380480408668518,0.5838024616241455
1000030,18.740055084228516,1.0083752398102612,0.8645420670509338,0.0279987555184456,27.40741539001465,0.9423466047722774,79.27522277832031,2.2813436751527174,0.3244629204273224,0.006639066152274609,0.33322757482528687,0.5600669384002686
1000031,18.716318130493164,0.9010210194929024,0.8678262829780579,0.021654431951155066,27.503286361694336,0.603879834318515,78.34398651123047,2.4126100574172527,0.28991976380348206,0.0051346998661756516,0.21354076266288757,0.5922926664352417
1000032,18.834793090820312,1.118615145007824,0.8704643249511719,0.026164028395367262,27.51831817626953,0.9824079124725226,78.4450454711914,2.7799832069171555,0.35993459820747375,0.006204015575349331,0.34739384055137634,0.6824823021888733
1000033,18.5212345123291,0.9486818712397656,0.8608866333961487,0.02154280248254968,27.695051193237305,1.0684675684837404,77.53193664550781,2.2051998600130105,0.3052555024623871,0.005108230281621218,0.3778257966041565,0.5413737297058105
1000034,19.246784210205078,0.9096616803017076,0.8964474201202393,0.023903432974110465,26.86314582824707,0.9799799161214054,80.15818786621094,2.296907002868059,0.29270005226135254,0.005667983088642359,0.34653526544570923,0.5638877153396606
1000035,19.17704963684082,1.0962096858143882,0.8940393328666687,0.019462986589686333,26.962377548217773,0.9458867480167036,79.59757232666016,2.905845325482964,0.35272523760795593,0.0046150642447173595,0.334479421377182,0.713381290435791
1000036,19.19439125061035,0.9442973085056536,0.8839694857597351,0.02815136403673852,27.33283805847168,1.1228729247441953,79.54979705810547,2.2652381972581557,0.303844690322876,0.006675252690911293,0.39706432819366455,0.556113064289093
1000037,18.96754264831543,0.8808872637612962,0.8728429079055786,0.02197836027280454,27.579450607299805,1.04776339827276,79.06324005126953,2.3658246577820052,0.28344136476516724,0.0052115097641944885,0.3705044984817505,0.5808069109916687
1000038,19.193553924560547,0.884537716264297,0.8798108100891113,0.021949723837162444,27.33704376220703,1.0389231957922374,79.7212142944336,2.46344713738874,0.28461596369743347,0.005204719491302967,0.36737847328186035,0.6047731041908264
1000039,18.93836212158203,0.9121270532681114,0.8766233325004578,0.02210301183746964,27.47148323059082,0.9063081066742927,79.00201416015625,2.5049763752550964,0.2934933304786682,0.00524106714874506,0.32048383355140686,0.614968478679657
1000040,18.334903717041016,1.0697250337369506,0.8698817491531372,0.024378976120702507,26.93049430847168,0.8282479692044676,78.23499298095703,2.3185971374676893,0.34420332312583923,0.0057807439006865025,0.2928806245326996,0.5692126154899597
1000041,18.12805938720703,0.8357908889358318,0.8615024089813232,0.01907522623511197,27.142597198486328,0.6921779008642011,77.24903869628906,2.326458193671354,0.2689307928085327,0.004523118492215872,0.24476425349712372,0.5711424946784973
1000042,18.117238998413086,0.8132365885688662,0.8596161603927612,0.0200003881292485,27.295305252075195,0.7231416598775945,77.04102325439453,2.461947423256612,0.26167353987693787,0.00474249292165041,0.25571349263191223,0.6044049263000488
1000043,17.7266902923584,0.7619984082185056,0.8459803462028503,0.02239563489094118,27.536130905151367,0.8590036010010509,75.87932586669922,2.2410393130831205,0.2451867312192917,0.005310453940182924,0.3037562668323517,0.5501722693443298
1000044,18.068761825561523,0.7974835981301057,0.8577677607536316,0.015385055642803291,27.250703811645508,0.7726394446317302,77.50728607177734,2.052249412900068,0.25660473108291626,0.003648105077445507,0.2732166349887848,0.5038245916366577
1000045,17.937530517578125,0.7819414119918764,0.8609439134597778,0.017652210225700782,27.141292572021484,0.8310111435030454,76.9935302734375,2.2236494758298155,0.25160375237464905,0.004185692872852087,0.29385772347450256,0.5459030866622925
1000046,18.973642349243164,0.9099534349355709,0.8763593435287476,0.023280328328811307,27.54175567626953,0.7481760055380541,78.80901336669922,2.6534993030360843,0.2927939295768738,0.005520232487469912,0.26456600427627563,0.6514306664466858
1000047,19.378618240356445,0.9467775007550473,0.8834074139595032,0.021222905885106294,27.274242401123047,0.9709585135938523,80.03044128417969,2.6815201881610884,0.3046427369117737,0.0050323763862252235,0.34334516525268555,0.6583097577095032
1000048,18.8013973236084,0.9282331131241057,0.8627336621284485,0.028996350980832242,27.86788558959961,0.725215178369265,78.23512268066406,2.818146160755351,0.2986757457256317,0.006875616032630205,0.2564467191696167,0.6918512582778931
1000049,18.48210906982422,0.9391999382597286,0.8643966317176819,0.023815481293499648,27.541133880615234,1.1039345700613001,77.9267349243164,2.3155828990104497,0.30220451951026917,0.005647127982228994,0.39036744832992554,0.5684726238250732
1000050,19.450969696044922,1.0658007023601932,0.8905957937240601,0.02839572030134629,27.337312698364258,1.1023298961564345,79.67218780517578,3.0108262858921164,0.3429405987262726,0.006733194459229708,0.3898000121116638,0.7391539812088013
1000051,18.827951431274414,0.792311020023007,0.8708178400993347,0.019534577678791576,27.537548065185547,0.875065847402568,78.593994140625,1.9662506282800085,0.25494036078453064,0.004632039926946163,0.3094361126422882,0.4827120006084442
1000052,18.004802703857422,0.9398099369957995,0.8602611422538757,0.01565774787846303,26.986082077026367,0.7882387459828573,77.2330322265625,2.379783871644187,0.3024007976055145,0.003712765872478485,0.2787327766418457,0.5842338800430298
1000053,18.560558319091797,0.979337317894186,0.8701497316360474,0.022530378530957035,27.143260955810547,0.7800346820860491,78.27090454101562,2.3327008114089733,0.3151194453239441,0.00534240435808897,0.2758316993713379,0.5726750493049622
1000054,17.538063049316406,0.8790959829298945,0.838279128074646,0.040960012408210685,27.455490112304688,0.9882004144410839,76.17464447021484,3.728850177483076,0.2828649878501892,0.009712439961731434,0.34944215416908264,0.9154279232025146
1000055,18.139482498168945,0.934295218692672,0.8653694987297058,0.022415638370124447,26.643632888793945,0.920733484557937,78.54840850830078,2.6741352432433394,0.30062633752822876,0.005315197166055441,0.32558485865592957,0.6564967632293701
1000056,18.251359939575195,0.6895708297748067,0.8674817085266113,0.022989979379884656,26.923940658569336,0.9851772391447903,77.65018463134766,1.969524773484608,0.22188185155391693,0.00545138493180275,0.3483731150627136,0.48351579904556274
1000057,19.210186004638672,1.008535565928108,0.8957473039627075,0.0248398239958702,26.77284812927246,1.010321063345293,80.08822631835938,2.81010568270554,0.3245145082473755,0.005890020169317722,0.35726433992385864,0.6898773312568665
1000058,19.193038940429688,0.915264573338625,0.8849374651908875,0.022210992526934783,27.060842514038086,0.8856968963013935,80.06675720214844,2.641968718033167,0.2945028841495514,0.005266671534627676,0.3131954073905945,0.6485999226570129
1000059,19.27671241760254,1.2550956472160852,0.8812258243560791,0.03493579163955284,27.150638580322266,1.3424028498162501,79.96881866455078,2.8756762340051885,0.40384966135025024,0.008283976465463638,0.47469332814216614,0.705974817276001
1000060,19.094003677368164,1.3383869641581085,0.8814018368721008,0.031459047133456444,27.27742576599121,1.0961012498886256,79.00016021728516,3.4483827548309423,0.43065014481544495,0.007459570653736591,0.3875974714756012,0.846573531627655
1000061,19.111083984375,0.9452561161150989,0.882337212562561,0.02638069871362458,27.294692993164062,0.9097197243039647,79.18480682373047,2.030171057012228,0.3041532039642334,0.006255392450839281,0.32169023156166077,0.4984043836593628
1000062,18.982624053955078,0.8765830030168857,0.8854468464851379,0.024697533392325843,26.912321090698242,0.8244769855280337,79.58744812011719,2.1954052238598125,0.28205639123916626,0.005856280215084553,0.29154714941978455,0.5389691591262817
1000063,18.146644592285156,0.6320755313537848,0.8625295758247375,0.019331773899559687,26.95534324645996,0.7979236777989086,77.56427764892578,2.2075716760008297,0.2033817023038864,0.004583951085805893,0.2821575105190277,0.5419560074806213
1000064,18.024551391601562,1.029182902435832,0.859793484210968,0.022863976706474408,26.957244873046875,0.996414338991614,77.98774719238281,2.275178021860603,0.3311581611633301,0.0054215071722865105,0.3523467183113098,0.5585532784461975
1000065,17.954166412353516,0.7753230275880776,0.8580285310745239,0.020310597198436333,26.971933364868164,0.9630038315292132,77.4813232421875,1.9796568878057936,0.2494741678237915,0.004816049709916115,0.3405322730541229,0.48600322008132935
1000066,18.12451934814453,0.6804661401673808,0.8614960312843323,0.01938690620611683,27.221149444580078,0.7950862536205942,76.97795104980469,2.1410486593393006,0.2189522534608841,0.00459702406078577,0.28115415573120117,0.525624692440033
1000067,18.99966049194336,0.9100554101266449,0.884587287902832,0.02759839332547353,27.001726150512695,0.8279520653137122,79.47724151611328,2.431310475354583,0.29282674193382263,0.006544132251292467,0.2927759885787964,0.5968835949897766
1000068,19.3852596282959,0.8772424611099354,0.887397825717926,0.023232145984244112,27.30730438232422,0.8326726215156777,80.18128204345703,2.989123526209943,0.28226858377456665,0.005508807487785816,0.2944452464580536,0.7338259816169739
1000069,19.166854858398438,1.0308708187683793,0.8804671764373779,0.02644592505935333,27.081897735595703,0.9622178447205589,79.97403717041016,2.335750740003403,0.33170127868652344,0.00627085892483592,0.3402543365955353,0.5734238028526306
1000070,18.7531681060791,1.079105362007988,0.8692842721939087,0.028318202400914216,27.4947566986084,0.9543636233331572,78.13261413574219,2.736384183883826,0.34722161293029785,0.006714813411235809,0.3374769687652588,0.6717787981033325
1000071,19.012264251708984,1.0893994843163892,0.8824465870857239,0.02789671735087409,27.129690170288086,1.1222383031841303,79.04109191894531,2.6459157558583253,0.35053393244743347,0.006614870857447386,0.3968399167060852,0.6495689153671265
1000072,18.948671340942383,0.9920347574214706,0.8809645175933838,0.02403364018796165,27.12940788269043,0.9081532288276131,79.43500518798828,2.526200352960816,0.31920507550239563,0.005698857828974724,0.3211362957954407,0.6201789379119873
1000073,18.24405860900879,0.8815267158223096,0.862260103225708,0.0188723105180916,27.04290771484375,0.9437956994739716,78.30567169189453,2.313482765087363,0.2836471199989319,0.004475003108382225,0.3337399959564209,0.5679570436477661
1000074,17.936410903930664,0.7423968962975328,0.8533003330230713,0.017352293541590458,27.220544815063477,0.8069470187455695,77.3232421875,2.540156410552362,0.23887959122657776,0.004114576615393162,0.2853482961654663,0.6236051321029663
1000075,18.001798629760742,0.7223693763008604,0.8574156761169434,0.021631245118373124,27.276342391967773,0.8034688206335003,76.8857421875,2.636546002290723,0.23243537545204163,0.005129201803356409,0.2841183543205261,0.6472686529159546
1000076,18.721147537231445,1.0518752073756408,0.8694498538970947,0.021910698789221163,27.2730770111084,0.72793612884293,78.73005676269531,2.3461496805883426,0.3384598195552826,0.005195465870201588,0.25740888714790344,0.5759767293930054
1000077,19.18938446044922,1.0843888068759548,0.8819799423217773,0.024376692197053365,27.202444076538086,0.913364626459302,79.85122680664062,2.6560743342948423,0.34892165660858154,0.0057802023366093636,0.3229791224002838,0.6520628333091736
1000078,19.43410873413086,0.9417945168497004,0.8767810463905334,0.024954147826682482,27.68691062927246,0.9196115612899974,79.54564666748047,2.1018278692579964,0.3030393719673157,0.005917128641158342,0.32518813014030457,0.5159960389137268
1000079,18.839813232421875,0.8509165606015269,0.8733258247375488,0.02427369372108596,27.406845092773438,1.0357024703051347,78.57915496826172,2.4527660747669646,0.27379775047302246,0.005755779333412647,0.3662395775318146,0.6021509170532227
1000080,18.98650360107422,0.9085747785149186,0.8825808167457581,0.02432312701953493,26.987567901611328,0.8932764521291338,79.48663330078125,2.1780617595058493,0.29235032200813293,0.005767500959336758,0.3158756494522095,0.5347113609313965
1000081,19.112346649169922,0.9429623689698216,0.8766770958900452,0.022140825207946156,27.565690994262695,0.9639059549261502,78.87459564208984,2.3692924280506116,0.3034151494503021,0.0052500334568321705,0.3408512771129608,0.5816582441329956
1000082,13.03127670288086,5.693350681251696,0.7448641657829285,0.17716045793503202,25.027393341064453,4.777666074276648,68.33295440673828,11.968092671056384,1.8319382667541504,0.04200829565525055,1.6894527673721313,2.9381513595581055
1000083,17.50172996520996,1.0153205746450242,0.8367952704429626,0.024042950662613905,27.928707122802734,0.8393542679010629,75.23150634765625,2.82037740130485,0.3266977071762085,0.00570106552913785,0.2968079745769501,0.6923990249633789
1000084,18.751007080078125,0.9026345615489442,0.8597066402435303,0.02507542358330556,27.77756118774414,0.9266492025584789,78.28950500488281,2.294758068145141,0.2904389500617981,0.005945885553956032,0.3276767432689667,0.5633601546287537
1000085,18.948984146118164,1.0890518795097577,0.8838490843772888,0.02378073148354992,26.630903244018555,1.1666802695097485,80.30026245117188,3.1811345219719076,0.35042208433151245,0.005638888105750084,0.4125552475452423,0.7809644341468811
1000086,16.99220085144043,2.7595370304401703,0.7987163066864014,0.11069767488823687,27.875844955444336,1.4715367067748264,76.37499237060547,4.875459202915523,0.8879308104515076,0.026248637586832047,0.5203569531440735,1.1969189643859863
1000087,18.337902069091797,0.9789250639655113,0.8439003229141235,0.030012899278247133,28.128395080566406,0.9739087031967839,77.591064453125,2.7944114911538347,0.31498679518699646,0.007116660010069609,0.3443883955478668,0.6860244274139404
1000088,18.70813751220703,2.1393950508858013,0.8628498315811157,0.04450791399900436,27.39290428161621,1.6818474262912442,79.27742004394531,5.192602733146316,0.6883889436721802,0.01055371854454279,0.5947259068489075,1.2747772932052612
1000089,19.44033432006836,1.2286341502683193,0.8779677152633667,0.024701951989239485,27.835189819335938,0.973383560176762,79.24010467529297,2.7155362879638707,0.39533519744873047,0.005857327952980995,0.3442026972770691,0.6666606664657593
1000090,18.052125930786133,0.7406047355712037,0.8517123460769653,0.02133161907974868,27.54093360900879,0.8197498555569203,76.85176849365234,2.172766508539084,0.23830293118953705,0.005058154463768005,0.2898755669593811,0.5334113836288452
1000091,19.32678985595703,0.9451079232852,0.8756659030914307,0.02196503574833385,27.778745651245117,0.8420157173360286,79.44793701171875,2.7672542102328097,0.3041055202484131,0.0052083502523601055,0.2977491021156311,0.6793573498725891
1000092,19.19286346435547,0.8978511748613672,0.8810605406761169,0.020847238739329355,27.05911636352539,1.0225025104139664,80.17716217041016,2.594468544493923,0.28889980912208557,0.004943298175930977,0.36157187819480896,0.6369386911392212
1000093,18.924388885498047,1.0297590020620635,0.8659766912460327,0.022881492024640085,27.62287139892578,0.9503236207962017,79.01628112792969,2.0475269036586856,0.33134353160858154,0.005425660405308008,0.3360483646392822,0.5026652216911316
1000094,19.065752029418945,0.9319500671595236,0.8695329427719116,0.024267175799683127,27.719764709472656,0.7747841789558382,78.76707458496094,2.488077945060789,0.2998717427253723,0.005754233803600073,0.27397504448890686,0.610819935798645
1000095,19.725727081298828,1.0743570784969934,0.8904621601104736,0.035993756918704926,27.34963035583496,1.0158586210616367,80.19644927978516,2.929550374698513,0.34569376707077026,0.008534841239452362,0.35922250151634216,0.719200849533081
1000096,19.18628692626953,0.9972447542181189,0.8747051954269409,0.021045523766784226,27.62723731994629,0.8763171390761781,79.43582153320312,2.482166735739934,0.3208814859390259,0.004990315530449152,0.3098785877227783,0.6093687415122986
1000097,18.246335983276367,0.9048965398563119,0.8578326106071472,0.023327664266591937,27.512165069580078,0.8851904632397162,77.49315643310547,2.3244670724802288,0.2911667823791504,0.005531456787139177,0.3130163252353668,0.5706536769866943
1000098,18.779830932617188,1.056328865016693,0.8672822117805481,0.025949500605657847,27.669784545898438,0.9148436402385292,78.5742416381836,2.452390478561298,0.3398928642272949,0.0061531467363238335,0.3235021233558655,0.6020587086677551
1000099,18.567920684814453,1.1344426023436087,0.848405122756958,0.035518708654967215,28.193443298339844,0.8266775968899005,77.90293884277344,2.4620003514872746,0.36502736806869507,0.00842219777405262,0.29232531785964966,0.6044179201126099
1000100,18.211124420166016,0.8938293140784326,0.8574517965316772,0.023998966967025095,27.380943298339844,0.7849941695128199,77.45985412597656,2.1816026095791785,0.2876057028770447,0.005690636113286018,0.2775854468345642,0.5355806350708008
1000101,18.157363891601562,0.8899752816753584,0.8729937076568604,0.029166836160327333,26.449512481689453,0.807606502637669,78.77599334716797,2.773524263245956,0.2863655984401703,0.006916041485965252,0.28558149933815,0.6808966398239136
1000102,18.472087860107422,0.9678077304870225,0.8590498566627502,0.026267166302615053,27.680267333984375,0.9139932642038604,77.40161895751953,1.9747559278784608,0.311409592628479,0.006228471640497446,0.32320141792297363,0.4848000407218933
1000103,19.8450927734375,0.9584399059860076,0.8896796107292175,0.023388666433671244,27.715675354003906,0.7370910294516443,80.13915252685547,2.575716412276174,0.3083953261375427,0.005545921623706818,0.26064619421958923,0.6323350667953491
1000104,19.531450271606445,1.0554572133153322,0.8827660083770752,0.021352199922261995,27.466175079345703,0.9935943605852695,80.0567626953125,2.7292068244578966,0.3396123945713043,0.0050630345940589905,0.35134953260421753,0.6700167655944824
1000105,18.80866241455078,1.0748542654413038,0.8689569234848022,0.02670316398874043,27.769004821777344,0.8958496613551502,78.2239761352539,2.092371682432981,0.3458537459373474,0.006331855431199074,0.3167855739593506,0.5136745572090149
1000106,19.81955909729004,1.169154457234434,0.8992965221405029,0.03136429474124032,27.379051208496094,1.1754372042477286,80.12944030761719,2.9565940298766473,0.3761965334415436,0.00743710296228528,0.4156518280506134,0.7258400321006775
1000107,19.155805587768555,0.973480644636067,0.8769429922103882,0.023422903686378987,27.59616470336914,0.9673500200061044,78.9305419921875,2.174076846433061,0.31323495507240295,0.005554039962589741,0.342069149017334,0.533733069896698
1000108,19.840572357177734,1.336753508690549,0.8900796175003052,0.024821802011925093,27.55415916442871,1.1857511952037967,80.65089416503906,2.7622107325467655,0.43012455105781555,0.005885746795684099,0.41929900646209717,0.6781191825866699
1000109,20.04738998413086,0.9137951488096597,0.8897851705551147,0.023870338665137717,27.94024085998535,1.0199256771870093,80.2297134399414,2.663826134976497,0.2940300703048706,0.005660135764628649,0.3606606721878052,0.6539658904075623
1000110,19.941862106323242,1.3587047568603454,0.8925794363021851,0.02881930663969646,27.538639068603516,1.2149907304208303,80.4151840209961,2.3397004485190993,0.4371877610683441,0.0068336352705955505,0.429638534784317,0.5743934512138367
1000111,19.7786865234375,1.062670499310656,0.8872100710868835,0.024685821164773417,27.72183609008789,0.8345424374428492,80.14945983886719,2.2527850100693736,0.34193339943885803,0.005853503011167049,0.295106440782547,0.5530558228492737
1000112,18.811466217041016,1.0869764389270251,0.8567717671394348,0.02611075189951385,28.113243103027344,0.8454817792589014,78.26908111572266,3.0207942741402376,0.349754273891449,0.006191382650285959,0.29897475242614746,0.7416011095046997
1000113,19.303380966186523,1.0022701583210243,0.8801760673522949,0.026629416624341328,27.326927185058594,1.2597436865946077,79.93470764160156,3.126966848109449,0.32249850034713745,0.006314368452876806,0.4454638361930847,0.7676663398742676
1000114,19.192739486694336,0.9006073762564474,0.8762013912200928,0.019197238424553984,27.417404174804688,0.9186147081940548,79.65274047851562,2.5434212083400785,0.2897866666316986,0.004552050027996302,0.3248356282711029,0.624406635761261
1000115,19.830188751220703,0.9049547981625659,0.8919193148612976,0.021940434964539544,27.720426559448242,0.9872312048871997,79.73535919189453,2.661480054733863,0.29118552803993225,0.0052025169134140015,0.34909942746162415,0.6533899307250977
1000116,18.948148727416992,0.8796147504550591,0.8712944984436035,0.023469764379513793,27.654878616333008,0.9413872558721155,78.45114135742188,2.247892305003704,0.2830319106578827,0.005565151572227478,0.33288833498954773,0.55185467004776
1000117,19.252368927001953,1.099962391370019,0.8871225118637085,0.02786825765910854,27.230358123779297,0.8929976568939817,79.66413879394531,2.357261938336985,0.3539327383041382,0.006608122494071722,0.315777063369751,0.5787047743797302
1000118,18.107046127319336,1.0252279136673894,0.8711180090904236,0.022019188108286587,26.61043930053711,0.9315441322010518,78.23410034179688,2.295079764959949,0.3298855721950531,0.005221190862357616,0.329407662153244,0.563439130783081
1000119,17.851333618164062,0.7673590522887977,0.8621866703033447,0.022082560607132456,26.786136627197266,0.8508290347863176,77.08377838134766,2.535327316479507,0.24691161513328552,0.005236217752099037,0.30086562037467957,0.6224195957183838
1000120,17.614273071289062,0.8766413539436585,0.8573261499404907,0.016354600870071713,26.98019790649414,0.8655646440062964,76.29692077636719,2.522238019362576,0.2820751667022705,0.0038780036848038435,0.3060763478279114,0.6192061901092529
1000121,16.420316696166992,1.5500235526700614,0.8395748734474182,0.023228004286070393,26.84612274169922,0.8113127599717217,72.12183380126953,6.480621909086832,0.4987480342388153,0.005507825408130884,0.2868920862674713,1.5909843444824219
1000122,17.959400177001953,0.9131264286647414,0.8684890270233154,0.02558471891885527,26.646636962890625,0.8742681458001755,77.59252166748047,2.797676288941551,0.29381489753723145,0.006066649686545134,0.30915403366088867,0.6868259310722351
1000123,17.746734619140625,0.9849620693735134,0.8742097616195679,0.023546331790654223,26.28763198852539,1.1315583065333714,77.7163314819336,2.2470425398325125,0.31692931056022644,0.0055833072401583195,0.4001356065273285,0.5516460537910461
1000124,16.4029598236084,1.046196180272363,0.8386876583099365,0.02123987133343383,27.241886138916016,0.9784935700612055,71.29139709472656,4.392760051812386,0.33663249015808105,0.005036399234086275,0.34600967168807983,1.0784169435501099
1000125,18.04288673400879,0.7551273550397293,0.868380606174469,0.021941359924160134,26.7352237701416,0.8159544309439102,77.83146667480469,2.3383136317597155,0.2429758459329605,0.005202736239880323,0.28853344917297363,0.5740529894828796
1000126,17.728219985961914,0.7477421190514636,0.8663209080696106,0.01983705911293266,26.602218627929688,0.7389790496626105,77.4598159790039,2.3083246904982326,0.24059951305389404,0.004703764338046312,0.2613138258457184,0.5666907429695129
1000127,17.81368637084961,0.8801676023311003,0.8571383357048035,0.017001883095771893,27.136415481567383,0.8132650851296108,76.54962158203125,1.7970237790780703,0.28320980072021484,0.00403148727491498,0.2875824570655823,0.44116702675819397
1000128,18.197845458984375,0.8322731616361092,0.8666349649429321,0.02242501954232732,26.906166076660156,0.9093905301720107,78.00764465332031,2.545662403281583,0.26779890060424805,0.00531742163002491,0.32157382369041443,0.6249568462371826
1000129,18.72974967956543,0.859976514498427,0.8797008991241455,0.029706390047541657,26.90260124206543,0.8573729691359596,79.23186492919922,2.227917724889684,0.27671295404434204,0.007043980527669191,0.30317965149879456,0.5469509363174438
1000130,17.935771942138672,0.8790683820153259,0.8624123334884644,0.021110600862128334,26.92089080810547,0.8956972004783696,77.01615905761719,2.0564472528457522,0.2828561067581177,0.005005746614187956,0.31673166155815125,0.5048551559448242
1000131,13.7941312789917,5.585594487883236,0.7959973216056824,0.11817671378115902,23.348793029785156,6.490676706051656,71.78240203857422,9.612162921717777,1.7972657680511475,0.02802206762135029,2.295198440551758,2.359773635864258
1000132,15.415626525878906,5.663628756805118,0.8274390697479248,0.11070495673595056,24.559741973876953,6.043462179558441,74.30476379394531,10.519342112515401,1.822374701499939,0.026250364258885384,2.137056827545166,2.5824849605560303
1000133,11.656790733337402,7.912961399515489,0.7198466658592224,0.21589003724642883,22.553251266479492,9.536107750633366,67.93267059326172,15.027676540151058,2.546138048171997,0.05119185522198677,3.37210750579834,3.6892752647399902
1000134,17.682619094848633,0.9443236127329606,0.858578085899353,0.017775769905973,26.64364242553711,0.8322829149959245,77.46426391601562,2.6829897963271514,0.3038531541824341,0.004214991349726915,0.2943074405193329,0.6586705446243286
1000135,17.919361114501953,1.2402746044363508,0.8598719835281372,0.02717259179720399,26.879379272460938,1.0450410993336288,77.4727783203125,2.4443716088258403,0.39908072352409363,0.006443166173994541,0.36954185366630554,0.6000900864601135
1000136,17.340360641479492,0.8576367349553624,0.8413528800010681,0.025117649659233167,27.134218215942383,0.7891596636172304,75.72024536132812,3.1425862603260892,0.2759600877761841,0.005955898202955723,0.27905842661857605,0.7715008854866028
1000137,17.356407165527344,0.9236595119113542,0.8453036546707153,0.020659799894431837,27.41606903076172,0.874301941715924,74.79878234863281,2.9681603050167547,0.2972041070461273,0.004898852668702602,0.30916598439216614,0.7286795377731323
1000138,17.173980712890625,1.058029285119263,0.8446637988090515,0.022355439405772996,27.326568603515625,1.0348777993934168,74.28147888183594,4.127846488063687,0.3404400050640106,0.0053009227849543095,0.365947961807251,1.013381004333496
1000139,16.39214324951172,1.3700600324513403,0.8276205658912659,0.03195861370051274,27.756547927856445,0.8381273328849373,71.45254516601562,6.248855013975762,0.44084152579307556,0.007578027900308371,0.29637411236763,1.5340858697891235
1000140,19.071617126464844,0.9557433522049616,0.8769937753677368,0.021826554957239477,27.494497299194336,0.8311644471707423,79.14371490478516,2.3549656300543775,0.30752766132354736,0.005175513681024313,0.2939119338989258,0.5781410336494446
1000141,18.438796997070312,0.9002164250470707,0.8649997115135193,0.02459701325827178,27.391820907592773,0.619944229836869,77.63521575927734,2.41367930479266,0.28966087102890015,0.005832444876432419,0.21922136843204498,0.5925551652908325
1000142,19.08308219909668,1.0855685144224678,0.8744997382164001,0.024977301274509964,27.57713508605957,1.0551775985226983,78.93243408203125,2.8641177281466463,0.3493012487888336,0.005922618787735701,0.3731262683868408,0.703137218952179
1000143,19.270652770996094,1.105783590969481,0.8845838308334351,0.021760717863226222,27.1762752532959,0.9587617277305,79.98844146728516,2.273847289602518,0.35580581426620483,0.005159902386367321,0.33903220295906067,0.5582265853881836
1000144,19.36449432373047,0.9894667609203619,0.8856513500213623,0.0246321401218248,27.17367935180664,1.160395156250539,79.97248840332031,2.3622857500290673,0.3183787763118744,0.005840774159878492,0.41033273935317993,0.5799381136894226
1000145,19.392807006835938,1.0216221968749142,0.8845051527023315,0.02503989020883648,27.450841903686523,0.9331308546593976,80.05057525634766,2.382108829152566,0.3287253677845001,0.0059374598786234856,0.32996875047683716,0.5848046541213989
1000146,18.914165496826172,1.1055779734179965,0.856581449508667,0.028729911550760517,28.29149055480957,0.9447983678272376,78.29798126220703,2.7630233508404736,0.35573965311050415,0.006812437903136015,0.3340945541858673,0.6783186793327332
1000147,18.163818359375,1.6316819698676377,0.832057774066925,0.06068823067814568,28.229482650756836,1.0818276586490287,77.16366577148438,2.6198913333055227,0.5250231027603149,0.01439039595425129,0.38255012035369873,0.6431799530982971
1000148,17.220687866210938,2.776689424295769,0.8062338829040527,0.10918709603474326,27.767318725585938,1.3696335928839944,76.9841537475586,5.6399137778802695,0.8934499025344849,0.025890449061989784,0.48432251811027527,1.3845915794372559
1000149,18.455467224121094,1.0848744162554294,0.8595995903015137,0.02577105213261395,27.816360473632812,0.7153718861400181,77.13237762451172,2.5128927875899136,0.34907791018486023,0.006110833026468754,0.2529659867286682,0.6169119477272034
1000150,18.096330642700195,0.8436827128510547,0.8501695394515991,0.027163980442774516,27.911205291748047,0.8834725182356837,76.37855529785156,2.507060727825004,0.2714701294898987,0.006441124249249697,0.31240883469581604,0.6154801845550537
1000151,17.139345169067383,1.2593773085539361,0.8272078633308411,0.032359620026723775,27.52048683166504,1.0780784189782384,75.29084014892578,3.2437845517731962,0.4052273631095886,0.007673114538192749,0.3812243342399597,0.7963449358940125
1000152,18.729999542236328,0.871088753848388,0.878458559513092,0.027190509698644016,27.03360366821289,0.9793313885112196,78.79972076416016,2.640278413712643,0.2802885174751282,0.006447414867579937,0.3463059365749359,0.6481849551200867
1000153,18.423139572143555,0.944317870260802,0.8757743239402771,0.029239811743132182,27.037517547607422,1.1235715141348166,78.11083984375,3.0597380407757333,0.30385130643844604,0.0069333454594016075,0.39731135964393616,0.7511617541313171
1000154,17.462968826293945,1.2018520937053785,0.85276859998703,0.03228950376707727,27.146408081054688,1.0844123298315085,75.68745422363281,3.87470775610711,0.3867175877094269,0.0076564885675907135,0.38346409797668457,0.9512357711791992
1000155,19.082969665527344,0.9549651546069556,0.8713903427124023,0.02392756244090065,27.948179244995117,0.807306721908698,78.5647201538086,2.5324012108100225,0.30727726221084595,0.005673704668879509,0.285475492477417,0.6217012405395508
1000156,19.292638778686523,0.9845599110813755,0.8731905221939087,0.021633403357487833,28.02241325378418,1.0232088534810189,78.65531921386719,2.2602301669192526,0.31679990887641907,0.00512971356511116,0.36182165145874023,0.554883599281311
1000157,19.079994201660156,0.851836374972605,0.8734621405601501,0.023601992365020148,27.7203369140625,0.8105926794127317,78.53973388671875,2.6235734871873184,0.27409371733665466,0.005596505478024483,0.28663745522499084,0.6440839171409607
1000158,17.509204864501953,0.824691894320043,0.8491538166999817,0.018744039631599017,27.444639205932617,0.9685080990043584,74.97331237792969,2.034694235623454,0.265359491109848,0.004444587510079145,0.3424786627292633,0.4995148181915283
1000159,17.7821102142334,0.7803755695029583,0.8541254997253418,0.016795701544677133,27.279014587402344,0.7745040352552199,76.0063247680664,2.347846054660089,0.25109991431236267,0.00398259749636054,0.27387598156929016,0.576393187046051
1000160,17.9412841796875,0.7965198816331702,0.8639844655990601,0.017265304133196387,26.855880737304688,0.765157146875745,77.25849914550781,2.7432689813008166,0.2562946379184723,0.004093949683010578,0.2705707848072052,0.6734690070152283
1000161,17.91407585144043,0.8053754220453286,0.8518176078796387,0.018500543520523768,27.6262149810791,0.8969211014471962,76.20000457763672,2.466813421416901,0.2591440677642822,0.0043868497014045715,0.31716445088386536,0.6055995225906372
1000162,17.58883285522461,0.8416260742336155,0.8463211059570312,0.022245604869424975,27.414762496948242,0.9566516321130568,75.52247619628906,2.155000589500015,0.2708083689212799,0.005274878814816475,0.33828604221343994,0.5290498733520508
1000163,16.930652618408203,1.1944153143984635,0.8373301029205322,0.023641119531645657,27.465896606445312,0.723279540471521,73.24996185302734,3.9939705983534477,0.38432466983795166,0.005605783313512802,0.2557622492313385,0.980514645576477
1000164,18.84050941467285,0.7929630684745618,0.8712527751922607,0.025274492175279783,27.560728073120117,0.9513220751948857,78.33138275146484,2.740731339709591,0.25515016913414,0.005993088707327843,0.33640143275260925,0.6728460192680359
1000165,19.359806060791016,0.7910818531195153,0.885286271572113,0.0229645911039293,27.41832733154297,1.0367597515097848,79.99519348144531,2.579451251598584,0.25454485416412354,0.005445364862680435,0.3666134476661682,0.633251965045929
1000166,18.839662551879883,0.9962617726532964,0.8533660769462585,0.02719252654265749,28.53614616394043,1.021635362840061,77.43145751953125,3.3460882663129987,0.32056519389152527,0.006447893101722002,0.36126524209976196,0.8214603662490845
1000167,17.25402069091797,1.3152406334356974,0.8326503038406372,0.027822789314956745,27.571077346801758,0.8256747599784512,74.91492462158203,3.519036844174705,0.42320239543914795,0.006597341038286686,0.29197070002555847,0.8639190196990967
1000168,18.451519012451172,1.0496312900694171,0.8663694262504578,0.024369153088808267,27.65384864807129,1.3584745354760313,77.177490234375,2.3185852407552923,0.3377377986907959,0.005778414662927389,0.4803765118122101,0.5692096948623657
1000169,19.24814796447754,1.0219328460945896,0.8780274391174316,0.028164553057570527,27.722204208374023,1.0084695359810076,78.80089569091797,2.442297696228036,0.32882532477378845,0.006678380072116852,0.35660961270332336,0.5995809435844421
1000170,17.608949661254883,0.9173544627222727,0.8517849445343018,0.01658211442515511,27.228824615478516,0.8779358033102562,75.4621353149414,2.046638292079668,0.29517534375190735,0.003931951709091663,0.3104509711265564,0.5024470686912537
1000171,18.400638580322266,0.7575012189336706,0.8724463582038879,0.02068799054274087,26.96101188659668,0.8157095159035982,78.14472198486328,2.537822955392271,0.24373967945575714,0.004905537236481905,0.288446843624115,0.62303227186203
1000172,17.919649124145508,1.0557383165895464,0.8457614779472351,0.024564806596323457,27.915185928344727,0.9178518981356021,76.32305908203125,2.6662399536427777,0.339702844619751,0.005824808031320572,0.3245658874511719,0.6545584797859192
1000173,17.432018280029297,0.764969211355383,0.8452858924865723,0.02197825029883691,27.175180435180664,0.941643548589799,75.57225799560547,2.7872183503747263,0.24614264070987701,0.005211483687162399,0.3329789638519287,0.6842585206031799
1000174,16.7681941986084,1.4877010580561238,0.834010660648346,0.026042410933916196,27.712282180786133,0.9933499512195075,72.10659790039062,5.450436539068749,0.4786946475505829,0.00617517763748765,0.3512631058692932,1.3380751609802246
1000175,18.890378952026367,0.794959688995892,0.882564902305603,0.02130459886866655,26.874858856201172,0.8006997467985076,78.990966796875,2.5993398840352886,0.25579261779785156,0.005051747430115938,0.283139169216156,0.6381345987319946
1000176,19.46501350402832,0.9656278139592113,0.8896383047103882,0.032085415649009144,27.10489845275879,1.043691032564614,80.33026885986328,2.6714720791968265,0.3107081651687622,0.007608095183968544,0.36906445026397705,0.6558429598808289
1000177,19.54773712158203,1.3911513917256488,0.8654297590255737,0.055405419050463256,28.466014862060547,1.027429550390455,79.03923034667969,3.066627451203653,0.44762805104255676,0.013137735426425934,0.363314151763916,0.7528530955314636
1000178,17.988927841186523,0.9789126528160073,0.850762128829956,0.021591035886458988,27.680744171142578,0.879935324759465,76.31039428710938,2.786681784366631,0.3149828016757965,0.005119667388498783,0.31115803122520447,0.6841267943382263
1000179,16.646137237548828,1.897792760722088,0.8369051218032837,0.04980646761462446,26.79454231262207,1.1592602540024868,73.91450500488281,6.004813625151908,0.610649049282074,0.011810111813247204,0.4099314212799072,1.4741740226745605
1000180,19.588407516479492,1.2500850623961697,0.8965367078781128,0.02637307319726206,27.17792510986328,1.3911405214428658,79.99580383300781,2.8177513841358204,0.4022374153137207,0.006253584288060665,0.4919276833534241,0.6917543411254883
1000181,18.129791259765625,0.7991219624851557,0.8623996376991272,0.01715111580602279,27.249143600463867,0.6674427881186167,77.20249938964844,1.782910757719903,0.2571319043636322,0.004066873341798782,0.23601755499839783,0.4377022981643677
1000182,18.244585037231445,0.9488334910288557,0.8537293076515198,0.025985391395521716,27.579862594604492,0.9559962778964479,77.0674819946289,2.8311512097253093,0.30530428886413574,0.00616165716201067,0.3380542993545532,0.6950439810752869
1000183,17.888843536376953,0.8684712979903005,0.8574556708335876,0.019356875457670873,27.053972244262695,0.7148662958692572,77.2399673461914,2.120002403949384,0.2794463038444519,0.0045899031683802605,0.25278720259666443,0.5204578638076782
1000184,17.42543601989746,0.815088721081045,0.8406885862350464,0.02014215635644662,27.793485641479492,0.7176811332510115,74.78995513916016,2.8173852567420616,0.2622694969177246,0.004776109009981155,0.25378257036209106,0.691664457321167
1000185,18.99571990966797,0.8326001120670734,0.8838270902633667,0.01955484823761051,27.009721755981445,0.9917678641112021,79.61807250976562,2.968750770415708,0.2679041028022766,0.004636846482753754,0.3507036566734314,0.7288244962692261
1000186,19.764528274536133,1.1220687789086154,0.8864802122116089,0.02414791295943182,27.685157775878906,0.9657300915856517,79.96875,2.641563744231582,0.36104586720466614,0.005725954193621874,0.3414963185787201,0.6485005021095276
1000187,19.61416244506836,1.3236931819710498,0.8807616233825684,0.030079015234821163,27.912479400634766,1.0100338402009768,79.90616607666016,2.698239682089348,0.425922155380249,0.007132337428629398,0.3571627736091614,0.6624143719673157
1000188,18.459768295288086,0.9620076483658211,0.8631546497344971,0.024318967646973555,27.356487274169922,1.0441085511846089,77.783447265625,3.015199177463066,0.30954331159591675,0.00576651468873024,0.3692120909690857,0.7402275204658508
1000189,18.280786514282227,0.9382076020225187,0.8698528409004211,0.02675353206591424,26.962366104125977,0.8933295479568683,78.21515655517578,2.3089928487128377,0.3018852174282074,0.006343798711895943,0.3158944249153137,0.5668547749519348
1000190,19.26618003845215,0.9130878059084491,0.8801321387290955,0.024414093165151276,27.64346694946289,0.868856501046745,79.0818099975586,2.379745025236361,0.2938024699687958,0.0057890708558261395,0.30724039673805237,0.5842243432998657
1000191,18.36760139465332,0.8656674896486154,0.8624218702316284,0.0225412718452148,27.25794219970703,0.8554740769221716,77.90690612792969,2.3769335164699625,0.2785441279411316,0.005344987381249666,0.3025081753730774,0.5835341215133667
1000192,17.942005157470703,0.8092676141021018,0.8579983115196228,0.02162978403566035,26.920976638793945,0.7282466130165395,77.56013488769531,2.3552249298266155,0.26039645075798035,0.005128855351358652,0.2575186789035797,0.5782046914100647
1000193,17.952106475830078,0.7657388415554105,0.8579011559486389,0.017835340447652285,27.290557861328125,0.8568468990459297,76.53787231445312,2.035335686932679,0.24639028310775757,0.004229116719216108,0.30299362540245056,0.4996722936630249
1000194,19.085506439208984,1.0551814820312015,0.8742339611053467,0.017515188553498335,27.707584381103516,0.9501187383244198,78.56002044677734,2.2989549369306297,0.33952367305755615,0.004153202287852764,0.33597591519355774,0.5643904805183411
1000195,19.44246482849121,0.8973068440730452,0.8852289915084839,0.026424103082062493,27.595191955566406,0.886505891302066,79.86027526855469,2.073406137762239,0.2887246608734131,0.006265684496611357,0.31348147988319397,0.5090185403823853
1000196,19.770465850830078,1.117459426175651,0.8834086060523987,0.022077900460254204,27.992225646972656,0.9213251237812645,79.94168090820312,2.1717310089804753,0.3595627248287201,0.005235112737864256,0.3257940709590912,0.5331571698188782
1000197,19.185405731201172,0.9680333540705434,0.8760213851928711,0.020860830343435718,27.756444931030273,0.9120159924348452,78.64105224609375,2.2405855384817044,0.31148219108581543,0.004946521017700434,0.3225022256374359,0.5500608682632446
1000198,19.555561065673828,1.0711149898608825,0.8914493322372437,0.02571554473627436,27.355451583862305,1.079052263882163,79.94877624511719,2.323933177162672,0.3446505665779114,0.0060976711101830006,0.38156870007514954,0.5705226063728333
1000199,19.05204963684082,0.8228827377285347,0.873985230922699,0.02418601697539421,27.717390060424805,0.8929341104588835,78.58003234863281,2.3449381582442728,0.26477736234664917,0.005734989419579506,0.31575459241867065,0.5756793022155762
1000200,12.654157638549805,6.048728572293319,0.7505055069923401,0.18511522064606445,24.114118576049805,6.723166985557341,67.7967300415039,15.009334237535873,1.9462875127792358,0.04389452934265137,2.377410411834717,3.684772253036499
1000201,17.530521392822266,1.0182786887708415,0.8361395001411438,0.0255860032576915,27.90259552001953,0.8962242819174993,75.0435791015625,2.9279552440771623,0.3276495337486267,0.006066954229027033,0.3169180452823639,0.7188092470169067
1000202,18.290874481201172,1.5874573393640528,0.8410444259643555,0.055360824606589934,28.182720184326172,1.1600615796058198,77.53579711914062,3.23438444944948,0.5107930302619934,0.01312716118991375,0.41021478176116943,0.7940372228622437
1000203,19.932661056518555,1.218576025041532,0.893536388874054,0.026194328187269737,27.62864875793457,0.9630414200040855,80.38969421386719,2.2045974979016605,0.3920988142490387,0.006211200263351202,0.34054556488990784,0.5412258505821228
1000204,14.827251434326172,4.213454846925822,0.727553129196167,0.15788945250787043,27.4403018951416,4.050120747581662,73.33396911621094,9.496389943634497,1.355755090713501,0.03743875399231911,1.4321820735931396,2.3313515186309814
1000205,18.535472869873047,1.04937084117087,0.8412749767303467,0.030442816975019337,28.42721939086914,0.9974132147857562,77.53324890136719,3.1925036515922987,0.3376539945602417,0.007218602113425732,0.3526999354362488,0.7837555408477783
1000206,19.263765335083008,2.105935332787102,0.8586455583572388,0.0416123740565407,28.47031593322754,1.9598238057889006,78.78401947021484,3.715042464611415,0.6776226758956909,0.009867127984762192,0.6930224299430847,0.9120381474494934
1000207,19.018085479736328,1.104186998468359,0.853573739528656,0.027640980744437632,28.578594207763672,1.0685763727910504,77.97450256347656,2.734860190746807,0.35529208183288574,0.006554230581969023,0.377864271402359,0.6714046597480774
1000208,17.16770362854004,0.8943959664117581,0.8303059935569763,0.02398451128174451,27.721046447753906,0.715932342099438,74.49970245361328,2.865593163273883,0.2877880334854126,0.005687208380550146,0.2531641721725464,0.703499436378479
1000209,19.540102005004883,1.0097468570714931,0.8819872736930847,0.02591370997065735,27.553119659423828,0.8829831095505181,80.05135345458984,2.6369541323629435,0.32490426301956177,0.00614466005936265,0.3122357726097107,0.647368848323822
1000210,19.432933807373047,1.289231031998604,0.8862237334251404,0.0278435115525713,27.26116371154785,1.222860964835644,80.20294189453125,2.086157228341036,0.41483333706855774,0.006602254696190357,0.43242156505584717,0.512148916721344
1000211,17.46491813659668,2.3848040443675393,0.8153119683265686,0.09089832309945481,27.95142936706543,1.5898746649313253,76.72980499267578,3.8628428492068414,0.7673537135124207,0.02155381441116333,0.5622029900550842,0.9483229517936707
1000212,18.29117202758789,1.1159981522523301,0.8472297787666321,0.030909689852556387,28.147981643676758,0.8660513557605295,77.16009521484375,2.852675761511582,0.3590925335884094,0.007329307030886412,0.3062484562397003,0.7003282308578491
1000213,18.785171508789062,1.0873500700994074,0.8680871725082397,0.023530208821471558,27.424259185791016,1.0321471568242129,78.77536010742188,2.4688050281881244,0.34987449645996094,0.005579484160989523,0.36498236656188965,0.6060884594917297
1000214,19.470609664916992,0.9992528596837662,0.8760924935340881,0.02077923751473884,27.871286392211914,0.8033681913980796,79.49969482421875,2.5569798186215555,0.3215276300907135,0.004927173722535372,0.2840827703475952,0.6277352571487427
1000215,18.26165771484375,0.8492910704985744,0.8558152318000793,0.02504766497558364,27.769100189208984,0.9326272870868361,77.20865631103516,2.621805732841192,0.2732747197151184,0.005939303431659937,0.3297906816005707,0.6436499357223511
1000216,19.32318115234375,1.0468739772281126,0.8729971051216125,0.029817993986475985,27.86911964416504,1.085422161907564,79.16092681884766,2.9267920369528264,0.3368505835533142,0.00707044405862689,0.38382118940353394,0.7185236811637878
1000217,17.64875602722168,1.2051924527118159,0.8164846897125244,0.05410683858542361,28.063480377197266,1.1650846134676887,77.09782409667969,2.9368425738175774,0.3877924084663391,0.012829815968871117,0.4119910001754761,0.7209910750389099
1000218,17.026718139648438,1.0639201353487775,0.817406952381134,0.03760725962297362,27.783233642578125,0.878198416959813,75.27601623535156,2.6663416826732718,0.3423354923725128,0.008917435072362423,0.31054383516311646,0.6545834541320801
1000219,16.96243667602539,2.9169176305516515,0.8229561448097229,0.08279254256501836,27.420475006103516,2.589225118917567,74.81421661376953,8.26126257984941,0.9385708570480347,0.019631771370768547,0.9155879616737366,2.0281293392181396
1000220,18.492687225341797,0.9416839279503884,0.8599646687507629,0.02521158117433378,27.717426300048828,1.0736282301022608,77.49229431152344,2.1815341427853854,0.30300378799438477,0.005978171247988939,0.37965068221092224,0.5355638265609741
1000221,19.838733673095703,1.1506571208269851,0.8909946084022522,0.023914809388297455,27.57918930053711,1.020327941291417,80.3437271118164,2.3325177477120937,0.37024468183517456,0.0056706806644797325,0.36080291867256165,0.5726301074028015
1000222,18.559619903564453,0.902071984518441,0.8603507876396179,0.02467354728445775,27.49127197265625,1.0426350998254301,78.72618103027344,2.616395642181291,0.29025793075561523,0.005850592628121376,0.3686910569667816,0.642321765422821
1000223,18.364843368530273,0.9611547986297535,0.8599169254302979,0.02330874088887645,27.623497009277344,0.8672803977539462,77.34225463867188,2.109349747763332,0.30926889181137085,0.00552696967497468,0.3066830635070801,0.5178426504135132
1000224,18.902793884277344,0.9393837899893217,0.8867170810699463,0.02787746405125572,27.00005340576172,0.8435469841520739,79.11742401123047,2.2746618502166167,0.30226367712020874,0.006610305514186621,0.29829058051109314,0.558426558971405
1000225,19.009685516357422,0.9307464635191892,0.8773360848426819,0.02591687761368922,27.3930606842041,0.7567097692413661,79.1110610961914,2.4477879076040776,0.2994844615459442,0.006145411171019077,0.2675836682319641,0.600928783416748
1000226,19.705076217651367,1.0210162734416657,0.8932040333747864,0.02868376765223615,27.17412757873535,1.2309373459086144,80.71987915039062,2.814296481739806,0.3285304009914398,0.006801496259868145,0.4352774918079376,0.6909061670303345
1000227,19.948619842529297,1.046564902557255,0.893629252910614,0.024251962079554247,27.630765914916992,1.100342342338239,80.58265686035156,2.350719717679009,0.33675113320350647,0.0057506263256073,0.3890971839427948,0.5770986676216125
1000228,19.620088577270508,1.1488711193651486,0.8918755054473877,0.02466527567103541,27.2067928314209,1.1759010763681268,80.55227661132812,2.8198872081960973,0.36967000365257263,0.005848631262779236,0.4158158600330353,0.6922786831855774
1000229,19.562978744506836,1.0154232908002478,0.886451244354248,0.026493251178029704,27.426837921142578,1.1064097627037368,80.28334045410156,2.565910122200628,0.32673075795173645,0.0062820808961987495,0.39124271273612976,0.6299276351928711
1000230,18.505903244018555,1.0943387513369158,0.8509873151779175,0.030386023276022668,27.97725486755371,1.0620030250384251,78.4034423828125,2.901769851721931,0.3521232306957245,0.007205135188996792,0.3755398392677307,0.7123807668685913
1000231,18.600383758544922,1.464088383022125,0.8659206032752991,0.03884812732085856,27.016132354736328,1.6626693818717186,79.48646545410156,3.7486183860555204,0.47109684348106384,0.00921166967600584,0.5879442691802979,0.9202809929847717
1000232,19.520191192626953,1.038560729952865,0.879827082157135,0.024156644106933176,27.80949592590332,0.9691556995445363,79.88719940185547,2.36250377549299,0.33417564630508423,0.005728024523705244,0.34270766377449036,0.5799916386604309
1000233,18.736745834350586,1.0497063126895534,0.8652004599571228,0.023240926227266732,27.912906646728516,1.022464921939094,77.35601806640625,2.3888736882853943,0.33776193857192993,0.005510889459401369,0.36155858635902405,0.5864654183387756
1000234,18.694408416748047,0.8385790444098589,0.8699087500572205,0.02280854197150629,27.325929641723633,0.9385400553191705,78.61563873291016,3.0767386855806325,0.2698279321193695,0.005408362485468388,0.3318815231323242,0.7553353905677795
1000235,19.172828674316406,1.0015216919095167,0.8925352692604065,0.028770246467209087,26.62319564819336,0.9397969936919207,80.17122650146484,2.6755373557758046,0.3222576677799225,0.006822002120316029,0.3323259949684143,0.656840980052948
1000236,18.079771041870117,0.7378486267966421,0.8691405057907104,0.021472560538368737,26.767118453979492,0.7882811383659533,77.93384552001953,1.6651560058623807,0.2374161034822464,0.0050915745086967945,0.2787477672100067,0.4087936580181122
1000237,17.899818420410156,0.7473648293685932,0.8581078052520752,0.01862698608980453,27.313207626342773,0.7957196952733762,76.33353424072266,2.4696470240777506,0.24047811329364777,0.004416831769049168,0.2813781499862671,0.6062951683998108
1000238,17.595556259155273,0.7089457455968122,0.8518094420433044,0.023193246620837264,27.441741943359375,0.6988360755225641,75.18042755126953,2.5602111113825226,0.22811608016490936,0.0054995836690068245,0.24711868166923523,0.6285285353660583
1000239,16.35505485534668,1.907405103392436,0.8379105925559998,0.029077024741371083,27.45514678955078,1.017832605946078,70.77764892578125,9.277576868793066,0.6137419939041138,0.006894745398312807,0.35992053151130676,2.2776331901550293
1000240,18.065486907958984,0.8128172028602526,0.8594055771827698,0.023494392656800006,27.417810440063477,0.8528697687113392,76.41969299316406,2.575890978321342,0.2615385949611664,0.005570991430431604,0.3015872538089752,0.6323779225349426
1000241,18.39548110961914,0.9784519583560594,0.8706359267234802,0.0223426745702447,27.133739471435547,0.7262620089665515,77.45977783203125,2.8172400682928123,0.3148345649242401,0.005297895986586809,0.25681689381599426,0.6916288137435913
1000242,16.109458923339844,1.903043603167477,0.8337982296943665,0.031967609963828914,28.193973541259766,1.3421612216605123,68.63067626953125,9.192994642713382,0.6123386025428772,0.007580161094665527,0.4746078848838806,2.256868362426758
1000243,18.225046157836914,0.7448104480837314,0.8626118898391724,0.014528127686028059,27.28660011291504,0.8971187359170968,77.07362365722656,2.1823183546433707,0.23965619504451752,0.00344491028226912,0.3172343373298645,0.5357563495635986
1000244,18.146121978759766,0.8155844260970565,0.8634432554244995,0.022686675104807208,27.200681686401367,0.8024634553493017,76.99337768554688,2.0778734746622156,0.26242899894714355,0.0053794654086232185,0.2837628424167633,0.5101152658462524
1000245,18.05621337890625,0.8505310740027526,0.8561366200447083,0.015818165530367995,27.522184371948242,1.0081945333049795,76.08576202392578,2.301939797791951,0.2736737132072449,0.0037508041132241488,0.3565123677253723,0.5651232600212097
1000246,18.164539337158203,0.8309707319023362,0.8592411279678345,0.021621850199424298,27.433259963989258,0.7701421708672833,77.13042449951172,2.049855745807847,0.2673798203468323,0.005126974079757929,0.272333562374115,0.5032369494438171
1000247,18.644460678100586,0.8881967824755356,0.8660778999328613,0.024658123435497864,27.68338966369629,0.8444121933068717,78.10338592529297,2.1892718616442033,0.28579333424568176,0.005846935324370861,0.2985965311527252,0.5374634265899658
1000248,18.311771392822266,0.6067127916191998,0.8640101552009583,0.019300172094433323,27.256084442138672,0.8691719576867614,77.50076293945312,2.1928537432357986,0.19522078335285187,0.004576457664370537,0.3073519468307495,0.5383427739143372
1000249,15.621817588806152,3.2841242732757974,0.7895339727401733,0.11829426024198698,27.39441680908203,2.4558745261668613,71.88926696777344,9.666030264289732,1.0567262172698975,0.02804994024336338,0.8684332370758057,2.372997999191284
1000250,18.71160125732422,1.0874626040296118,0.8584156632423401,0.024168568427137455,27.92810821533203,0.9646302494397223,78.18152618408203,2.1643732565482043,0.349910706281662,0.005730852019041777,0.34110739827156067,0.53135085105896
1000251,11.506875038146973,6.442802575078116,0.6960688829421997,0.17079560458457027,24.083877563476562,7.251226736382786,65.14921569824219,14.849497779055694,2.0730879306793213,0.04049906134605408,2.5641400814056396,3.6455326080322266
1000252,18.14886474609375,0.7989851619790553,0.8585699200630188,0.017718070885564242,27.219989776611328,0.8287539808706867,77.64308166503906,2.299575751085697,0.2570878863334656,0.004201309755444527,0.2930595576763153,0.5645428895950317
1000253,18.534696578979492,1.1685901204140756,0.8632863163948059,0.026514085353432738,27.59869956970215,0.930976596797934,77.69756317138672,3.298105426156518,0.37601494789123535,0.006287021096795797,0.3292069733142853,0.8096806406974792
1000254,17.295074462890625,1.203149985033736,0.8375710844993591,0.029155357627456118,27.650012969970703,0.9342840454703364,74.95623779296875,4.263005765972474,0.38713520765304565,0.006913319695740938,0.330376535654068,1.0465624332427979
1000255,17.180187225341797,0.9804719192480986,0.8398116230964661,0.017899712531311066,27.77513313293457,0.8447998771284253,73.70571899414062,3.317617248437312,0.31548452377319336,0.004244380630552769,0.2987336218357086,0.8144707679748535
1000256,17.037540435791016,1.336205380460961,0.8404642343521118,0.018025952827044226,27.614748001098633,1.0901856161671752,73.2942123413086,4.253942413446597,0.42994818091392517,0.004274314735084772,0.3855056166648865,1.0443373918533325
1000257,17.091901779174805,1.0018693893366668,0.8363907337188721,0.02987174376315437,27.687971115112305,0.8050026158222948,73.40037536621094,3.286692837117372,0.3223695456981659,0.007083189208060503,0.2846607267856598,0.8068788647651672
1000258,19.25076675415039,1.036708967922761,0.8745850324630737,0.024338419292497828,27.890316009521484,0.9500513150511061,78.7166748046875,2.173990898755746,0.33357980847358704,0.005771127063781023,0.3359520733356476,0.5337119698524475
1000259,18.221647262573242,0.9861774358197208,0.8535447716712952,0.0208836028100182,28.05778694152832,0.9251274592797892,76.21531677246094,2.3819279505661264,0.3173203766345978,0.004951920825988054,0.32713863253593445,0.5847602486610413
1000260,18.936267852783203,0.9302077825825071,0.8754362463951111,0.021388314587702822,27.151765823364258,0.8159620160621579,79.1208267211914,2.9138892025934595,0.2993111312389374,0.00507159810513258,0.2885361313819885,0.7153560519218445
1000261,19.696300506591797,1.2252181202981147,0.8894029259681702,0.02863508060571037,27.55768394470215,0.9975591018933887,80.27742767333984,2.497391856917142,0.3942360281944275,0.0067899515852332115,0.3527515232563019,0.6131064891815186
1000262,19.744251251220703,1.0531677267139143,0.8897833228111267,0.030983926208347265,27.521570205688477,0.9959919321843039,80.23121643066406,3.110161892083972,0.3388757109642029,0.007346909958869219,0.3521973490715027,0.7635407447814941
1000263,19.754281997680664,1.1213166076763605,0.8878776431083679,0.02190146686740293,27.702484130859375,0.7695699158350334,80.17057037353516,2.5700713008489267,0.36080384254455566,0.005193276796489954,0.27213120460510254,0.6309491991996765
1000264,19.355937957763672,0.8804792703764811,0.8675196170806885,0.024261327541190314,28.351518630981445,0.9993730407828014,78.39518737792969,2.740412070795272,0.28331008553504944,0.00575284706428647,0.35339295864105225,0.6727676391601562
1000265,19.269201278686523,0.9915493332830334,0.8640049695968628,0.021155269931193973,28.449214935302734,1.0709977953730194,78.260009765625,2.553080367645984,0.3190488815307617,0.005016338545829058,0.3787205219268799,0.6267779469490051
1000266,17.06905746459961,2.9446626626473784,0.8018001914024353,0.10900479847283238,28.059173583984375,1.6649793032154454,76.50798034667969,6.291442330875276,0.9474983215332031,0.02584722265601158,0.5887610912322998,1.5445410013198853
1000267,18.40997314453125,1.0580904146615964,0.8566516041755676,0.02749662616517939,28.07611846923828,0.7911474702727008,76.5902099609375,2.434304562237763,0.3404596745967865,0.006520001217722893,0.27976134419441223,0.5976186394691467
1000268,18.14986228942871,1.1812041088540235,0.8507116436958313,0.029043555342615886,27.937795639038086,0.8741469524663942,76.01602172851562,2.861476900784633,0.3800737261772156,0.006886809132993221,0.30911117792129517,0.702488899230957
1000269,16.85196876525879,1.595766511336478,0.8243051767349243,0.042587501444576695,27.279651641845703,1.152490873082702,74.5840835571289,4.6856119520694595,0.5134666562080383,0.0100983502343297,0.40753766894340515,1.1503117084503174
1000270,19.328937530517578,1.3259052378188454,0.8830493688583374,0.0321634500343249,27.690397262573242,1.1043585781713514,78.55707550048828,2.9218187255909176,0.42663392424583435,0.007626598700881004,0.39051738381385803,0.7173027396202087
1000271,19.284252166748047,1.1986289922755984,0.8822606205940247,0.0325943201842096,27.734481811523438,1.124600477564675,78.46595001220703,2.5445659634206974,0.38568049669265747,0.0077287666499614716,0.39767521619796753,0.624687671661377
1000272,17.16531753540039,1.5722394176617458,0.8522080183029175,0.0404169098967195,26.61686134338379,1.6934868745215672,75.16532897949219,4.844744804987891,0.5058963894844055,0.00958365947008133,0.5988417863845825,1.1893786191940308
1000273,19.24451446533203,0.9560416828956517,0.8773493766784668,0.022972277498738185,27.877004623413086,0.9720098952620875,78.93485260009766,2.5767934289331467,0.30762365460395813,0.005447187460958958,0.34371694922447205,0.6325994729995728
1000274,19.15970230102539,1.0193826327330688,0.8715669512748718,0.024260331884019107,27.938600540161133,1.1720917457049957,78.55838012695312,2.7435455191665272,0.32800474762916565,0.005752610974013805,0.41446882486343384,0.6735368967056274
1000275,19.382081985473633,0.9595962731618116,0.8767994046211243,0.02238641475204805,27.85015869140625,1.0669003987746557,78.99588775634766,2.2702962423471345,0.3087674081325531,0.0053082676604390144,0.3772716224193573,0.5573548078536987
1000276,17.63858985900879,0.8217406341126084,0.8476837873458862,0.0197148780348975,27.859777450561523,0.9946038555449586,74.51866149902344,2.371479723601258,0.2644098699092865,0.004674792755395174,0.35170650482177734,0.5821952223777771
1000277,17.739519119262695,0.7806729739884614,0.8490030765533447,0.01993293677449613,27.734712600708008,0.7757444549260083,75.40880584716797,1.9740752659763368,0.25119560956954956,0.004726498853415251,0.27431461215019226,0.4846329391002655
1000278,18.23464012145996,1.0486923032509707,0.8661996722221375,0.024483604567975832,27.10387420654297,0.8602000269860021,77.48257446289062,2.7600047421623537,0.33743566274642944,0.005805553402751684,0.3041793406009674,0.6775776147842407
1000279,17.948009490966797,0.7932443569898134,0.8505869507789612,0.017265335554329995,27.83985137939453,0.7086190239221952,76.1598129272461,2.692146137441761,0.25524067878723145,0.004093957133591175,0.2505780756473541,0.6609184145927429
1000280,17.49970245361328,0.7841322577408927,0.8440757393836975,0.020793009790363446,27.563575744628906,0.8847192588383452,75.35137176513672,2.387809296710965,0.2523086965084076,0.004930439405143261,0.3128497004508972,0.5862041115760803
1000281,15.955093383789062,1.9137062625197325,0.8246396780014038,0.0356699974856486,27.97258186340332,1.032713933715506,69.15116882324219,10.154005243155721,0.6157695055007935,0.008458071388304234,0.3651827871799469,2.49279522895813
1000282,19.054290771484375,0.9331641369184694,0.8752069473266602,0.022256488364578487,27.81495475769043,1.0677763956531836,78.09322357177734,2.6324826680321354,0.3002623915672302,0.005277459509670734,0.377581387758255,0.6462711095809937
1000283,19.96700668334961,0.9606011131690442,0.8912481069564819,0.026631058378572353,27.730390548706055,1.1403390079751947,80.16695404052734,2.6224542250618352,0.3090907335281372,0.0063147577457129955,0.4032405912876129,0.6438091397285461
1000284,18.626510620117188,1.2425516798882645,0.8480131030082703,0.02656143307413847,28.38592529296875,1.0374696342986862,77.49102783203125,2.97469378523297,0.3998134136199951,0.006298248190432787,0.36686447262763977,0.7302834987640381
1000285,16.890878677368164,1.3530132259870449,0.8209320306777954,0.04165337470825759,27.544328689575195,1.065542325491935,74.35967254638672,3.3560358601970113,0.43535640835762024,0.009876850061118603,0.376791387796402,0.8239024877548218
1000286,18.756704330444336,0.9664273142765152,0.8660303354263306,0.02786194004743246,28.136919021606445,1.1986231408702939,76.87509155273438,2.6280085330107896,0.3109654188156128,0.006606624461710453,0.4238507151603699,0.6451727151870728
1000287,19.398761749267578,0.9402248769195161,0.8800134658813477,0.023349759214980993,27.81526756286621,0.9320454242381391,79.04476165771484,1.9623644093621024,0.3025343120098114,0.005536695942282677,0.32958492636680603,0.4817579388618469
1000288,17.818986892700195,0.9776743164811654,0.853095293045044,0.020501115314427446,27.55936050415039,0.744935390185324,75.56007385253906,2.1498665511257267,0.314584344625473,0.004861225374042988,0.26342007517814636,0.5277894735336304
1000289,18.71390151977539,0.7909629283735214,0.873823344707489,0.021960870484309922,27.192975997924805,0.866200529752736,78.34687805175781,1.9165137514151651,0.25450658798217773,0.005207362584769726,0.30630120635032654,0.4705016613006592
1000290,17.789871215820312,1.8729089616896322,0.8374755382537842,0.032691759083349224,28.389148712158203,1.3233454930559563,75.33263397216797,8.75598615091495,0.6026422381401062,0.00775187136605382,0.4679543673992157,2.149583339691162
1000291,17.271015167236328,0.9060904183421841,0.8399322032928467,0.029048142828122674,27.589519500732422,0.9242866067824761,74.61995697021484,3.3113945394837034,0.2915509343147278,0.006887896917760372,0.3268412947654724,0.8129431009292603
1000292,16.13294792175293,2.5353887065408998,0.8314123749732971,0.04840886737466054,28.26006317138672,1.833609966518448,68.7706527709961,12.843931551180281,0.815807044506073,0.011478712782263756,0.6483913660049438,3.1531686782836914
1000293,19.31131362915039,1.0331072338125895,0.8892229199409485,0.030842156017328294,27.40481185913086,1.1669939562888403,79.0321044921875,2.401999161119613,0.33242088556289673,0.007313293404877186,0.4126661717891693,0.589687705039978
1000294,19.92684555053711,0.9869013577937764,0.8921329379081726,0.023490584808170872,27.644254684448242,1.0921384469996143,80.33985900878906,3.189632416473868,0.31755331158638,0.005570088513195515,0.38619616627693176,0.7830506563186646
1000295,19.313764572143555,1.77902713677941,0.8584994077682495,0.0498801737387857,28.492568969726562,1.622925384951506,79.06046295166016,3.274447963790556,0.5724340677261353,0.011827589012682438,0.573890209197998,0.8038727641105652
1000296,18.059667587280273,1.0216002458119855,0.8466887474060059,0.027903853875844833,28.004039764404297,0.9768674049879713,75.8976821899414,2.675564305471234,0.32871830463409424,0.006616563070565462,0.34543463587760925,0.6568475961685181
1000297,16.866418838500977,2.323976444925206,0.8326841592788696,0.051625315282305594,27.536828994750977,1.601241554579278,73.17514038085938,6.707164933505516,0.7477813363075256,0.012241397053003311,0.5662224888801575,1.646600365638733
1000298,19.837444305419922,1.0939485410916887,0.8948801159858704,0.027274272549380703,27.52662467956543,1.2767061179739538,80.07694244384766,2.994313163505432,0.3519976735115051,0.006467276718467474,0.4514620006084442,0.7351000308990479
1000299,18.434635162353516,0.7757016139582097,0.8622764348983765,0.021078460970088933,27.520048141479492,0.859292762564475,77.07232666015625,2.2892047313563824,0.2495959848165512,0.004998125601559877,0.30385851860046387,0.5619968175888062
1000300,18.444076538085938,1.2033674580116123,0.8536005616188049,0.0234730812729303,27.951261520385742,1.3238580784913234,77.19292449951172,3.1430121140718805,0.38720518350601196,0.005565938074141741,0.46813562512397766,0.7716054320335388
1000301,17.981857299804688,0.9258949081298589,0.8587225675582886,0.019286717957786498,27.0352840423584,0.8220344931731541,77.30438995361328,2.553512048352949,0.29792338609695435,0.0045732674188911915,0.29068344831466675,0.6268839240074158
1000302,17.34231948852539,0.8915594630269765,0.8377834558486938,0.0238755015501537,27.862855911254883,0.8745314336824654,74.1209487915039,3.030742839184446,0.28687533736228943,0.005661359988152981,0.30924713611602783,0.7440434694290161
1000303,19.310680389404297,1.0050819320273165,0.8838028311729431,0.024425510819576127,27.54630470275879,1.1222232172267264,79.26988220214844,2.3023816756809703,0.3234032392501831,0.005791778210550547,0.3968345820903778,0.5652317404747009
1000304,19.935184478759766,1.202147923642064,0.8876875638961792,0.026778747525634753,27.742551803588867,1.1552028056935613,80.08733367919922,2.8407421450274706,0.3868127763271332,0.006349777802824974,0.4084966480731964,0.6973985433578491
1000305,19.577268600463867,1.662631671909926,0.8784837126731873,0.0359797195272655,27.756959915161133,1.1146232658588089,79.56838989257812,2.722692524655545,0.5349817276000977,0.008531512692570686,0.394147127866745,0.6684175133705139
1000306,18.570484161376953,1.0904220148426909,0.8617979288101196,0.027451937457905248,27.841581344604492,0.9758892618503732,77.41059112548828,2.71966396158542,0.35086295008659363,0.006509404629468918,0.34508875012397766,0.6676740050315857
1000307,18.726722717285156,1.051948192344366,0.8719591498374939,0.019927813165897153,27.51103973388672,0.758838996212612,78.0001220703125,2.8701648998948914,0.3384833037853241,0.004725283943116665,0.26833659410476685,0.7046217918395996
1000308,19.341304779052734,1.2324377044887092,0.8790590763092041,0.028712732045960282,27.78533172607422,0.991213307688197,79.19932556152344,2.7125548261632346,0.39655905961990356,0.006808364298194647,0.35050755739212036,0.6659287214279175
1000309,18.416954040527344,0.8487645228498404,0.8561967015266418,0.022817349708020813,27.791284561157227,0.9334988171735069,77.13074493408203,2.870662133915063,0.27310529351234436,0.005410450976341963,0.33009886741638184,0.7047438621520996
1000310,18.078744888305664,0.800645477397034,0.8600422143936157,0.01690768842867731,27.005678176879883,0.8145709053755135,77.67344665527344,2.478800451711773,0.2576221227645874,0.004009151831269264,0.2880442142486572,0.6085423231124878
1000311,18.006023406982422,0.7334627210650093,0.8561347126960754,0.02302068371888234,27.43033218383789,0.8474448921405208,76.37492370605469,2.149200092441464,0.23600485920906067,0.005458665546029806,0.29966893792152405,0.5276258587837219
1000312,19.220569610595703,0.8272115429103972,0.8772262334823608,0.022808734425949637,27.78714370727539,1.1031992349867228,78.90077209472656,2.166589929694769,0.2661702334880829,0.005408408120274544,0.3901074230670929,0.5318950414657593
1000313,19.77777099609375,1.0359025210665556,0.8864792585372925,0.02571654235726642,27.79435157775879,1.065551933308382,80.14142608642578,2.5104311392839973,0.3333203196525574,0.006097907666116953,0.3767947852611542,0.6163076162338257
1000314,19.876293182373047,1.0722362538601042,0.8840917944908142,0.02312509221822041,28.109052658081055,0.9096272701404333,79.80549621582031,2.7793145631224525,0.3450113534927368,0.005483422894030809,0.32165753841400146,0.6823181509971619
1000315,19.179370880126953,0.9117726871636159,0.8751676082611084,0.03242128007378801,27.74981689453125,1.1677715151883303,78.6932601928711,2.6939415698534632,0.2933793067932129,0.007687735371291637,0.4129411280155182,0.6613591909408569
1000316,19.75688362121582,0.8686142114506342,0.8912234306335449,0.027952044075695435,27.705625534057617,1.044645156161094,79.83089447021484,2.4583359212790494,0.2794922888278961,0.006627989932894707,0.36940184235572815,0.6035183072090149
1000317,19.154733657836914,0.8018539899248586,0.8761686086654663,0.02493288553833404,27.761089324951172,0.9860851777990505,78.8809814453125,2.5921780631724896,0.25801098346710205,0.0059120869264006615,0.34869417548179626,0.6363763809204102
1000318,14.626298904418945,6.627445654382966,0.7707056999206543,0.1898011799855773,26.573978424072266,6.983132923171081,70.75102233886719,11.643293970583404,2.132500171661377,0.045005664229393005,2.4693381786346436,2.8584136962890625
1000319,17.377777099609375,0.9096350982128445,0.8322629332542419,0.020115619245293717,28.00454330444336,0.8613678823588866,74.82716369628906,3.4189930194101734,0.29269149899482727,0.004769816529005766,0.3045923113822937,0.839358389377594
1000320,19.029518127441406,1.0701346016705833,0.8575746417045593,0.029362580003601646,28.49030113220215,1.1083057051493175,78.20076751708984,2.552163835211342,0.3443351089954376,0.006962456274777651,0.39191314578056335,0.626552939414978
1000321,20.34524154663086,1.416748831854586,0.8995895385742188,0.02632943317032209,27.8330078125,1.4563526485082199,80.69119262695312,2.651667209326996,0.45586448907852173,0.0062432363629341125,0.5149876475334167,0.6509808897972107
1000322,12.891544342041016,4.042223589208888,0.6769928932189941,0.12291554703325093,26.582029342651367,3.411249498599724,69.67134094238281,10.727006268310806,1.3006583452224731,0.0291457399725914,1.2062678337097168,2.6334662437438965
1000323,18.548185348510742,1.1219626357942005,0.8428477644920349,0.0347409099136319,28.44999885559082,1.1009962638102901,77.5371322631836,2.8455085992677063,0.36101171374320984,0.008237766101956367,0.3893284201622009,0.6985687017440796
1000324,19.415306091308594,2.1352204588675523,0.8538476824760437,0.07327886744171963,28.760066986083984,1.512595626082839,78.80106353759766,3.0822611880331796,0.687045693397522,0.01737588830292225,0.5348759889602661,0.7566911578178406
1000325,19.146648406982422,1.0228603479687186,0.8599543571472168,0.027717463711281486,28.57729721069336,0.9779724724375825,77.99462127685547,2.9096296939753516,0.32912376523017883,0.00657236622646451,0.3458254039287567,0.714310348033905
1000326,17.08319091796875,1.0341241144872513,0.8271744847297668,0.02486332896762992,27.777524948120117,0.8420667061864722,74.3121109008789,3.394979141252409,0.33274808526039124,0.005895593669265509,0.29776713252067566,0.8334630131721497
1000327,19.714393615722656,1.1755131337038351,0.8823755979537964,0.025321953797594842,27.88132667541504,0.9671486772561714,79.77656555175781,2.6003467343681255,0.378242552280426,0.006004342809319496,0.3419979512691498,0.6383817791938782
1000328,19.8699893951416,1.2011789277755631,0.8890640735626221,0.025853296949833196,27.689586639404297,1.1006121197105854,80.12812042236328,2.9789404259784855,0.3865009844303131,0.006130334921181202,0.3891925811767578,0.7313260436058044
1000329,17.81200408935547,1.9774319579917743,0.8206427097320557,0.07587694743995696,28.167484283447266,1.553913282202193,77.30419921875,3.522291687570416,0.6362743973731995,0.017991945147514343,0.549486517906189,0.8647180795669556
1000330,18.092370986938477,1.0182768363604677,0.8416352868080139,0.02481423737400894,28.233097076416016,1.0232664161006104,76.55486297607422,3.0774743394288353,0.32764893770217896,0.00588395306840539,0.36184200644493103,0.755515992641449
1000331,19.41126251220703,1.2458074763611409,0.872445821762085,0.024452572270896117,28.21040153503418,1.0158458949187987,78.7329330444336,2.2167338440766127,0.4008610248565674,0.005798195023089647,0.3592180013656616,0.5442053079605103
1000332,19.795381546020508,1.021804751917246,0.881415843963623,0.021317697553739433,28.004587173461914,0.9513987691682799,79.8061752319336,2.3167633442282587,0.32878410816192627,0.005054853390902281,0.33642855286598206,0.5687624216079712
1000333,18.395339965820312,1.0039104677069666,0.8568938374519348,0.030908647063684767,27.814851760864258,0.7304598662421525,77.13909912109375,2.2729640194045766,0.32302629947662354,0.007329059764742851,0.258301317691803,0.5580097436904907
1000334,19.320772171020508,0.9771289668671379,0.8735474944114685,0.03174542523662337,27.93313217163086,1.057329496569596,79.25167083740234,2.9693104014784497,0.3144088685512543,0.007527476642280817,0.37388721108436584,0.7289618849754333
1000335,17.84895133972168,1.1551536617681895,0.8247016668319702,0.0402527816053175,28.261394500732422,1.2539624780243264,77.22001647949219,3.1344515797373007,0.3716915249824524,0.009544741362333298,0.44341951608657837,0.7695038318634033
1000336,16.86540985107422,1.1042869360080219,0.812437891960144,0.03735350254795447,27.67822265625,1.0321175748630464,74.79545593261719,2.835250234121087,0.35532423853874207,0.008857264183461666,0.36497190594673157,0.6960502862930298
1000337,16.707536697387695,2.9547864558219143,0.8135884404182434,0.07715586613064132,27.478578567504883,2.316151928413464,74.18101501464844,8.050303277510176,0.9507558345794678,0.018295202404260635,0.8190252780914307,1.9763391017913818
1000338,18.581222534179688,0.8588968371120956,0.8604844212532043,0.023268832121552438,27.789926528930664,0.9023206942905219,77.70753479003906,2.1558435565498364,0.2763655483722687,0.005517506506294012,0.3190738260746002,0.5292568206787109
1000339,19.69997215270996,1.1596398292113006,0.8924756050109863,0.027075188246839677,27.283775329589844,1.1131792279026131,80.75694274902344,2.6527051367860937,0.3731350302696228,0.006420069839805365,0.3936364948749542,0.6512356996536255
1000340,18.94306182861328,0.9344500801999162,0.862501859664917,0.020119491900010916,28.15583610534668,1.1405529083097825,78.22673034667969,2.299969799335081,0.300676167011261,0.004770734813064337,0.4033162295818329,0.5646396279335022
1000341,18.367525100708008,0.8788962004710873,0.8610088229179382,0.024639979694660027,27.498140335083008,0.916657579127942,77.55265045166016,2.5032967536967248,0.28280070424079895,0.005842633079737425,0.32414355874061584,0.6145561337471008
1000342,19.039051055908203,1.1351945883348264,0.8855301141738892,0.022668195550603936,27.126684188842773,1.0117587803696155,79.19512176513672,3.056125324847926,0.36526933312416077,0.005375083535909653,0.35777273774147034,0.7502748370170593
1000343,19.188213348388672,1.0539940869816375,0.8772945404052734,0.03140125581346772,27.583049774169922,0.8438322688772824,78.9979248046875,2.3812675616330865,0.3391416072845459,0.007445867173373699,0.2983914613723755,0.5845981240272522
1000344,20.491397857666016,1.5705027829363691,0.8963015079498291,0.02730751021727554,27.94565773010254,1.1803998100008901,80.95674133300781,2.68621841839758,0.5053375959396362,0.0064751580357551575,0.41740667819976807,0.6594631671905518
1000345,19.776344299316406,1.0923137889368675,0.890487551689148,0.02896982172496274,27.31363296508789,1.1096138009306944,80.4996337890625,2.1156989503324235,0.3514716625213623,0.006869325414299965,0.3923757076263428,0.5194013714790344
1000346,19.40175437927246,1.0903599590951707,0.8914681077003479,0.03038692466979305,26.964391708374023,1.0302657103823947,80.57835388183594,2.5915310276921395,0.35084298253059387,0.007205348927527666,0.36431705951690674,0.6362175345420837
1000347,20.27450942993164,1.1622932218306385,0.8904724717140198,0.025339575162086445,27.933887481689453,1.328406705346339,80.71627807617188,3.059823745662999,0.3739888072013855,0.0060085211880505085,0.46974408626556396,0.7511827945709229
1000348,18.481910705566406,1.0881826359418827,0.8437513709068298,0.029308657410688416,28.29771614074707,0.9597221722588533,77.74385070800781,2.9557872385441133,0.35014238953590393,0.006949670147150755,0.33937183022499084,0.7256419658660889
1000349,19.271615982055664,1.7173994812966604,0.8732908368110657,0.039926689153090764,27.695335388183594,1.4709750709081235,79.54197692871094,2.516872116491577,0.5526042580604553,0.009467418305575848,0.5201583504676819,0.617888867855072
1000350,19.77143096923828,1.0302374796615994,0.8785347938537598,0.024100359037536784,28.02245330810547,1.124555725367013,79.7790298461914,2.6433118325837466,0.3314974904060364,0.005714678205549717,0.39765939116477966,0.6489296555519104
1000351,18.252676010131836,1.2110292125584172,0.8604426383972168,0.02935388224105475,27.673505783081055,1.047420298090685,77.07755279541016,3.074464471192476,0.3896704912185669,0.006960393860936165,0.3703831732273102,0.7547770738601685
1000352,18.898193359375,0.925066973313318,0.8733976483345032,0.02763826674402223,27.553707122802734,0.9368741105146813,78.53755187988281,2.6185761396105676,0.29765698313713074,0.0065535870380699635,0.33129242062568665,0.6428570747375488
1000353,19.580644607543945,0.8868283143119389,0.8943754434585571,0.03009758316096271,27.27558708190918,0.929780592208441,80.13602447509766,2.305186871906097,0.28535300493240356,0.007136740256100893,0.3287840485572815,0.5659204125404358
1000354,11.656169891357422,8.946463381978722,0.7757337689399719,0.19337118634386427,20.593597412109375,11.186817592284706,68.42210388183594,13.823431099427351,2.87868595123291,0.0458521842956543,3.955822706222534,3.393634557723999
1000355,18.326923370361328,0.8139984849555834,0.8616842031478882,0.01532413693811013,27.37959098815918,0.8149801646445275,77.42880249023438,2.2853232468444302,0.26191869378089905,0.0036336600314825773,0.2881889343261719,0.561043918132782
1000356,19.622142791748047,1.14833290153106,0.8854174613952637,0.02860116149198041,27.390684127807617,1.0304723627151011,80.6099624633789,2.2710887090667824,0.36949682235717773,0.006781908683478832,0.36439013481140137,0.5575493574142456
1000357,12.905614852905273,7.266808799698321,0.7465588450431824,0.1832583102026588,24.822067260742188,7.6043291610538395,68.2503890991211,14.782821804663351,2.338226795196533,0.04345421865582466,2.689002275466919,3.6291637420654297
1000358,17.952653884887695,0.8901166205868745,0.8623530864715576,0.01740832527809713,26.924020767211914,0.9807048848677108,77.27679443359375,1.9627789733706191,0.2864110767841339,0.004127862863242626,0.3467916250228882,0.4818597137928009
1000359,19.97509002685547,1.4034224063848997,0.8871195912361145,0.03192861830084209,27.964448928833008,1.478312914301034,80.41890716552734,2.9689491298856687,0.45157647132873535,0.007570915389806032,0.522753119468689,0.7288731932640076
1000360,12.427419662475586,7.3231302256655075,0.7202050089836121,0.21132121589300704,24.90918731689453,8.508292539119557,66.74177551269531,15.561156201144286,2.356349229812622,0.050108496099710464,3.0086569786071777,3.8202438354492188
1000361,18.326866149902344,0.8804184186957039,0.864898145198822,0.01675505438071333,27.231897354125977,0.9353031482464725,77.59878540039062,2.140353794219315,0.2832905054092407,0.003972959239035845,0.33073690533638,0.5254541039466858
1000362,20.36638832092285,1.2710577747860403,0.8938673734664917,0.028622262747019112,27.969493865966797,1.4354382862426842,80.75524139404297,3.0194212964136415,0.40898576378822327,0.006786912214010954,0.5075920224189758,0.7412640452384949
1000363,2.247835159301758,2.381054210047988,0.613193154335022,0.09397972297485217,7.396062850952148,3.0876862213164915,51.010894775390625,7.318834644170678,0.7661471366882324,0.022284476086497307,1.0918511152267456,1.7967644929885864
1000364,2.0395021438598633,2.3806889147222874,0.6378771662712097,0.09223864654049282,7.199195861816406,2.7523226912960825,51.63630294799805,7.95768518639161,0.7660295963287354,0.02187163196504116,0.9732616543769836,1.9536014795303345
1000365,2.160778045654297,2.8821884556238317,0.6128506660461426,0.09152718566748765,7.40325927734375,2.8571114370056483,50.92560958862305,7.520007565218377,0.9273961186408997,0.021702930331230164,1.0103164911270142,1.8461521863937378
1000366,2.38700008392334,2.1673203225108923,0.5821628570556641,0.09331918004885895,8.55009651184082,2.934898678776736,50.03985595703125,7.253907243710597,0.6973744034767151,0.022127848118543625,1.03782320022583,1.780824899673462
1000367,2.7090530395507812,2.5646927272071616,0.7525250911712646,0.07959761027861145,5.958747863769531,3.2758918835606536,55.60449981689453,6.8429812012866575,0.8252361416816711,0.018874188885092735,1.1584033966064453,1.6799430847167969
1000368,4.855823516845703,3.8785120061630924,0.7808190584182739,0.1730293801044717,11.667726516723633,5.332635464830681,57.855224609375,22.042273401930895,1.2479811906814575,0.04102873429656029,1.8856980800628662,5.411349773406982
